regime,regimeLabel,factorKey,factorLabel,factorValue,metricKey,metricLabel,ratioMean,ratioCount
arrivals_gt_departures,Arrivals > Departures,arrivalUniformMax,Uniform Arrival Max (veh/step/boundary stream),40,sumAvgWaitTimes,Sum of Average Wait Times (Final),0.8943017575053752,1
arrivals_gt_departures,Arrivals > Departures,arrivalUniformMax,Uniform Arrival Max (veh/step/boundary stream),40,sumQueueSizes,Total Queue Size (Final),0.9585008470504943,1
arrivals_gt_departures,Arrivals > Departures,arrivalUniformMax,Uniform Arrival Max (veh/step/boundary stream),40,sumStdTotalWaitTimes,Sum of Std Total Wait Times (Final),0.7196206156471135,1
arrivals_gt_departures,Arrivals > Departures,arrivalUniformMax,Uniform Arrival Max (veh/step/boundary stream),40,sumTotalWaitTimes,Sum of Total Wait Times (Final),0.8225527663459931,1
arrivals_gt_departures,Arrivals > Departures,arrivalUniformMax,Uniform Arrival Max (veh/step/boundary stream),40,throughput,Network Throughput (Final),1.13953547020402,1
arrivals_gt_departures,Arrivals > Departures,arrivalUniformMax,Uniform Arrival Max (veh/step/boundary stream),40,totalVehiclesEntered,Total Vehicles Entered (Final),1,1
arrivals_gt_departures,Arrivals > Departures,arrivalUniformMax,Uniform Arrival Max (veh/step/boundary stream),40,vehiclesInNetwork,Vehicles In Network (Final),0.9652909774105928,1
arrivals_gt_departures,Arrivals > Departures,defaultRoadLength,Default Road Length (cells),2,sumAvgWaitTimes,Sum of Average Wait Times (Final),0.9030904809677779,1
arrivals_gt_departures,Arrivals > Departures,defaultRoadLength,Default Road Length (cells),5,sumAvgWaitTimes,Sum of Average Wait Times (Final),0.8925197278267175,1
arrivals_gt_departures,Arrivals > Departures,defaultRoadLength,Default Road Length (cells),8,sumAvgWaitTimes,Sum of Average Wait Times (Final),0.8957359815162721,1
arrivals_gt_departures,Arrivals > Departures,defaultRoadLength,Default Road Length (cells),12,sumAvgWaitTimes,Sum of Average Wait Times (Final),0.8943017575053752,1
arrivals_gt_departures,Arrivals > Departures,defaultRoadLength,Default Road Length (cells),15,sumAvgWaitTimes,Sum of Average Wait Times (Final),0.8994082858515484,1
arrivals_gt_departures,Arrivals > Departures,defaultRoadLength,Default Road Length (cells),18,sumAvgWaitTimes,Sum of Average Wait Times (Final),0.9109633567058739,1
arrivals_gt_departures,Arrivals > Departures,defaultRoadLength,Default Road Length (cells),22,sumAvgWaitTimes,Sum of Average Wait Times (Final),0.9090019904554724,1
arrivals_gt_departures,Arrivals > Departures,defaultRoadLength,Default Road Length (cells),25,sumAvgWaitTimes,Sum of Average Wait Times (Final),0.9163547799816777,1
arrivals_gt_departures,Arrivals > Departures,defaultRoadLength,Default Road Length (cells),29,sumAvgWaitTimes,Sum of Average Wait Times (Final),0.9259872313819244,1
arrivals_gt_departures,Arrivals > Departures,defaultRoadLength,Default Road Length (cells),32,sumAvgWaitTimes,Sum of Average Wait Times (Final),0.915683760479165,1
arrivals_gt_departures,Arrivals > Departures,defaultRoadLength,Default Road Length (cells),35,sumAvgWaitTimes,Sum of Average Wait Times (Final),0.9162992903234884,1
arrivals_gt_departures,Arrivals > Departures,defaultRoadLength,Default Road Length (cells),39,sumAvgWaitTimes,Sum of Average Wait Times (Final),0.9211689527371408,1
arrivals_gt_departures,Arrivals > Departures,defaultRoadLength,Default Road Length (cells),42,sumAvgWaitTimes,Sum of Average Wait Times (Final),0.920829111140931,1
arrivals_gt_departures,Arrivals > Departures,defaultRoadLength,Default Road Length (cells),45,sumAvgWaitTimes,Sum of Average Wait Times (Final),0.9210904883878714,1
arrivals_gt_departures,Arrivals > Departures,defaultRoadLength,Default Road Length (cells),49,sumAvgWaitTimes,Sum of Average Wait Times (Final),0.9137253463948877,1
arrivals_gt_departures,Arrivals > Departures,defaultRoadLength,Default Road Length (cells),52,sumAvgWaitTimes,Sum of Average Wait Times (Final),0.9248570612602484,1
arrivals_gt_departures,Arrivals > Departures,defaultRoadLength,Default Road Length (cells),56,sumAvgWaitTimes,Sum of Average Wait Times (Final),0.9185228367536672,1
arrivals_gt_departures,Arrivals > Departures,defaultRoadLength,Default Road Length (cells),59,sumAvgWaitTimes,Sum of Average Wait Times (Final),0.943247322746483,1
arrivals_gt_departures,Arrivals > Departures,defaultRoadLength,Default Road Length (cells),62,sumAvgWaitTimes,Sum of Average Wait Times (Final),0.9301474885866573,1
arrivals_gt_departures,Arrivals > Departures,defaultRoadLength,Default Road Length (cells),66,sumAvgWaitTimes,Sum of Average Wait Times (Final),0.944222917174178,1
arrivals_gt_departures,Arrivals > Departures,defaultRoadLength,Default Road Length (cells),69,sumAvgWaitTimes,Sum of Average Wait Times (Final),0.9561552720142903,1
arrivals_gt_departures,Arrivals > Departures,defaultRoadLength,Default Road Length (cells),72,sumAvgWaitTimes,Sum of Average Wait Times (Final),0.9442149680759704,1
arrivals_gt_departures,Arrivals > Departures,defaultRoadLength,Default Road Length (cells),76,sumAvgWaitTimes,Sum of Average Wait Times (Final),0.9542985972249488,1
arrivals_gt_departures,Arrivals > Departures,defaultRoadLength,Default Road Length (cells),79,sumAvgWaitTimes,Sum of Average Wait Times (Final),0.9554986480992663,1
arrivals_gt_departures,Arrivals > Departures,defaultRoadLength,Default Road Length (cells),83,sumAvgWaitTimes,Sum of Average Wait Times (Final),0.9527718890358259,1
arrivals_gt_departures,Arrivals > Departures,defaultRoadLength,Default Road Length (cells),86,sumAvgWaitTimes,Sum of Average Wait Times (Final),0.9575899315636437,1
arrivals_gt_departures,Arrivals > Departures,defaultRoadLength,Default Road Length (cells),89,sumAvgWaitTimes,Sum of Average Wait Times (Final),0.9493445449327264,1
arrivals_gt_departures,Arrivals > Departures,defaultRoadLength,Default Road Length (cells),93,sumAvgWaitTimes,Sum of Average Wait Times (Final),0.950814714938429,1
arrivals_gt_departures,Arrivals > Departures,defaultRoadLength,Default Road Length (cells),96,sumAvgWaitTimes,Sum of Average Wait Times (Final),0.963079490402917,1
arrivals_gt_departures,Arrivals > Departures,defaultRoadLength,Default Road Length (cells),100,sumAvgWaitTimes,Sum of Average Wait Times (Final),0.9697624972224881,1
arrivals_gt_departures,Arrivals > Departures,defaultRoadLength,Default Road Length (cells),2,sumQueueSizes,Total Queue Size (Final),0.9628675260212222,1
arrivals_gt_departures,Arrivals > Departures,defaultRoadLength,Default Road Length (cells),5,sumQueueSizes,Total Queue Size (Final),0.9587906882744509,1
arrivals_gt_departures,Arrivals > Departures,defaultRoadLength,Default Road Length (cells),8,sumQueueSizes,Total Queue Size (Final),0.9589775954559798,1
arrivals_gt_departures,Arrivals > Departures,defaultRoadLength,Default Road Length (cells),12,sumQueueSizes,Total Queue Size (Final),0.9585008470504943,1
arrivals_gt_departures,Arrivals > Departures,defaultRoadLength,Default Road Length (cells),15,sumQueueSizes,Total Queue Size (Final),0.9547847963640731,1
arrivals_gt_departures,Arrivals > Departures,defaultRoadLength,Default Road Length (cells),18,sumQueueSizes,Total Queue Size (Final),0.9554010674872262,1
arrivals_gt_departures,Arrivals > Departures,defaultRoadLength,Default Road Length (cells),22,sumQueueSizes,Total Queue Size (Final),0.9561936315111357,1
arrivals_gt_departures,Arrivals > Departures,defaultRoadLength,Default Road Length (cells),25,sumQueueSizes,Total Queue Size (Final),0.9570066432697881,1
arrivals_gt_departures,Arrivals > Departures,defaultRoadLength,Default Road Length (cells),29,sumQueueSizes,Total Queue Size (Final),0.9586288869291821,1
arrivals_gt_departures,Arrivals > Departures,defaultRoadLength,Default Road Length (cells),32,sumQueueSizes,Total Queue Size (Final),0.9596761289083752,1
arrivals_gt_departures,Arrivals > Departures,defaultRoadLength,Default Road Length (cells),35,sumQueueSizes,Total Queue Size (Final),0.9610107052088415,1
arrivals_gt_departures,Arrivals > Departures,defaultRoadLength,Default Road Length (cells),39,sumQueueSizes,Total Queue Size (Final),0.961875149177187,1
arrivals_gt_departures,Arrivals > Departures,defaultRoadLength,Default Road Length (cells),42,sumQueueSizes,Total Queue Size (Final),0.9589578182941904,1
arrivals_gt_departures,Arrivals > Departures,defaultRoadLength,Default Road Length (cells),45,sumQueueSizes,Total Queue Size (Final),0.9577092340951204,1
arrivals_gt_departures,Arrivals > Departures,defaultRoadLength,Default Road Length (cells),49,sumQueueSizes,Total Queue Size (Final),0.9577056965079692,1
arrivals_gt_departures,Arrivals > Departures,defaultRoadLength,Default Road Length (cells),52,sumQueueSizes,Total Queue Size (Final),0.95612640845297,1
arrivals_gt_departures,Arrivals > Departures,defaultRoadLength,Default Road Length (cells),56,sumQueueSizes,Total Queue Size (Final),0.9543604276697153,1
arrivals_gt_departures,Arrivals > Departures,defaultRoadLength,Default Road Length (cells),59,sumQueueSizes,Total Queue Size (Final),0.9554611431080348,1
arrivals_gt_departures,Arrivals > Departures,defaultRoadLength,Default Road Length (cells),62,sumQueueSizes,Total Queue Size (Final),0.956337809516417,1
arrivals_gt_departures,Arrivals > Departures,defaultRoadLength,Default Road Length (cells),66,sumQueueSizes,Total Queue Size (Final),0.9578125304049452,1
arrivals_gt_departures,Arrivals > Departures,defaultRoadLength,Default Road Length (cells),69,sumQueueSizes,Total Queue Size (Final),0.9580172537181372,1
arrivals_gt_departures,Arrivals > Departures,defaultRoadLength,Default Road Length (cells),72,sumQueueSizes,Total Queue Size (Final),0.9590098222607494,1
arrivals_gt_departures,Arrivals > Departures,defaultRoadLength,Default Road Length (cells),76,sumQueueSizes,Total Queue Size (Final),0.9614986843311034,1
arrivals_gt_departures,Arrivals > Departures,defaultRoadLength,Default Road Length (cells),79,sumQueueSizes,Total Queue Size (Final),0.9621323070658777,1
arrivals_gt_departures,Arrivals > Departures,defaultRoadLength,Default Road Length (cells),83,sumQueueSizes,Total Queue Size (Final),0.9595438679369078,1
arrivals_gt_departures,Arrivals > Departures,defaultRoadLength,Default Road Length (cells),86,sumQueueSizes,Total Queue Size (Final),0.9572150786521274,1
arrivals_gt_departures,Arrivals > Departures,defaultRoadLength,Default Road Length (cells),89,sumQueueSizes,Total Queue Size (Final),0.9554219704601055,1
arrivals_gt_departures,Arrivals > Departures,defaultRoadLength,Default Road Length (cells),93,sumQueueSizes,Total Queue Size (Final),0.9543850674222152,1
arrivals_gt_departures,Arrivals > Departures,defaultRoadLength,Default Road Length (cells),96,sumQueueSizes,Total Queue Size (Final),0.9536072663792141,1
arrivals_gt_departures,Arrivals > Departures,defaultRoadLength,Default Road Length (cells),100,sumQueueSizes,Total Queue Size (Final),0.9559826696165191,1
arrivals_gt_departures,Arrivals > Departures,defaultRoadLength,Default Road Length (cells),2,sumStdTotalWaitTimes,Sum of Std Total Wait Times (Final),0.7285653072476126,1
arrivals_gt_departures,Arrivals > Departures,defaultRoadLength,Default Road Length (cells),5,sumStdTotalWaitTimes,Sum of Std Total Wait Times (Final),0.7290813627119775,1
arrivals_gt_departures,Arrivals > Departures,defaultRoadLength,Default Road Length (cells),8,sumStdTotalWaitTimes,Sum of Std Total Wait Times (Final),0.7230192540164144,1
arrivals_gt_departures,Arrivals > Departures,defaultRoadLength,Default Road Length (cells),12,sumStdTotalWaitTimes,Sum of Std Total Wait Times (Final),0.7196206156471135,1
arrivals_gt_departures,Arrivals > Departures,defaultRoadLength,Default Road Length (cells),15,sumStdTotalWaitTimes,Sum of Std Total Wait Times (Final),0.7194746606944631,1
arrivals_gt_departures,Arrivals > Departures,defaultRoadLength,Default Road Length (cells),18,sumStdTotalWaitTimes,Sum of Std Total Wait Times (Final),0.7173206898402776,1
arrivals_gt_departures,Arrivals > Departures,defaultRoadLength,Default Road Length (cells),22,sumStdTotalWaitTimes,Sum of Std Total Wait Times (Final),0.7171401136474549,1
arrivals_gt_departures,Arrivals > Departures,defaultRoadLength,Default Road Length (cells),25,sumStdTotalWaitTimes,Sum of Std Total Wait Times (Final),0.7130840615513044,1
arrivals_gt_departures,Arrivals > Departures,defaultRoadLength,Default Road Length (cells),29,sumStdTotalWaitTimes,Sum of Std Total Wait Times (Final),0.7094299349155383,1
arrivals_gt_departures,Arrivals > Departures,defaultRoadLength,Default Road Length (cells),32,sumStdTotalWaitTimes,Sum of Std Total Wait Times (Final),0.7079192686145684,1
arrivals_gt_departures,Arrivals > Departures,defaultRoadLength,Default Road Length (cells),35,sumStdTotalWaitTimes,Sum of Std Total Wait Times (Final),0.7079431970139001,1
arrivals_gt_departures,Arrivals > Departures,defaultRoadLength,Default Road Length (cells),39,sumStdTotalWaitTimes,Sum of Std Total Wait Times (Final),0.7032060621672884,1
arrivals_gt_departures,Arrivals > Departures,defaultRoadLength,Default Road Length (cells),42,sumStdTotalWaitTimes,Sum of Std Total Wait Times (Final),0.7048061014402198,1
arrivals_gt_departures,Arrivals > Departures,defaultRoadLength,Default Road Length (cells),45,sumStdTotalWaitTimes,Sum of Std Total Wait Times (Final),0.6988208500485141,1
arrivals_gt_departures,Arrivals > Departures,defaultRoadLength,Default Road Length (cells),49,sumStdTotalWaitTimes,Sum of Std Total Wait Times (Final),0.6975284315921364,1
arrivals_gt_departures,Arrivals > Departures,defaultRoadLength,Default Road Length (cells),52,sumStdTotalWaitTimes,Sum of Std Total Wait Times (Final),0.6951491579716365,1
arrivals_gt_departures,Arrivals > Departures,defaultRoadLength,Default Road Length (cells),56,sumStdTotalWaitTimes,Sum of Std Total Wait Times (Final),0.6943992929812622,1
arrivals_gt_departures,Arrivals > Departures,defaultRoadLength,Default Road Length (cells),59,sumStdTotalWaitTimes,Sum of Std Total Wait Times (Final),0.6908742748427219,1
arrivals_gt_departures,Arrivals > Departures,defaultRoadLength,Default Road Length (cells),62,sumStdTotalWaitTimes,Sum of Std Total Wait Times (Final),0.6903549284668603,1
arrivals_gt_departures,Arrivals > Departures,defaultRoadLength,Default Road Length (cells),66,sumStdTotalWaitTimes,Sum of Std Total Wait Times (Final),0.6852688894823308,1
arrivals_gt_departures,Arrivals > Departures,defaultRoadLength,Default Road Length (cells),69,sumStdTotalWaitTimes,Sum of Std Total Wait Times (Final),0.6849609528718994,1
arrivals_gt_departures,Arrivals > Departures,defaultRoadLength,Default Road Length (cells),72,sumStdTotalWaitTimes,Sum of Std Total Wait Times (Final),0.6848108668314296,1
arrivals_gt_departures,Arrivals > Departures,defaultRoadLength,Default Road Length (cells),76,sumStdTotalWaitTimes,Sum of Std Total Wait Times (Final),0.6798920707955619,1
arrivals_gt_departures,Arrivals > Departures,defaultRoadLength,Default Road Length (cells),79,sumStdTotalWaitTimes,Sum of Std Total Wait Times (Final),0.679708588548101,1
arrivals_gt_departures,Arrivals > Departures,defaultRoadLength,Default Road Length (cells),83,sumStdTotalWaitTimes,Sum of Std Total Wait Times (Final),0.677718983493533,1
arrivals_gt_departures,Arrivals > Departures,defaultRoadLength,Default Road Length (cells),86,sumStdTotalWaitTimes,Sum of Std Total Wait Times (Final),0.6760910346795634,1
arrivals_gt_departures,Arrivals > Departures,defaultRoadLength,Default Road Length (cells),89,sumStdTotalWaitTimes,Sum of Std Total Wait Times (Final),0.673604660262818,1
arrivals_gt_departures,Arrivals > Departures,defaultRoadLength,Default Road Length (cells),93,sumStdTotalWaitTimes,Sum of Std Total Wait Times (Final),0.6717524100491402,1
arrivals_gt_departures,Arrivals > Departures,defaultRoadLength,Default Road Length (cells),96,sumStdTotalWaitTimes,Sum of Std Total Wait Times (Final),0.6717985835684629,1
arrivals_gt_departures,Arrivals > Departures,defaultRoadLength,Default Road Length (cells),100,sumStdTotalWaitTimes,Sum of Std Total Wait Times (Final),0.6693010356654474,1
arrivals_gt_departures,Arrivals > Departures,defaultRoadLength,Default Road Length (cells),2,sumTotalWaitTimes,Sum of Total Wait Times (Final),0.8249215078436901,1
arrivals_gt_departures,Arrivals > Departures,defaultRoadLength,Default Road Length (cells),5,sumTotalWaitTimes,Sum of Total Wait Times (Final),0.8229268250706973,1
arrivals_gt_departures,Arrivals > Departures,defaultRoadLength,Default Road Length (cells),8,sumTotalWaitTimes,Sum of Total Wait Times (Final),0.8247584889896223,1
arrivals_gt_departures,Arrivals > Departures,defaultRoadLength,Default Road Length (cells),12,sumTotalWaitTimes,Sum of Total Wait Times (Final),0.8225527663459931,1
arrivals_gt_departures,Arrivals > Departures,defaultRoadLength,Default Road Length (cells),15,sumTotalWaitTimes,Sum of Total Wait Times (Final),0.8206086254348467,1
arrivals_gt_departures,Arrivals > Departures,defaultRoadLength,Default Road Length (cells),18,sumTotalWaitTimes,Sum of Total Wait Times (Final),0.8195426449337851,1
arrivals_gt_departures,Arrivals > Departures,defaultRoadLength,Default Road Length (cells),22,sumTotalWaitTimes,Sum of Total Wait Times (Final),0.8184462274643504,1
arrivals_gt_departures,Arrivals > Departures,defaultRoadLength,Default Road Length (cells),25,sumTotalWaitTimes,Sum of Total Wait Times (Final),0.8173711586746997,1
arrivals_gt_departures,Arrivals > Departures,defaultRoadLength,Default Road Length (cells),29,sumTotalWaitTimes,Sum of Total Wait Times (Final),0.8172128919795317,1
arrivals_gt_departures,Arrivals > Departures,defaultRoadLength,Default Road Length (cells),32,sumTotalWaitTimes,Sum of Total Wait Times (Final),0.8178067775072638,1
arrivals_gt_departures,Arrivals > Departures,defaultRoadLength,Default Road Length (cells),35,sumTotalWaitTimes,Sum of Total Wait Times (Final),0.8157143468937103,1
arrivals_gt_departures,Arrivals > Departures,defaultRoadLength,Default Road Length (cells),39,sumTotalWaitTimes,Sum of Total Wait Times (Final),0.8135589888089156,1
arrivals_gt_departures,Arrivals > Departures,defaultRoadLength,Default Road Length (cells),42,sumTotalWaitTimes,Sum of Total Wait Times (Final),0.8127664400231107,1
arrivals_gt_departures,Arrivals > Departures,defaultRoadLength,Default Road Length (cells),45,sumTotalWaitTimes,Sum of Total Wait Times (Final),0.8120572331596588,1
arrivals_gt_departures,Arrivals > Departures,defaultRoadLength,Default Road Length (cells),49,sumTotalWaitTimes,Sum of Total Wait Times (Final),0.8107281725961962,1
arrivals_gt_departures,Arrivals > Departures,defaultRoadLength,Default Road Length (cells),52,sumTotalWaitTimes,Sum of Total Wait Times (Final),0.8108024942603468,1
arrivals_gt_departures,Arrivals > Departures,defaultRoadLength,Default Road Length (cells),56,sumTotalWaitTimes,Sum of Total Wait Times (Final),0.8086057643340944,1
arrivals_gt_departures,Arrivals > Departures,defaultRoadLength,Default Road Length (cells),59,sumTotalWaitTimes,Sum of Total Wait Times (Final),0.8080979231573927,1
arrivals_gt_departures,Arrivals > Departures,defaultRoadLength,Default Road Length (cells),62,sumTotalWaitTimes,Sum of Total Wait Times (Final),0.8080445077226678,1
arrivals_gt_departures,Arrivals > Departures,defaultRoadLength,Default Road Length (cells),66,sumTotalWaitTimes,Sum of Total Wait Times (Final),0.8078569159447172,1
arrivals_gt_departures,Arrivals > Departures,defaultRoadLength,Default Road Length (cells),69,sumTotalWaitTimes,Sum of Total Wait Times (Final),0.8074506279675618,1
arrivals_gt_departures,Arrivals > Departures,defaultRoadLength,Default Road Length (cells),72,sumTotalWaitTimes,Sum of Total Wait Times (Final),0.8062192199228583,1
arrivals_gt_departures,Arrivals > Departures,defaultRoadLength,Default Road Length (cells),76,sumTotalWaitTimes,Sum of Total Wait Times (Final),0.8055733841954423,1
arrivals_gt_departures,Arrivals > Departures,defaultRoadLength,Default Road Length (cells),79,sumTotalWaitTimes,Sum of Total Wait Times (Final),0.8038087239760557,1
arrivals_gt_departures,Arrivals > Departures,defaultRoadLength,Default Road Length (cells),83,sumTotalWaitTimes,Sum of Total Wait Times (Final),0.8029090231557932,1
arrivals_gt_departures,Arrivals > Departures,defaultRoadLength,Default Road Length (cells),86,sumTotalWaitTimes,Sum of Total Wait Times (Final),0.8021659785735603,1
arrivals_gt_departures,Arrivals > Departures,defaultRoadLength,Default Road Length (cells),89,sumTotalWaitTimes,Sum of Total Wait Times (Final),0.8011225084604501,1
arrivals_gt_departures,Arrivals > Departures,defaultRoadLength,Default Road Length (cells),93,sumTotalWaitTimes,Sum of Total Wait Times (Final),0.7995561603584238,1
arrivals_gt_departures,Arrivals > Departures,defaultRoadLength,Default Road Length (cells),96,sumTotalWaitTimes,Sum of Total Wait Times (Final),0.7990114909065257,1
arrivals_gt_departures,Arrivals > Departures,defaultRoadLength,Default Road Length (cells),100,sumTotalWaitTimes,Sum of Total Wait Times (Final),0.7988950709538193,1
arrivals_gt_departures,Arrivals > Departures,defaultRoadLength,Default Road Length (cells),2,throughput,Network Throughput (Final),1.137026736924278,1
arrivals_gt_departures,Arrivals > Departures,defaultRoadLength,Default Road Length (cells),5,throughput,Network Throughput (Final),1.1427083074938604,1
arrivals_gt_departures,Arrivals > Departures,defaultRoadLength,Default Road Length (cells),8,throughput,Network Throughput (Final),1.1415273746371735,1
arrivals_gt_departures,Arrivals > Departures,defaultRoadLength,Default Road Length (cells),12,throughput,Network Throughput (Final),1.13953547020402,1
arrivals_gt_departures,Arrivals > Departures,defaultRoadLength,Default Road Length (cells),15,throughput,Network Throughput (Final),1.1448662420382165,1
arrivals_gt_departures,Arrivals > Departures,defaultRoadLength,Default Road Length (cells),18,throughput,Network Throughput (Final),1.1379925120342307,1
arrivals_gt_departures,Arrivals > Departures,defaultRoadLength,Default Road Length (cells),22,throughput,Network Throughput (Final),1.135414523760543,1
arrivals_gt_departures,Arrivals > Departures,defaultRoadLength,Default Road Length (cells),25,throughput,Network Throughput (Final),1.1307044291694661,1
arrivals_gt_departures,Arrivals > Departures,defaultRoadLength,Default Road Length (cells),29,throughput,Network Throughput (Final),1.1228193146417444,1
arrivals_gt_departures,Arrivals > Departures,defaultRoadLength,Default Road Length (cells),32,throughput,Network Throughput (Final),1.1216731030163867,1
arrivals_gt_departures,Arrivals > Departures,defaultRoadLength,Default Road Length (cells),35,throughput,Network Throughput (Final),1.1169399483313123,1
arrivals_gt_departures,Arrivals > Departures,defaultRoadLength,Default Road Length (cells),39,throughput,Network Throughput (Final),1.1109294660514173,1
arrivals_gt_departures,Arrivals > Departures,defaultRoadLength,Default Road Length (cells),42,throughput,Network Throughput (Final),1.1204664940887619,1
arrivals_gt_departures,Arrivals > Departures,defaultRoadLength,Default Road Length (cells),45,throughput,Network Throughput (Final),1.1133520276100086,1
arrivals_gt_departures,Arrivals > Departures,defaultRoadLength,Default Road Length (cells),49,throughput,Network Throughput (Final),1.1124109589041096,1
arrivals_gt_departures,Arrivals > Departures,defaultRoadLength,Default Road Length (cells),52,throughput,Network Throughput (Final),1.117295839753467,1
arrivals_gt_departures,Arrivals > Departures,defaultRoadLength,Default Road Length (cells),56,throughput,Network Throughput (Final),1.1111972747666656,1
arrivals_gt_departures,Arrivals > Departures,defaultRoadLength,Default Road Length (cells),59,throughput,Network Throughput (Final),1.1030010598538518,1
arrivals_gt_departures,Arrivals > Departures,defaultRoadLength,Default Road Length (cells),62,throughput,Network Throughput (Final),1.0991726296958855,1
arrivals_gt_departures,Arrivals > Departures,defaultRoadLength,Default Road Length (cells),66,throughput,Network Throughput (Final),1.090806447060152,1
arrivals_gt_departures,Arrivals > Departures,defaultRoadLength,Default Road Length (cells),69,throughput,Network Throughput (Final),1.084179476998128,1
arrivals_gt_departures,Arrivals > Departures,defaultRoadLength,Default Road Length (cells),72,throughput,Network Throughput (Final),1.0867656699826127,1
arrivals_gt_departures,Arrivals > Departures,defaultRoadLength,Default Road Length (cells),76,throughput,Network Throughput (Final),1.071010645888632,1
arrivals_gt_departures,Arrivals > Departures,defaultRoadLength,Default Road Length (cells),79,throughput,Network Throughput (Final),1.0717029079673106,1
arrivals_gt_departures,Arrivals > Departures,defaultRoadLength,Default Road Length (cells),83,throughput,Network Throughput (Final),1.0690392501464558,1
arrivals_gt_departures,Arrivals > Departures,defaultRoadLength,Default Road Length (cells),86,throughput,Network Throughput (Final),1.0731815232139696,1
arrivals_gt_departures,Arrivals > Departures,defaultRoadLength,Default Road Length (cells),89,throughput,Network Throughput (Final),1.0784883720930232,1
arrivals_gt_departures,Arrivals > Departures,defaultRoadLength,Default Road Length (cells),93,throughput,Network Throughput (Final),1.0732246058882267,1
arrivals_gt_departures,Arrivals > Departures,defaultRoadLength,Default Road Length (cells),96,throughput,Network Throughput (Final),1.0707660493263997,1
arrivals_gt_departures,Arrivals > Departures,defaultRoadLength,Default Road Length (cells),100,throughput,Network Throughput (Final),1.0581381161542216,1
arrivals_gt_departures,Arrivals > Departures,defaultRoadLength,Default Road Length (cells),2,totalVehiclesEntered,Total Vehicles Entered (Final),1,1
arrivals_gt_departures,Arrivals > Departures,defaultRoadLength,Default Road Length (cells),5,totalVehiclesEntered,Total Vehicles Entered (Final),1,1
arrivals_gt_departures,Arrivals > Departures,defaultRoadLength,Default Road Length (cells),8,totalVehiclesEntered,Total Vehicles Entered (Final),1,1
arrivals_gt_departures,Arrivals > Departures,defaultRoadLength,Default Road Length (cells),12,totalVehiclesEntered,Total Vehicles Entered (Final),1,1
arrivals_gt_departures,Arrivals > Departures,defaultRoadLength,Default Road Length (cells),15,totalVehiclesEntered,Total Vehicles Entered (Final),1,1
arrivals_gt_departures,Arrivals > Departures,defaultRoadLength,Default Road Length (cells),18,totalVehiclesEntered,Total Vehicles Entered (Final),1,1
arrivals_gt_departures,Arrivals > Departures,defaultRoadLength,Default Road Length (cells),22,totalVehiclesEntered,Total Vehicles Entered (Final),1,1
arrivals_gt_departures,Arrivals > Departures,defaultRoadLength,Default Road Length (cells),25,totalVehiclesEntered,Total Vehicles Entered (Final),1,1
arrivals_gt_departures,Arrivals > Departures,defaultRoadLength,Default Road Length (cells),29,totalVehiclesEntered,Total Vehicles Entered (Final),1,1
arrivals_gt_departures,Arrivals > Departures,defaultRoadLength,Default Road Length (cells),32,totalVehiclesEntered,Total Vehicles Entered (Final),1,1
arrivals_gt_departures,Arrivals > Departures,defaultRoadLength,Default Road Length (cells),35,totalVehiclesEntered,Total Vehicles Entered (Final),1,1
arrivals_gt_departures,Arrivals > Departures,defaultRoadLength,Default Road Length (cells),39,totalVehiclesEntered,Total Vehicles Entered (Final),1,1
arrivals_gt_departures,Arrivals > Departures,defaultRoadLength,Default Road Length (cells),42,totalVehiclesEntered,Total Vehicles Entered (Final),1,1
arrivals_gt_departures,Arrivals > Departures,defaultRoadLength,Default Road Length (cells),45,totalVehiclesEntered,Total Vehicles Entered (Final),1,1
arrivals_gt_departures,Arrivals > Departures,defaultRoadLength,Default Road Length (cells),49,totalVehiclesEntered,Total Vehicles Entered (Final),1,1
arrivals_gt_departures,Arrivals > Departures,defaultRoadLength,Default Road Length (cells),52,totalVehiclesEntered,Total Vehicles Entered (Final),1,1
arrivals_gt_departures,Arrivals > Departures,defaultRoadLength,Default Road Length (cells),56,totalVehiclesEntered,Total Vehicles Entered (Final),1,1
arrivals_gt_departures,Arrivals > Departures,defaultRoadLength,Default Road Length (cells),59,totalVehiclesEntered,Total Vehicles Entered (Final),1,1
arrivals_gt_departures,Arrivals > Departures,defaultRoadLength,Default Road Length (cells),62,totalVehiclesEntered,Total Vehicles Entered (Final),1,1
arrivals_gt_departures,Arrivals > Departures,defaultRoadLength,Default Road Length (cells),66,totalVehiclesEntered,Total Vehicles Entered (Final),1,1
arrivals_gt_departures,Arrivals > Departures,defaultRoadLength,Default Road Length (cells),69,totalVehiclesEntered,Total Vehicles Entered (Final),1,1
arrivals_gt_departures,Arrivals > Departures,defaultRoadLength,Default Road Length (cells),72,totalVehiclesEntered,Total Vehicles Entered (Final),1,1
arrivals_gt_departures,Arrivals > Departures,defaultRoadLength,Default Road Length (cells),76,totalVehiclesEntered,Total Vehicles Entered (Final),1,1
arrivals_gt_departures,Arrivals > Departures,defaultRoadLength,Default Road Length (cells),79,totalVehiclesEntered,Total Vehicles Entered (Final),1,1
arrivals_gt_departures,Arrivals > Departures,defaultRoadLength,Default Road Length (cells),83,totalVehiclesEntered,Total Vehicles Entered (Final),1,1
arrivals_gt_departures,Arrivals > Departures,defaultRoadLength,Default Road Length (cells),86,totalVehiclesEntered,Total Vehicles Entered (Final),1,1
arrivals_gt_departures,Arrivals > Departures,defaultRoadLength,Default Road Length (cells),89,totalVehiclesEntered,Total Vehicles Entered (Final),1,1
arrivals_gt_departures,Arrivals > Departures,defaultRoadLength,Default Road Length (cells),93,totalVehiclesEntered,Total Vehicles Entered (Final),1,1
arrivals_gt_departures,Arrivals > Departures,defaultRoadLength,Default Road Length (cells),96,totalVehiclesEntered,Total Vehicles Entered (Final),1,1
arrivals_gt_departures,Arrivals > Departures,defaultRoadLength,Default Road Length (cells),100,totalVehiclesEntered,Total Vehicles Entered (Final),1,1
arrivals_gt_departures,Arrivals > Departures,defaultRoadLength,Default Road Length (cells),2,vehiclesInNetwork,Vehicles In Network (Final),0.9644655599979756,1
arrivals_gt_departures,Arrivals > Departures,defaultRoadLength,Default Road Length (cells),5,vehiclesInNetwork,Vehicles In Network (Final),0.9637608581993184,1
arrivals_gt_departures,Arrivals > Departures,defaultRoadLength,Default Road Length (cells),8,vehiclesInNetwork,Vehicles In Network (Final),0.9644500314267757,1
arrivals_gt_departures,Arrivals > Departures,defaultRoadLength,Default Road Length (cells),12,vehiclesInNetwork,Vehicles In Network (Final),0.9652909774105928,1
arrivals_gt_departures,Arrivals > Departures,defaultRoadLength,Default Road Length (cells),15,vehiclesInNetwork,Vehicles In Network (Final),0.9644211395747556,1
arrivals_gt_departures,Arrivals > Departures,defaultRoadLength,Default Road Length (cells),18,vehiclesInNetwork,Vehicles In Network (Final),0.9660953310680158,1
arrivals_gt_departures,Arrivals > Departures,defaultRoadLength,Default Road Length (cells),22,vehiclesInNetwork,Vehicles In Network (Final),0.9671236639696335,1
arrivals_gt_departures,Arrivals > Departures,defaultRoadLength,Default Road Length (cells),25,vehiclesInNetwork,Vehicles In Network (Final),0.9684596485539329,1
arrivals_gt_departures,Arrivals > Departures,defaultRoadLength,Default Road Length (cells),29,vehiclesInNetwork,Vehicles In Network (Final),0.9705314430934822,1
arrivals_gt_departures,Arrivals > Departures,defaultRoadLength,Default Road Length (cells),32,vehiclesInNetwork,Vehicles In Network (Final),0.9709904193106881,1
arrivals_gt_departures,Arrivals > Departures,defaultRoadLength,Default Road Length (cells),35,vehiclesInNetwork,Vehicles In Network (Final),0.9724694346180103,1
arrivals_gt_departures,Arrivals > Departures,defaultRoadLength,Default Road Length (cells),39,vehiclesInNetwork,Vehicles In Network (Final),0.973892105573449,1
arrivals_gt_departures,Arrivals > Departures,defaultRoadLength,Default Road Length (cells),42,vehiclesInNetwork,Vehicles In Network (Final),0.9720656216544034,1
arrivals_gt_departures,Arrivals > Departures,defaultRoadLength,Default Road Length (cells),45,vehiclesInNetwork,Vehicles In Network (Final),0.9740455376105102,1
arrivals_gt_departures,Arrivals > Departures,defaultRoadLength,Default Road Length (cells),49,vehiclesInNetwork,Vehicles In Network (Final),0.9747607096282079,1
arrivals_gt_departures,Arrivals > Departures,defaultRoadLength,Default Road Length (cells),52,vehiclesInNetwork,Vehicles In Network (Final),0.973801622418879,1
arrivals_gt_departures,Arrivals > Departures,defaultRoadLength,Default Road Length (cells),56,vehiclesInNetwork,Vehicles In Network (Final),0.975361598458489,1
arrivals_gt_departures,Arrivals > Departures,defaultRoadLength,Default Road Length (cells),59,vehiclesInNetwork,Vehicles In Network (Final),0.9773727100055144,1
arrivals_gt_departures,Arrivals > Departures,defaultRoadLength,Default Road Length (cells),62,vehiclesInNetwork,Vehicles In Network (Final),0.978271520258684,1
arrivals_gt_departures,Arrivals > Departures,defaultRoadLength,Default Road Length (cells),66,vehiclesInNetwork,Vehicles In Network (Final),0.9803406320086533,1
arrivals_gt_departures,Arrivals > Departures,defaultRoadLength,Default Road Length (cells),69,vehiclesInNetwork,Vehicles In Network (Final),0.9818810055797712,1
arrivals_gt_departures,Arrivals > Departures,defaultRoadLength,Default Road Length (cells),72,vehiclesInNetwork,Vehicles In Network (Final),0.9814368737841579,1
arrivals_gt_departures,Arrivals > Departures,defaultRoadLength,Default Road Length (cells),76,vehiclesInNetwork,Vehicles In Network (Final),0.984831765502021,1
arrivals_gt_departures,Arrivals > Departures,defaultRoadLength,Default Road Length (cells),79,vehiclesInNetwork,Vehicles In Network (Final),0.9848998084349438,1
arrivals_gt_departures,Arrivals > Departures,defaultRoadLength,Default Road Length (cells),83,vehiclesInNetwork,Vehicles In Network (Final),0.9857085687953239,1
arrivals_gt_departures,Arrivals > Departures,defaultRoadLength,Default Road Length (cells),86,vehiclesInNetwork,Vehicles In Network (Final),0.9849783848585025,1
arrivals_gt_departures,Arrivals > Departures,defaultRoadLength,Default Road Length (cells),89,vehiclesInNetwork,Vehicles In Network (Final),0.9843893037822211,1
arrivals_gt_departures,Arrivals > Departures,defaultRoadLength,Default Road Length (cells),93,vehiclesInNetwork,Vehicles In Network (Final),0.9854230039454266,1
arrivals_gt_departures,Arrivals > Departures,defaultRoadLength,Default Road Length (cells),96,vehiclesInNetwork,Vehicles In Network (Final),0.9859971958286446,1
arrivals_gt_departures,Arrivals > Departures,defaultRoadLength,Default Road Length (cells),100,vehiclesInNetwork,Vehicles In Network (Final),0.9885374067837382,1
arrivals_gt_departures,Arrivals > Departures,defaultRoadSpeed,Default Road Speed (cells/step),1,sumAvgWaitTimes,Sum of Average Wait Times (Final),0.9219535876711008,1
arrivals_gt_departures,Arrivals > Departures,defaultRoadSpeed,Default Road Speed (cells/step),2,sumAvgWaitTimes,Sum of Average Wait Times (Final),0.8943017575053752,1
arrivals_gt_departures,Arrivals > Departures,defaultRoadSpeed,Default Road Speed (cells/step),3,sumAvgWaitTimes,Sum of Average Wait Times (Final),0.8957359815162721,1
arrivals_gt_departures,Arrivals > Departures,defaultRoadSpeed,Default Road Speed (cells/step),4,sumAvgWaitTimes,Sum of Average Wait Times (Final),0.8925197278267175,1
arrivals_gt_departures,Arrivals > Departures,defaultRoadSpeed,Default Road Speed (cells/step),5,sumAvgWaitTimes,Sum of Average Wait Times (Final),0.8944741434783536,1
arrivals_gt_departures,Arrivals > Departures,defaultRoadSpeed,Default Road Speed (cells/step),6,sumAvgWaitTimes,Sum of Average Wait Times (Final),0.8944741434783536,1
arrivals_gt_departures,Arrivals > Departures,defaultRoadSpeed,Default Road Speed (cells/step),7,sumAvgWaitTimes,Sum of Average Wait Times (Final),0.8944741434783536,1
arrivals_gt_departures,Arrivals > Departures,defaultRoadSpeed,Default Road Speed (cells/step),8,sumAvgWaitTimes,Sum of Average Wait Times (Final),0.8944741434783536,1
arrivals_gt_departures,Arrivals > Departures,defaultRoadSpeed,Default Road Speed (cells/step),9,sumAvgWaitTimes,Sum of Average Wait Times (Final),0.9030904809677779,1
arrivals_gt_departures,Arrivals > Departures,defaultRoadSpeed,Default Road Speed (cells/step),10,sumAvgWaitTimes,Sum of Average Wait Times (Final),0.9030904809677779,1
arrivals_gt_departures,Arrivals > Departures,defaultRoadSpeed,Default Road Speed (cells/step),11,sumAvgWaitTimes,Sum of Average Wait Times (Final),0.9030904809677779,1
arrivals_gt_departures,Arrivals > Departures,defaultRoadSpeed,Default Road Speed (cells/step),12,sumAvgWaitTimes,Sum of Average Wait Times (Final),0.9030904809677779,1
arrivals_gt_departures,Arrivals > Departures,defaultRoadSpeed,Default Road Speed (cells/step),13,sumAvgWaitTimes,Sum of Average Wait Times (Final),0.9030904809677779,1
arrivals_gt_departures,Arrivals > Departures,defaultRoadSpeed,Default Road Speed (cells/step),14,sumAvgWaitTimes,Sum of Average Wait Times (Final),0.9030904809677779,1
arrivals_gt_departures,Arrivals > Departures,defaultRoadSpeed,Default Road Speed (cells/step),15,sumAvgWaitTimes,Sum of Average Wait Times (Final),0.9030904809677779,1
arrivals_gt_departures,Arrivals > Departures,defaultRoadSpeed,Default Road Speed (cells/step),16,sumAvgWaitTimes,Sum of Average Wait Times (Final),0.9030904809677779,1
arrivals_gt_departures,Arrivals > Departures,defaultRoadSpeed,Default Road Speed (cells/step),17,sumAvgWaitTimes,Sum of Average Wait Times (Final),0.9030904809677779,1
arrivals_gt_departures,Arrivals > Departures,defaultRoadSpeed,Default Road Speed (cells/step),18,sumAvgWaitTimes,Sum of Average Wait Times (Final),0.9030904809677779,1
arrivals_gt_departures,Arrivals > Departures,defaultRoadSpeed,Default Road Speed (cells/step),19,sumAvgWaitTimes,Sum of Average Wait Times (Final),0.9030904809677779,1
arrivals_gt_departures,Arrivals > Departures,defaultRoadSpeed,Default Road Speed (cells/step),20,sumAvgWaitTimes,Sum of Average Wait Times (Final),0.9030904809677779,1
arrivals_gt_departures,Arrivals > Departures,defaultRoadSpeed,Default Road Speed (cells/step),1,sumQueueSizes,Total Queue Size (Final),0.9577268474615106,1
arrivals_gt_departures,Arrivals > Departures,defaultRoadSpeed,Default Road Speed (cells/step),2,sumQueueSizes,Total Queue Size (Final),0.9585008470504943,1
arrivals_gt_departures,Arrivals > Departures,defaultRoadSpeed,Default Road Speed (cells/step),3,sumQueueSizes,Total Queue Size (Final),0.9589775954559798,1
arrivals_gt_departures,Arrivals > Departures,defaultRoadSpeed,Default Road Speed (cells/step),4,sumQueueSizes,Total Queue Size (Final),0.9587906882744509,1
arrivals_gt_departures,Arrivals > Departures,defaultRoadSpeed,Default Road Speed (cells/step),5,sumQueueSizes,Total Queue Size (Final),0.961891939724919,1
arrivals_gt_departures,Arrivals > Departures,defaultRoadSpeed,Default Road Speed (cells/step),6,sumQueueSizes,Total Queue Size (Final),0.961891939724919,1
arrivals_gt_departures,Arrivals > Departures,defaultRoadSpeed,Default Road Speed (cells/step),7,sumQueueSizes,Total Queue Size (Final),0.961891939724919,1
arrivals_gt_departures,Arrivals > Departures,defaultRoadSpeed,Default Road Speed (cells/step),8,sumQueueSizes,Total Queue Size (Final),0.961891939724919,1
arrivals_gt_departures,Arrivals > Departures,defaultRoadSpeed,Default Road Speed (cells/step),9,sumQueueSizes,Total Queue Size (Final),0.9628675260212222,1
arrivals_gt_departures,Arrivals > Departures,defaultRoadSpeed,Default Road Speed (cells/step),10,sumQueueSizes,Total Queue Size (Final),0.9628675260212222,1
arrivals_gt_departures,Arrivals > Departures,defaultRoadSpeed,Default Road Speed (cells/step),11,sumQueueSizes,Total Queue Size (Final),0.9628675260212222,1
arrivals_gt_departures,Arrivals > Departures,defaultRoadSpeed,Default Road Speed (cells/step),12,sumQueueSizes,Total Queue Size (Final),0.9628675260212222,1
arrivals_gt_departures,Arrivals > Departures,defaultRoadSpeed,Default Road Speed (cells/step),13,sumQueueSizes,Total Queue Size (Final),0.9628675260212222,1
arrivals_gt_departures,Arrivals > Departures,defaultRoadSpeed,Default Road Speed (cells/step),14,sumQueueSizes,Total Queue Size (Final),0.9628675260212222,1
arrivals_gt_departures,Arrivals > Departures,defaultRoadSpeed,Default Road Speed (cells/step),15,sumQueueSizes,Total Queue Size (Final),0.9628675260212222,1
arrivals_gt_departures,Arrivals > Departures,defaultRoadSpeed,Default Road Speed (cells/step),16,sumQueueSizes,Total Queue Size (Final),0.9628675260212222,1
arrivals_gt_departures,Arrivals > Departures,defaultRoadSpeed,Default Road Speed (cells/step),17,sumQueueSizes,Total Queue Size (Final),0.9628675260212222,1
arrivals_gt_departures,Arrivals > Departures,defaultRoadSpeed,Default Road Speed (cells/step),18,sumQueueSizes,Total Queue Size (Final),0.9628675260212222,1
arrivals_gt_departures,Arrivals > Departures,defaultRoadSpeed,Default Road Speed (cells/step),19,sumQueueSizes,Total Queue Size (Final),0.9628675260212222,1
arrivals_gt_departures,Arrivals > Departures,defaultRoadSpeed,Default Road Speed (cells/step),20,sumQueueSizes,Total Queue Size (Final),0.9628675260212222,1
arrivals_gt_departures,Arrivals > Departures,defaultRoadSpeed,Default Road Speed (cells/step),1,sumStdTotalWaitTimes,Sum of Std Total Wait Times (Final),0.7125563506009677,1
arrivals_gt_departures,Arrivals > Departures,defaultRoadSpeed,Default Road Speed (cells/step),2,sumStdTotalWaitTimes,Sum of Std Total Wait Times (Final),0.7196206156471135,1
arrivals_gt_departures,Arrivals > Departures,defaultRoadSpeed,Default Road Speed (cells/step),3,sumStdTotalWaitTimes,Sum of Std Total Wait Times (Final),0.7230192540164144,1
arrivals_gt_departures,Arrivals > Departures,defaultRoadSpeed,Default Road Speed (cells/step),4,sumStdTotalWaitTimes,Sum of Std Total Wait Times (Final),0.7290813627119775,1
arrivals_gt_departures,Arrivals > Departures,defaultRoadSpeed,Default Road Speed (cells/step),5,sumStdTotalWaitTimes,Sum of Std Total Wait Times (Final),0.7278264049545985,1
arrivals_gt_departures,Arrivals > Departures,defaultRoadSpeed,Default Road Speed (cells/step),6,sumStdTotalWaitTimes,Sum of Std Total Wait Times (Final),0.7278264049545985,1
arrivals_gt_departures,Arrivals > Departures,defaultRoadSpeed,Default Road Speed (cells/step),7,sumStdTotalWaitTimes,Sum of Std Total Wait Times (Final),0.7278264049545985,1
arrivals_gt_departures,Arrivals > Departures,defaultRoadSpeed,Default Road Speed (cells/step),8,sumStdTotalWaitTimes,Sum of Std Total Wait Times (Final),0.7278264049545985,1
arrivals_gt_departures,Arrivals > Departures,defaultRoadSpeed,Default Road Speed (cells/step),9,sumStdTotalWaitTimes,Sum of Std Total Wait Times (Final),0.7285653072476126,1
arrivals_gt_departures,Arrivals > Departures,defaultRoadSpeed,Default Road Speed (cells/step),10,sumStdTotalWaitTimes,Sum of Std Total Wait Times (Final),0.7285653072476126,1
arrivals_gt_departures,Arrivals > Departures,defaultRoadSpeed,Default Road Speed (cells/step),11,sumStdTotalWaitTimes,Sum of Std Total Wait Times (Final),0.7285653072476126,1
arrivals_gt_departures,Arrivals > Departures,defaultRoadSpeed,Default Road Speed (cells/step),12,sumStdTotalWaitTimes,Sum of Std Total Wait Times (Final),0.7285653072476126,1
arrivals_gt_departures,Arrivals > Departures,defaultRoadSpeed,Default Road Speed (cells/step),13,sumStdTotalWaitTimes,Sum of Std Total Wait Times (Final),0.7285653072476126,1
arrivals_gt_departures,Arrivals > Departures,defaultRoadSpeed,Default Road Speed (cells/step),14,sumStdTotalWaitTimes,Sum of Std Total Wait Times (Final),0.7285653072476126,1
arrivals_gt_departures,Arrivals > Departures,defaultRoadSpeed,Default Road Speed (cells/step),15,sumStdTotalWaitTimes,Sum of Std Total Wait Times (Final),0.7285653072476126,1
arrivals_gt_departures,Arrivals > Departures,defaultRoadSpeed,Default Road Speed (cells/step),16,sumStdTotalWaitTimes,Sum of Std Total Wait Times (Final),0.7285653072476126,1
arrivals_gt_departures,Arrivals > Departures,defaultRoadSpeed,Default Road Speed (cells/step),17,sumStdTotalWaitTimes,Sum of Std Total Wait Times (Final),0.7285653072476126,1
arrivals_gt_departures,Arrivals > Departures,defaultRoadSpeed,Default Road Speed (cells/step),18,sumStdTotalWaitTimes,Sum of Std Total Wait Times (Final),0.7285653072476126,1
arrivals_gt_departures,Arrivals > Departures,defaultRoadSpeed,Default Road Speed (cells/step),19,sumStdTotalWaitTimes,Sum of Std Total Wait Times (Final),0.7285653072476126,1
arrivals_gt_departures,Arrivals > Departures,defaultRoadSpeed,Default Road Speed (cells/step),20,sumStdTotalWaitTimes,Sum of Std Total Wait Times (Final),0.7285653072476126,1
arrivals_gt_departures,Arrivals > Departures,defaultRoadSpeed,Default Road Speed (cells/step),1,sumTotalWaitTimes,Sum of Total Wait Times (Final),0.8185117623832392,1
arrivals_gt_departures,Arrivals > Departures,defaultRoadSpeed,Default Road Speed (cells/step),2,sumTotalWaitTimes,Sum of Total Wait Times (Final),0.8225527663459931,1
arrivals_gt_departures,Arrivals > Departures,defaultRoadSpeed,Default Road Speed (cells/step),3,sumTotalWaitTimes,Sum of Total Wait Times (Final),0.8247584889896223,1
arrivals_gt_departures,Arrivals > Departures,defaultRoadSpeed,Default Road Speed (cells/step),4,sumTotalWaitTimes,Sum of Total Wait Times (Final),0.8229268250706973,1
arrivals_gt_departures,Arrivals > Departures,defaultRoadSpeed,Default Road Speed (cells/step),5,sumTotalWaitTimes,Sum of Total Wait Times (Final),0.8245715451695165,1
arrivals_gt_departures,Arrivals > Departures,defaultRoadSpeed,Default Road Speed (cells/step),6,sumTotalWaitTimes,Sum of Total Wait Times (Final),0.8245715451695165,1
arrivals_gt_departures,Arrivals > Departures,defaultRoadSpeed,Default Road Speed (cells/step),7,sumTotalWaitTimes,Sum of Total Wait Times (Final),0.8245715451695165,1
arrivals_gt_departures,Arrivals > Departures,defaultRoadSpeed,Default Road Speed (cells/step),8,sumTotalWaitTimes,Sum of Total Wait Times (Final),0.8245715451695165,1
arrivals_gt_departures,Arrivals > Departures,defaultRoadSpeed,Default Road Speed (cells/step),9,sumTotalWaitTimes,Sum of Total Wait Times (Final),0.8249215078436901,1
arrivals_gt_departures,Arrivals > Departures,defaultRoadSpeed,Default Road Speed (cells/step),10,sumTotalWaitTimes,Sum of Total Wait Times (Final),0.8249215078436901,1
arrivals_gt_departures,Arrivals > Departures,defaultRoadSpeed,Default Road Speed (cells/step),11,sumTotalWaitTimes,Sum of Total Wait Times (Final),0.8249215078436901,1
arrivals_gt_departures,Arrivals > Departures,defaultRoadSpeed,Default Road Speed (cells/step),12,sumTotalWaitTimes,Sum of Total Wait Times (Final),0.8249215078436901,1
arrivals_gt_departures,Arrivals > Departures,defaultRoadSpeed,Default Road Speed (cells/step),13,sumTotalWaitTimes,Sum of Total Wait Times (Final),0.8249215078436901,1
arrivals_gt_departures,Arrivals > Departures,defaultRoadSpeed,Default Road Speed (cells/step),14,sumTotalWaitTimes,Sum of Total Wait Times (Final),0.8249215078436901,1
arrivals_gt_departures,Arrivals > Departures,defaultRoadSpeed,Default Road Speed (cells/step),15,sumTotalWaitTimes,Sum of Total Wait Times (Final),0.8249215078436901,1
arrivals_gt_departures,Arrivals > Departures,defaultRoadSpeed,Default Road Speed (cells/step),16,sumTotalWaitTimes,Sum of Total Wait Times (Final),0.8249215078436901,1
arrivals_gt_departures,Arrivals > Departures,defaultRoadSpeed,Default Road Speed (cells/step),17,sumTotalWaitTimes,Sum of Total Wait Times (Final),0.8249215078436901,1
arrivals_gt_departures,Arrivals > Departures,defaultRoadSpeed,Default Road Speed (cells/step),18,sumTotalWaitTimes,Sum of Total Wait Times (Final),0.8249215078436901,1
arrivals_gt_departures,Arrivals > Departures,defaultRoadSpeed,Default Road Speed (cells/step),19,sumTotalWaitTimes,Sum of Total Wait Times (Final),0.8249215078436901,1
arrivals_gt_departures,Arrivals > Departures,defaultRoadSpeed,Default Road Speed (cells/step),20,sumTotalWaitTimes,Sum of Total Wait Times (Final),0.8249215078436901,1
arrivals_gt_departures,Arrivals > Departures,defaultRoadSpeed,Default Road Speed (cells/step),1,throughput,Network Throughput (Final),1.1309905793567268,1
arrivals_gt_departures,Arrivals > Departures,defaultRoadSpeed,Default Road Speed (cells/step),2,throughput,Network Throughput (Final),1.13953547020402,1
arrivals_gt_departures,Arrivals > Departures,defaultRoadSpeed,Default Road Speed (cells/step),3,throughput,Network Throughput (Final),1.1415273746371735,1
arrivals_gt_departures,Arrivals > Departures,defaultRoadSpeed,Default Road Speed (cells/step),4,throughput,Network Throughput (Final),1.1427083074938604,1
arrivals_gt_departures,Arrivals > Departures,defaultRoadSpeed,Default Road Speed (cells/step),5,throughput,Network Throughput (Final),1.1366199610923686,1
arrivals_gt_departures,Arrivals > Departures,defaultRoadSpeed,Default Road Speed (cells/step),6,throughput,Network Throughput (Final),1.1366199610923686,1
arrivals_gt_departures,Arrivals > Departures,defaultRoadSpeed,Default Road Speed (cells/step),7,throughput,Network Throughput (Final),1.1366199610923686,1
arrivals_gt_departures,Arrivals > Departures,defaultRoadSpeed,Default Road Speed (cells/step),8,throughput,Network Throughput (Final),1.1366199610923686,1
arrivals_gt_departures,Arrivals > Departures,defaultRoadSpeed,Default Road Speed (cells/step),9,throughput,Network Throughput (Final),1.137026736924278,1
arrivals_gt_departures,Arrivals > Departures,defaultRoadSpeed,Default Road Speed (cells/step),10,throughput,Network Throughput (Final),1.137026736924278,1
arrivals_gt_departures,Arrivals > Departures,defaultRoadSpeed,Default Road Speed (cells/step),11,throughput,Network Throughput (Final),1.137026736924278,1
arrivals_gt_departures,Arrivals > Departures,defaultRoadSpeed,Default Road Speed (cells/step),12,throughput,Network Throughput (Final),1.137026736924278,1
arrivals_gt_departures,Arrivals > Departures,defaultRoadSpeed,Default Road Speed (cells/step),13,throughput,Network Throughput (Final),1.137026736924278,1
arrivals_gt_departures,Arrivals > Departures,defaultRoadSpeed,Default Road Speed (cells/step),14,throughput,Network Throughput (Final),1.137026736924278,1
arrivals_gt_departures,Arrivals > Departures,defaultRoadSpeed,Default Road Speed (cells/step),15,throughput,Network Throughput (Final),1.137026736924278,1
arrivals_gt_departures,Arrivals > Departures,defaultRoadSpeed,Default Road Speed (cells/step),16,throughput,Network Throughput (Final),1.137026736924278,1
arrivals_gt_departures,Arrivals > Departures,defaultRoadSpeed,Default Road Speed (cells/step),17,throughput,Network Throughput (Final),1.137026736924278,1
arrivals_gt_departures,Arrivals > Departures,defaultRoadSpeed,Default Road Speed (cells/step),18,throughput,Network Throughput (Final),1.137026736924278,1
arrivals_gt_departures,Arrivals > Departures,defaultRoadSpeed,Default Road Speed (cells/step),19,throughput,Network Throughput (Final),1.137026736924278,1
arrivals_gt_departures,Arrivals > Departures,defaultRoadSpeed,Default Road Speed (cells/step),20,throughput,Network Throughput (Final),1.137026736924278,1
arrivals_gt_departures,Arrivals > Departures,defaultRoadSpeed,Default Road Speed (cells/step),1,totalVehiclesEntered,Total Vehicles Entered (Final),1,1
arrivals_gt_departures,Arrivals > Departures,defaultRoadSpeed,Default Road Speed (cells/step),2,totalVehiclesEntered,Total Vehicles Entered (Final),1,1
arrivals_gt_departures,Arrivals > Departures,defaultRoadSpeed,Default Road Speed (cells/step),3,totalVehiclesEntered,Total Vehicles Entered (Final),1,1
arrivals_gt_departures,Arrivals > Departures,defaultRoadSpeed,Default Road Speed (cells/step),4,totalVehiclesEntered,Total Vehicles Entered (Final),1,1
arrivals_gt_departures,Arrivals > Departures,defaultRoadSpeed,Default Road Speed (cells/step),5,totalVehiclesEntered,Total Vehicles Entered (Final),1,1
arrivals_gt_departures,Arrivals > Departures,defaultRoadSpeed,Default Road Speed (cells/step),6,totalVehiclesEntered,Total Vehicles Entered (Final),1,1
arrivals_gt_departures,Arrivals > Departures,defaultRoadSpeed,Default Road Speed (cells/step),7,totalVehiclesEntered,Total Vehicles Entered (Final),1,1
arrivals_gt_departures,Arrivals > Departures,defaultRoadSpeed,Default Road Speed (cells/step),8,totalVehiclesEntered,Total Vehicles Entered (Final),1,1
arrivals_gt_departures,Arrivals > Departures,defaultRoadSpeed,Default Road Speed (cells/step),9,totalVehiclesEntered,Total Vehicles Entered (Final),1,1
arrivals_gt_departures,Arrivals > Departures,defaultRoadSpeed,Default Road Speed (cells/step),10,totalVehiclesEntered,Total Vehicles Entered (Final),1,1
arrivals_gt_departures,Arrivals > Departures,defaultRoadSpeed,Default Road Speed (cells/step),11,totalVehiclesEntered,Total Vehicles Entered (Final),1,1
arrivals_gt_departures,Arrivals > Departures,defaultRoadSpeed,Default Road Speed (cells/step),12,totalVehiclesEntered,Total Vehicles Entered (Final),1,1
arrivals_gt_departures,Arrivals > Departures,defaultRoadSpeed,Default Road Speed (cells/step),13,totalVehiclesEntered,Total Vehicles Entered (Final),1,1
arrivals_gt_departures,Arrivals > Departures,defaultRoadSpeed,Default Road Speed (cells/step),14,totalVehiclesEntered,Total Vehicles Entered (Final),1,1
arrivals_gt_departures,Arrivals > Departures,defaultRoadSpeed,Default Road Speed (cells/step),15,totalVehiclesEntered,Total Vehicles Entered (Final),1,1
arrivals_gt_departures,Arrivals > Departures,defaultRoadSpeed,Default Road Speed (cells/step),16,totalVehiclesEntered,Total Vehicles Entered (Final),1,1
arrivals_gt_departures,Arrivals > Departures,defaultRoadSpeed,Default Road Speed (cells/step),17,totalVehiclesEntered,Total Vehicles Entered (Final),1,1
arrivals_gt_departures,Arrivals > Departures,defaultRoadSpeed,Default Road Speed (cells/step),18,totalVehiclesEntered,Total Vehicles Entered (Final),1,1
arrivals_gt_departures,Arrivals > Departures,defaultRoadSpeed,Default Road Speed (cells/step),19,totalVehiclesEntered,Total Vehicles Entered (Final),1,1
arrivals_gt_departures,Arrivals > Departures,defaultRoadSpeed,Default Road Speed (cells/step),20,totalVehiclesEntered,Total Vehicles Entered (Final),1,1
arrivals_gt_departures,Arrivals > Departures,defaultRoadSpeed,Default Road Speed (cells/step),1,vehiclesInNetwork,Vehicles In Network (Final),0.9681275646911128,1
arrivals_gt_departures,Arrivals > Departures,defaultRoadSpeed,Default Road Speed (cells/step),2,vehiclesInNetwork,Vehicles In Network (Final),0.9652909774105928,1
arrivals_gt_departures,Arrivals > Departures,defaultRoadSpeed,Default Road Speed (cells/step),3,vehiclesInNetwork,Vehicles In Network (Final),0.9644500314267757,1
arrivals_gt_departures,Arrivals > Departures,defaultRoadSpeed,Default Road Speed (cells/step),4,vehiclesInNetwork,Vehicles In Network (Final),0.9637608581993184,1
arrivals_gt_departures,Arrivals > Departures,defaultRoadSpeed,Default Road Speed (cells/step),5,vehiclesInNetwork,Vehicles In Network (Final),0.9649869047994699,1
arrivals_gt_departures,Arrivals > Departures,defaultRoadSpeed,Default Road Speed (cells/step),6,vehiclesInNetwork,Vehicles In Network (Final),0.9649869047994699,1
arrivals_gt_departures,Arrivals > Departures,defaultRoadSpeed,Default Road Speed (cells/step),7,vehiclesInNetwork,Vehicles In Network (Final),0.9649869047994699,1
arrivals_gt_departures,Arrivals > Departures,defaultRoadSpeed,Default Road Speed (cells/step),8,vehiclesInNetwork,Vehicles In Network (Final),0.9649869047994699,1
arrivals_gt_departures,Arrivals > Departures,defaultRoadSpeed,Default Road Speed (cells/step),9,vehiclesInNetwork,Vehicles In Network (Final),0.9644655599979756,1
arrivals_gt_departures,Arrivals > Departures,defaultRoadSpeed,Default Road Speed (cells/step),10,vehiclesInNetwork,Vehicles In Network (Final),0.9644655599979756,1
arrivals_gt_departures,Arrivals > Departures,defaultRoadSpeed,Default Road Speed (cells/step),11,vehiclesInNetwork,Vehicles In Network (Final),0.9644655599979756,1
arrivals_gt_departures,Arrivals > Departures,defaultRoadSpeed,Default Road Speed (cells/step),12,vehiclesInNetwork,Vehicles In Network (Final),0.9644655599979756,1
arrivals_gt_departures,Arrivals > Departures,defaultRoadSpeed,Default Road Speed (cells/step),13,vehiclesInNetwork,Vehicles In Network (Final),0.9644655599979756,1
arrivals_gt_departures,Arrivals > Departures,defaultRoadSpeed,Default Road Speed (cells/step),14,vehiclesInNetwork,Vehicles In Network (Final),0.9644655599979756,1
arrivals_gt_departures,Arrivals > Departures,defaultRoadSpeed,Default Road Speed (cells/step),15,vehiclesInNetwork,Vehicles In Network (Final),0.9644655599979756,1
arrivals_gt_departures,Arrivals > Departures,defaultRoadSpeed,Default Road Speed (cells/step),16,vehiclesInNetwork,Vehicles In Network (Final),0.9644655599979756,1
arrivals_gt_departures,Arrivals > Departures,defaultRoadSpeed,Default Road Speed (cells/step),17,vehiclesInNetwork,Vehicles In Network (Final),0.9644655599979756,1
arrivals_gt_departures,Arrivals > Departures,defaultRoadSpeed,Default Road Speed (cells/step),18,vehiclesInNetwork,Vehicles In Network (Final),0.9644655599979756,1
arrivals_gt_departures,Arrivals > Departures,defaultRoadSpeed,Default Road Speed (cells/step),19,vehiclesInNetwork,Vehicles In Network (Final),0.9644655599979756,1
arrivals_gt_departures,Arrivals > Departures,defaultRoadSpeed,Default Road Speed (cells/step),20,vehiclesInNetwork,Vehicles In Network (Final),0.9644655599979756,1
arrivals_gt_departures,Arrivals > Departures,fixedCycleInterval,Fixed Cycle Interval (steps),1,sumAvgWaitTimes,Sum of Average Wait Times (Final),0.9209022699247148,1
arrivals_gt_departures,Arrivals > Departures,fixedCycleInterval,Fixed Cycle Interval (steps),2,sumAvgWaitTimes,Sum of Average Wait Times (Final),0.9416088890589228,1
arrivals_gt_departures,Arrivals > Departures,fixedCycleInterval,Fixed Cycle Interval (steps),4,sumAvgWaitTimes,Sum of Average Wait Times (Final),0.9120194258980819,1
arrivals_gt_departures,Arrivals > Departures,fixedCycleInterval,Fixed Cycle Interval (steps),5,sumAvgWaitTimes,Sum of Average Wait Times (Final),0.8943017575053752,1
arrivals_gt_departures,Arrivals > Departures,fixedCycleInterval,Fixed Cycle Interval (steps),7,sumAvgWaitTimes,Sum of Average Wait Times (Final),0.9010767596592938,1
arrivals_gt_departures,Arrivals > Departures,fixedCycleInterval,Fixed Cycle Interval (steps),8,sumAvgWaitTimes,Sum of Average Wait Times (Final),0.9290058069066931,1
arrivals_gt_departures,Arrivals > Departures,fixedCycleInterval,Fixed Cycle Interval (steps),10,sumAvgWaitTimes,Sum of Average Wait Times (Final),0.9526981995841568,1
arrivals_gt_departures,Arrivals > Departures,fixedCycleInterval,Fixed Cycle Interval (steps),11,sumAvgWaitTimes,Sum of Average Wait Times (Final),0.9070919732199114,1
arrivals_gt_departures,Arrivals > Departures,fixedCycleInterval,Fixed Cycle Interval (steps),13,sumAvgWaitTimes,Sum of Average Wait Times (Final),0.9428940022205221,1
arrivals_gt_departures,Arrivals > Departures,fixedCycleInterval,Fixed Cycle Interval (steps),14,sumAvgWaitTimes,Sum of Average Wait Times (Final),0.8507454132575643,1
arrivals_gt_departures,Arrivals > Departures,fixedCycleInterval,Fixed Cycle Interval (steps),16,sumAvgWaitTimes,Sum of Average Wait Times (Final),0.8676339398714825,1
arrivals_gt_departures,Arrivals > Departures,fixedCycleInterval,Fixed Cycle Interval (steps),17,sumAvgWaitTimes,Sum of Average Wait Times (Final),0.9146056015776315,1
arrivals_gt_departures,Arrivals > Departures,fixedCycleInterval,Fixed Cycle Interval (steps),19,sumAvgWaitTimes,Sum of Average Wait Times (Final),0.9443648777693645,1
arrivals_gt_departures,Arrivals > Departures,fixedCycleInterval,Fixed Cycle Interval (steps),20,sumAvgWaitTimes,Sum of Average Wait Times (Final),0.8454341761196497,1
arrivals_gt_departures,Arrivals > Departures,fixedCycleInterval,Fixed Cycle Interval (steps),22,sumAvgWaitTimes,Sum of Average Wait Times (Final),0.90155583541166,1
arrivals_gt_departures,Arrivals > Departures,fixedCycleInterval,Fixed Cycle Interval (steps),23,sumAvgWaitTimes,Sum of Average Wait Times (Final),0.967866768574628,1
arrivals_gt_departures,Arrivals > Departures,fixedCycleInterval,Fixed Cycle Interval (steps),25,sumAvgWaitTimes,Sum of Average Wait Times (Final),0.7678010225388094,1
arrivals_gt_departures,Arrivals > Departures,fixedCycleInterval,Fixed Cycle Interval (steps),26,sumAvgWaitTimes,Sum of Average Wait Times (Final),0.8133650048957518,1
arrivals_gt_departures,Arrivals > Departures,fixedCycleInterval,Fixed Cycle Interval (steps),28,sumAvgWaitTimes,Sum of Average Wait Times (Final),0.9657403023215887,1
arrivals_gt_departures,Arrivals > Departures,fixedCycleInterval,Fixed Cycle Interval (steps),30,sumAvgWaitTimes,Sum of Average Wait Times (Final),0.8147192341343001,1
arrivals_gt_departures,Arrivals > Departures,fixedCycleInterval,Fixed Cycle Interval (steps),1,sumQueueSizes,Total Queue Size (Final),0.9656370311822748,1
arrivals_gt_departures,Arrivals > Departures,fixedCycleInterval,Fixed Cycle Interval (steps),2,sumQueueSizes,Total Queue Size (Final),0.9677541002467179,1
arrivals_gt_departures,Arrivals > Departures,fixedCycleInterval,Fixed Cycle Interval (steps),4,sumQueueSizes,Total Queue Size (Final),0.962365044444727,1
arrivals_gt_departures,Arrivals > Departures,fixedCycleInterval,Fixed Cycle Interval (steps),5,sumQueueSizes,Total Queue Size (Final),0.9585008470504943,1
arrivals_gt_departures,Arrivals > Departures,fixedCycleInterval,Fixed Cycle Interval (steps),7,sumQueueSizes,Total Queue Size (Final),0.955958402000341,1
arrivals_gt_departures,Arrivals > Departures,fixedCycleInterval,Fixed Cycle Interval (steps),8,sumQueueSizes,Total Queue Size (Final),0.9602006752519526,1
arrivals_gt_departures,Arrivals > Departures,fixedCycleInterval,Fixed Cycle Interval (steps),10,sumQueueSizes,Total Queue Size (Final),0.961658807176994,1
arrivals_gt_departures,Arrivals > Departures,fixedCycleInterval,Fixed Cycle Interval (steps),11,sumQueueSizes,Total Queue Size (Final),0.9600400740609227,1
arrivals_gt_departures,Arrivals > Departures,fixedCycleInterval,Fixed Cycle Interval (steps),13,sumQueueSizes,Total Queue Size (Final),0.9581892983309845,1
arrivals_gt_departures,Arrivals > Departures,fixedCycleInterval,Fixed Cycle Interval (steps),14,sumQueueSizes,Total Queue Size (Final),0.9470599653119111,1
arrivals_gt_departures,Arrivals > Departures,fixedCycleInterval,Fixed Cycle Interval (steps),16,sumQueueSizes,Total Queue Size (Final),0.9528957723107094,1
arrivals_gt_departures,Arrivals > Departures,fixedCycleInterval,Fixed Cycle Interval (steps),17,sumQueueSizes,Total Queue Size (Final),0.956464530168651,1
arrivals_gt_departures,Arrivals > Departures,fixedCycleInterval,Fixed Cycle Interval (steps),19,sumQueueSizes,Total Queue Size (Final),0.9564673947351808,1
arrivals_gt_departures,Arrivals > Departures,fixedCycleInterval,Fixed Cycle Interval (steps),20,sumQueueSizes,Total Queue Size (Final),0.9536337062796089,1
arrivals_gt_departures,Arrivals > Departures,fixedCycleInterval,Fixed Cycle Interval (steps),22,sumQueueSizes,Total Queue Size (Final),0.9457276702061211,1
arrivals_gt_departures,Arrivals > Departures,fixedCycleInterval,Fixed Cycle Interval (steps),23,sumQueueSizes,Total Queue Size (Final),0.9557478555603947,1
arrivals_gt_departures,Arrivals > Departures,fixedCycleInterval,Fixed Cycle Interval (steps),25,sumQueueSizes,Total Queue Size (Final),0.9386308235279524,1
arrivals_gt_departures,Arrivals > Departures,fixedCycleInterval,Fixed Cycle Interval (steps),26,sumQueueSizes,Total Queue Size (Final),0.9499350743038523,1
arrivals_gt_departures,Arrivals > Departures,fixedCycleInterval,Fixed Cycle Interval (steps),28,sumQueueSizes,Total Queue Size (Final),0.954082371990751,1
arrivals_gt_departures,Arrivals > Departures,fixedCycleInterval,Fixed Cycle Interval (steps),30,sumQueueSizes,Total Queue Size (Final),0.9479880150375,1
arrivals_gt_departures,Arrivals > Departures,fixedCycleInterval,Fixed Cycle Interval (steps),1,sumStdTotalWaitTimes,Sum of Std Total Wait Times (Final),0.722313495806291,1
arrivals_gt_departures,Arrivals > Departures,fixedCycleInterval,Fixed Cycle Interval (steps),2,sumStdTotalWaitTimes,Sum of Std Total Wait Times (Final),0.7207104981896967,1
arrivals_gt_departures,Arrivals > Departures,fixedCycleInterval,Fixed Cycle Interval (steps),4,sumStdTotalWaitTimes,Sum of Std Total Wait Times (Final),0.7224025737777875,1
arrivals_gt_departures,Arrivals > Departures,fixedCycleInterval,Fixed Cycle Interval (steps),5,sumStdTotalWaitTimes,Sum of Std Total Wait Times (Final),0.7196206156471135,1
arrivals_gt_departures,Arrivals > Departures,fixedCycleInterval,Fixed Cycle Interval (steps),7,sumStdTotalWaitTimes,Sum of Std Total Wait Times (Final),0.7191773575445924,1
arrivals_gt_departures,Arrivals > Departures,fixedCycleInterval,Fixed Cycle Interval (steps),8,sumStdTotalWaitTimes,Sum of Std Total Wait Times (Final),0.7239630800916081,1
arrivals_gt_departures,Arrivals > Departures,fixedCycleInterval,Fixed Cycle Interval (steps),10,sumStdTotalWaitTimes,Sum of Std Total Wait Times (Final),0.7247413715641806,1
arrivals_gt_departures,Arrivals > Departures,fixedCycleInterval,Fixed Cycle Interval (steps),11,sumStdTotalWaitTimes,Sum of Std Total Wait Times (Final),0.7266754973720245,1
arrivals_gt_departures,Arrivals > Departures,fixedCycleInterval,Fixed Cycle Interval (steps),13,sumStdTotalWaitTimes,Sum of Std Total Wait Times (Final),0.7247393267642978,1
arrivals_gt_departures,Arrivals > Departures,fixedCycleInterval,Fixed Cycle Interval (steps),14,sumStdTotalWaitTimes,Sum of Std Total Wait Times (Final),0.7251920900059312,1
arrivals_gt_departures,Arrivals > Departures,fixedCycleInterval,Fixed Cycle Interval (steps),16,sumStdTotalWaitTimes,Sum of Std Total Wait Times (Final),0.7242950602921346,1
arrivals_gt_departures,Arrivals > Departures,fixedCycleInterval,Fixed Cycle Interval (steps),17,sumStdTotalWaitTimes,Sum of Std Total Wait Times (Final),0.7284201944136912,1
arrivals_gt_departures,Arrivals > Departures,fixedCycleInterval,Fixed Cycle Interval (steps),19,sumStdTotalWaitTimes,Sum of Std Total Wait Times (Final),0.7291368503255924,1
arrivals_gt_departures,Arrivals > Departures,fixedCycleInterval,Fixed Cycle Interval (steps),20,sumStdTotalWaitTimes,Sum of Std Total Wait Times (Final),0.727976417477551,1
arrivals_gt_departures,Arrivals > Departures,fixedCycleInterval,Fixed Cycle Interval (steps),22,sumStdTotalWaitTimes,Sum of Std Total Wait Times (Final),0.7279948144723772,1
arrivals_gt_departures,Arrivals > Departures,fixedCycleInterval,Fixed Cycle Interval (steps),23,sumStdTotalWaitTimes,Sum of Std Total Wait Times (Final),0.730385098779874,1
arrivals_gt_departures,Arrivals > Departures,fixedCycleInterval,Fixed Cycle Interval (steps),25,sumStdTotalWaitTimes,Sum of Std Total Wait Times (Final),0.7262234322056167,1
arrivals_gt_departures,Arrivals > Departures,fixedCycleInterval,Fixed Cycle Interval (steps),26,sumStdTotalWaitTimes,Sum of Std Total Wait Times (Final),0.7268957226477403,1
arrivals_gt_departures,Arrivals > Departures,fixedCycleInterval,Fixed Cycle Interval (steps),28,sumStdTotalWaitTimes,Sum of Std Total Wait Times (Final),0.7307923806400904,1
arrivals_gt_departures,Arrivals > Departures,fixedCycleInterval,Fixed Cycle Interval (steps),30,sumStdTotalWaitTimes,Sum of Std Total Wait Times (Final),0.7283821320721071,1
arrivals_gt_departures,Arrivals > Departures,fixedCycleInterval,Fixed Cycle Interval (steps),1,sumTotalWaitTimes,Sum of Total Wait Times (Final),0.8249290214430358,1
arrivals_gt_departures,Arrivals > Departures,fixedCycleInterval,Fixed Cycle Interval (steps),2,sumTotalWaitTimes,Sum of Total Wait Times (Final),0.8275070193373294,1
arrivals_gt_departures,Arrivals > Departures,fixedCycleInterval,Fixed Cycle Interval (steps),4,sumTotalWaitTimes,Sum of Total Wait Times (Final),0.8261967284924271,1
arrivals_gt_departures,Arrivals > Departures,fixedCycleInterval,Fixed Cycle Interval (steps),5,sumTotalWaitTimes,Sum of Total Wait Times (Final),0.8225527663459931,1
arrivals_gt_departures,Arrivals > Departures,fixedCycleInterval,Fixed Cycle Interval (steps),7,sumTotalWaitTimes,Sum of Total Wait Times (Final),0.8235733980263451,1
arrivals_gt_departures,Arrivals > Departures,fixedCycleInterval,Fixed Cycle Interval (steps),8,sumTotalWaitTimes,Sum of Total Wait Times (Final),0.829556173972196,1
arrivals_gt_departures,Arrivals > Departures,fixedCycleInterval,Fixed Cycle Interval (steps),10,sumTotalWaitTimes,Sum of Total Wait Times (Final),0.8347379767824613,1
arrivals_gt_departures,Arrivals > Departures,fixedCycleInterval,Fixed Cycle Interval (steps),11,sumTotalWaitTimes,Sum of Total Wait Times (Final),0.8307953876578664,1
arrivals_gt_departures,Arrivals > Departures,fixedCycleInterval,Fixed Cycle Interval (steps),13,sumTotalWaitTimes,Sum of Total Wait Times (Final),0.8335672558461021,1
arrivals_gt_departures,Arrivals > Departures,fixedCycleInterval,Fixed Cycle Interval (steps),14,sumTotalWaitTimes,Sum of Total Wait Times (Final),0.8189498691012725,1
arrivals_gt_departures,Arrivals > Departures,fixedCycleInterval,Fixed Cycle Interval (steps),16,sumTotalWaitTimes,Sum of Total Wait Times (Final),0.8260549312933576,1
arrivals_gt_departures,Arrivals > Departures,fixedCycleInterval,Fixed Cycle Interval (steps),17,sumTotalWaitTimes,Sum of Total Wait Times (Final),0.8338218545177271,1
arrivals_gt_departures,Arrivals > Departures,fixedCycleInterval,Fixed Cycle Interval (steps),19,sumTotalWaitTimes,Sum of Total Wait Times (Final),0.8382950290901398,1
arrivals_gt_departures,Arrivals > Departures,fixedCycleInterval,Fixed Cycle Interval (steps),20,sumTotalWaitTimes,Sum of Total Wait Times (Final),0.8265743936920241,1
arrivals_gt_departures,Arrivals > Departures,fixedCycleInterval,Fixed Cycle Interval (steps),22,sumTotalWaitTimes,Sum of Total Wait Times (Final),0.8332533904884027,1
arrivals_gt_departures,Arrivals > Departures,fixedCycleInterval,Fixed Cycle Interval (steps),23,sumTotalWaitTimes,Sum of Total Wait Times (Final),0.8426249126258605,1
arrivals_gt_departures,Arrivals > Departures,fixedCycleInterval,Fixed Cycle Interval (steps),25,sumTotalWaitTimes,Sum of Total Wait Times (Final),0.8093526478992341,1
arrivals_gt_departures,Arrivals > Departures,fixedCycleInterval,Fixed Cycle Interval (steps),26,sumTotalWaitTimes,Sum of Total Wait Times (Final),0.8249486629787364,1
arrivals_gt_departures,Arrivals > Departures,fixedCycleInterval,Fixed Cycle Interval (steps),28,sumTotalWaitTimes,Sum of Total Wait Times (Final),0.848363968930775,1
arrivals_gt_departures,Arrivals > Departures,fixedCycleInterval,Fixed Cycle Interval (steps),30,sumTotalWaitTimes,Sum of Total Wait Times (Final),0.8229580284072241,1
arrivals_gt_departures,Arrivals > Departures,fixedCycleInterval,Fixed Cycle Interval (steps),1,throughput,Network Throughput (Final),1.1177413784597168,1
arrivals_gt_departures,Arrivals > Departures,fixedCycleInterval,Fixed Cycle Interval (steps),2,throughput,Network Throughput (Final),1.1211561661373317,1
arrivals_gt_departures,Arrivals > Departures,fixedCycleInterval,Fixed Cycle Interval (steps),4,throughput,Network Throughput (Final),1.1386014581715231,1
arrivals_gt_departures,Arrivals > Departures,fixedCycleInterval,Fixed Cycle Interval (steps),5,throughput,Network Throughput (Final),1.13953547020402,1
arrivals_gt_departures,Arrivals > Departures,fixedCycleInterval,Fixed Cycle Interval (steps),7,throughput,Network Throughput (Final),1.1518122475934063,1
arrivals_gt_departures,Arrivals > Departures,fixedCycleInterval,Fixed Cycle Interval (steps),8,throughput,Network Throughput (Final),1.1540108587596543,1
arrivals_gt_departures,Arrivals > Departures,fixedCycleInterval,Fixed Cycle Interval (steps),10,throughput,Network Throughput (Final),1.157583665950261,1
arrivals_gt_departures,Arrivals > Departures,fixedCycleInterval,Fixed Cycle Interval (steps),11,throughput,Network Throughput (Final),1.1654975718800586,1
arrivals_gt_departures,Arrivals > Departures,fixedCycleInterval,Fixed Cycle Interval (steps),13,throughput,Network Throughput (Final),1.1575160051216389,1
arrivals_gt_departures,Arrivals > Departures,fixedCycleInterval,Fixed Cycle Interval (steps),14,throughput,Network Throughput (Final),1.1848682670550599,1
arrivals_gt_departures,Arrivals > Departures,fixedCycleInterval,Fixed Cycle Interval (steps),16,throughput,Network Throughput (Final),1.1804617190556932,1
arrivals_gt_departures,Arrivals > Departures,fixedCycleInterval,Fixed Cycle Interval (steps),17,throughput,Network Throughput (Final),1.18044059264641,1
arrivals_gt_departures,Arrivals > Departures,fixedCycleInterval,Fixed Cycle Interval (steps),19,throughput,Network Throughput (Final),1.1752521193581003,1
arrivals_gt_departures,Arrivals > Departures,fixedCycleInterval,Fixed Cycle Interval (steps),20,throughput,Network Throughput (Final),1.197079137449254,1
arrivals_gt_departures,Arrivals > Departures,fixedCycleInterval,Fixed Cycle Interval (steps),22,throughput,Network Throughput (Final),1.1894590627948423,1
arrivals_gt_departures,Arrivals > Departures,fixedCycleInterval,Fixed Cycle Interval (steps),23,throughput,Network Throughput (Final),1.191299337366753,1
arrivals_gt_departures,Arrivals > Departures,fixedCycleInterval,Fixed Cycle Interval (steps),25,throughput,Network Throughput (Final),1.2229347416069407,1
arrivals_gt_departures,Arrivals > Departures,fixedCycleInterval,Fixed Cycle Interval (steps),26,throughput,Network Throughput (Final),1.2105796676181075,1
arrivals_gt_departures,Arrivals > Departures,fixedCycleInterval,Fixed Cycle Interval (steps),28,throughput,Network Throughput (Final),1.199540921323413,1
arrivals_gt_departures,Arrivals > Departures,fixedCycleInterval,Fixed Cycle Interval (steps),30,throughput,Network Throughput (Final),1.228906165053822,1
arrivals_gt_departures,Arrivals > Departures,fixedCycleInterval,Fixed Cycle Interval (steps),1,totalVehiclesEntered,Total Vehicles Entered (Final),1,1
arrivals_gt_departures,Arrivals > Departures,fixedCycleInterval,Fixed Cycle Interval (steps),2,totalVehiclesEntered,Total Vehicles Entered (Final),1,1
arrivals_gt_departures,Arrivals > Departures,fixedCycleInterval,Fixed Cycle Interval (steps),4,totalVehiclesEntered,Total Vehicles Entered (Final),1,1
arrivals_gt_departures,Arrivals > Departures,fixedCycleInterval,Fixed Cycle Interval (steps),5,totalVehiclesEntered,Total Vehicles Entered (Final),1,1
arrivals_gt_departures,Arrivals > Departures,fixedCycleInterval,Fixed Cycle Interval (steps),7,totalVehiclesEntered,Total Vehicles Entered (Final),1,1
arrivals_gt_departures,Arrivals > Departures,fixedCycleInterval,Fixed Cycle Interval (steps),8,totalVehiclesEntered,Total Vehicles Entered (Final),1,1
arrivals_gt_departures,Arrivals > Departures,fixedCycleInterval,Fixed Cycle Interval (steps),10,totalVehiclesEntered,Total Vehicles Entered (Final),1,1
arrivals_gt_departures,Arrivals > Departures,fixedCycleInterval,Fixed Cycle Interval (steps),11,totalVehiclesEntered,Total Vehicles Entered (Final),1,1
arrivals_gt_departures,Arrivals > Departures,fixedCycleInterval,Fixed Cycle Interval (steps),13,totalVehiclesEntered,Total Vehicles Entered (Final),1,1
arrivals_gt_departures,Arrivals > Departures,fixedCycleInterval,Fixed Cycle Interval (steps),14,totalVehiclesEntered,Total Vehicles Entered (Final),1,1
arrivals_gt_departures,Arrivals > Departures,fixedCycleInterval,Fixed Cycle Interval (steps),16,totalVehiclesEntered,Total Vehicles Entered (Final),1,1
arrivals_gt_departures,Arrivals > Departures,fixedCycleInterval,Fixed Cycle Interval (steps),17,totalVehiclesEntered,Total Vehicles Entered (Final),1,1
arrivals_gt_departures,Arrivals > Departures,fixedCycleInterval,Fixed Cycle Interval (steps),19,totalVehiclesEntered,Total Vehicles Entered (Final),1,1
arrivals_gt_departures,Arrivals > Departures,fixedCycleInterval,Fixed Cycle Interval (steps),20,totalVehiclesEntered,Total Vehicles Entered (Final),1,1
arrivals_gt_departures,Arrivals > Departures,fixedCycleInterval,Fixed Cycle Interval (steps),22,totalVehiclesEntered,Total Vehicles Entered (Final),1,1
arrivals_gt_departures,Arrivals > Departures,fixedCycleInterval,Fixed Cycle Interval (steps),23,totalVehiclesEntered,Total Vehicles Entered (Final),1,1
arrivals_gt_departures,Arrivals > Departures,fixedCycleInterval,Fixed Cycle Interval (steps),25,totalVehiclesEntered,Total Vehicles Entered (Final),1,1
arrivals_gt_departures,Arrivals > Departures,fixedCycleInterval,Fixed Cycle Interval (steps),26,totalVehiclesEntered,Total Vehicles Entered (Final),1,1
arrivals_gt_departures,Arrivals > Departures,fixedCycleInterval,Fixed Cycle Interval (steps),28,totalVehiclesEntered,Total Vehicles Entered (Final),1,1
arrivals_gt_departures,Arrivals > Departures,fixedCycleInterval,Fixed Cycle Interval (steps),30,totalVehiclesEntered,Total Vehicles Entered (Final),1,1
arrivals_gt_departures,Arrivals > Departures,fixedCycleInterval,Fixed Cycle Interval (steps),1,vehiclesInNetwork,Vehicles In Network (Final),0.9698913742856061,1
arrivals_gt_departures,Arrivals > Departures,fixedCycleInterval,Fixed Cycle Interval (steps),2,vehiclesInNetwork,Vehicles In Network (Final),0.9689422961621236,1
arrivals_gt_departures,Arrivals > Departures,fixedCycleInterval,Fixed Cycle Interval (steps),4,vehiclesInNetwork,Vehicles In Network (Final),0.9652405577093452,1
arrivals_gt_departures,Arrivals > Departures,fixedCycleInterval,Fixed Cycle Interval (steps),5,vehiclesInNetwork,Vehicles In Network (Final),0.9652909774105928,1
arrivals_gt_departures,Arrivals > Departures,fixedCycleInterval,Fixed Cycle Interval (steps),7,vehiclesInNetwork,Vehicles In Network (Final),0.9625719349000895,1
arrivals_gt_departures,Arrivals > Departures,fixedCycleInterval,Fixed Cycle Interval (steps),8,vehiclesInNetwork,Vehicles In Network (Final),0.9621980442086427,1
arrivals_gt_departures,Arrivals > Departures,fixedCycleInterval,Fixed Cycle Interval (steps),10,vehiclesInNetwork,Vehicles In Network (Final),0.96150143767971,1
arrivals_gt_departures,Arrivals > Departures,fixedCycleInterval,Fixed Cycle Interval (steps),11,vehiclesInNetwork,Vehicles In Network (Final),0.95978019919448,1
arrivals_gt_departures,Arrivals > Departures,fixedCycleInterval,Fixed Cycle Interval (steps),13,vehiclesInNetwork,Vehicles In Network (Final),0.9615596135338158,1
arrivals_gt_departures,Arrivals > Departures,fixedCycleInterval,Fixed Cycle Interval (steps),14,vehiclesInNetwork,Vehicles In Network (Final),0.9557451047536033,1
arrivals_gt_departures,Arrivals > Departures,fixedCycleInterval,Fixed Cycle Interval (steps),16,vehiclesInNetwork,Vehicles In Network (Final),0.956958607345283,1
arrivals_gt_departures,Arrivals > Departures,fixedCycleInterval,Fixed Cycle Interval (steps),17,vehiclesInNetwork,Vehicles In Network (Final),0.9566796449151223,1
arrivals_gt_departures,Arrivals > Departures,fixedCycleInterval,Fixed Cycle Interval (steps),19,vehiclesInNetwork,Vehicles In Network (Final),0.9578792580269299,1
arrivals_gt_departures,Arrivals > Departures,fixedCycleInterval,Fixed Cycle Interval (steps),20,vehiclesInNetwork,Vehicles In Network (Final),0.9536026810649786,1
arrivals_gt_departures,Arrivals > Departures,fixedCycleInterval,Fixed Cycle Interval (steps),22,vehiclesInNetwork,Vehicles In Network (Final),0.9550737067143958,1
arrivals_gt_departures,Arrivals > Departures,fixedCycleInterval,Fixed Cycle Interval (steps),23,vehiclesInNetwork,Vehicles In Network (Final),0.9546005482244861,1
arrivals_gt_departures,Arrivals > Departures,fixedCycleInterval,Fixed Cycle Interval (steps),25,vehiclesInNetwork,Vehicles In Network (Final),0.9489101574560049,1
arrivals_gt_departures,Arrivals > Departures,fixedCycleInterval,Fixed Cycle Interval (steps),26,vehiclesInNetwork,Vehicles In Network (Final),0.9511440365893661,1
arrivals_gt_departures,Arrivals > Departures,fixedCycleInterval,Fixed Cycle Interval (steps),28,vehiclesInNetwork,Vehicles In Network (Final),0.9530720641342252,1
arrivals_gt_departures,Arrivals > Departures,fixedCycleInterval,Fixed Cycle Interval (steps),30,vehiclesInNetwork,Vehicles In Network (Final),0.948106928935887,1
arrivals_gt_departures,Arrivals > Departures,greedyDecisionInterval,Greedy Decision Interval (steps),1,sumAvgWaitTimes,Sum of Average Wait Times (Final),0.9040233642368869,1
arrivals_gt_departures,Arrivals > Departures,greedyDecisionInterval,Greedy Decision Interval (steps),2,sumAvgWaitTimes,Sum of Average Wait Times (Final),0.8882685923585275,1
arrivals_gt_departures,Arrivals > Departures,greedyDecisionInterval,Greedy Decision Interval (steps),4,sumAvgWaitTimes,Sum of Average Wait Times (Final),0.8795880155630776,1
arrivals_gt_departures,Arrivals > Departures,greedyDecisionInterval,Greedy Decision Interval (steps),5,sumAvgWaitTimes,Sum of Average Wait Times (Final),0.8943017575053752,1
arrivals_gt_departures,Arrivals > Departures,greedyDecisionInterval,Greedy Decision Interval (steps),7,sumAvgWaitTimes,Sum of Average Wait Times (Final),0.908464415920959,1
arrivals_gt_departures,Arrivals > Departures,greedyDecisionInterval,Greedy Decision Interval (steps),8,sumAvgWaitTimes,Sum of Average Wait Times (Final),0.9035500320614103,1
arrivals_gt_departures,Arrivals > Departures,greedyDecisionInterval,Greedy Decision Interval (steps),10,sumAvgWaitTimes,Sum of Average Wait Times (Final),0.9322516549658862,1
arrivals_gt_departures,Arrivals > Departures,greedyDecisionInterval,Greedy Decision Interval (steps),11,sumAvgWaitTimes,Sum of Average Wait Times (Final),0.9553594537807443,1
arrivals_gt_departures,Arrivals > Departures,greedyDecisionInterval,Greedy Decision Interval (steps),13,sumAvgWaitTimes,Sum of Average Wait Times (Final),0.9444029572377506,1
arrivals_gt_departures,Arrivals > Departures,greedyDecisionInterval,Greedy Decision Interval (steps),14,sumAvgWaitTimes,Sum of Average Wait Times (Final),0.9678362152282872,1
arrivals_gt_departures,Arrivals > Departures,greedyDecisionInterval,Greedy Decision Interval (steps),16,sumAvgWaitTimes,Sum of Average Wait Times (Final),0.9798097039687006,1
arrivals_gt_departures,Arrivals > Departures,greedyDecisionInterval,Greedy Decision Interval (steps),17,sumAvgWaitTimes,Sum of Average Wait Times (Final),0.9831053292286782,1
arrivals_gt_departures,Arrivals > Departures,greedyDecisionInterval,Greedy Decision Interval (steps),19,sumAvgWaitTimes,Sum of Average Wait Times (Final),1.0085774141695143,1
arrivals_gt_departures,Arrivals > Departures,greedyDecisionInterval,Greedy Decision Interval (steps),20,sumAvgWaitTimes,Sum of Average Wait Times (Final),1.0191002595639,1
arrivals_gt_departures,Arrivals > Departures,greedyDecisionInterval,Greedy Decision Interval (steps),22,sumAvgWaitTimes,Sum of Average Wait Times (Final),1.0405460805923328,1
arrivals_gt_departures,Arrivals > Departures,greedyDecisionInterval,Greedy Decision Interval (steps),23,sumAvgWaitTimes,Sum of Average Wait Times (Final),1.0109948272464886,1
arrivals_gt_departures,Arrivals > Departures,greedyDecisionInterval,Greedy Decision Interval (steps),25,sumAvgWaitTimes,Sum of Average Wait Times (Final),1.0464727593840841,1
arrivals_gt_departures,Arrivals > Departures,greedyDecisionInterval,Greedy Decision Interval (steps),26,sumAvgWaitTimes,Sum of Average Wait Times (Final),1.0726629070653417,1
arrivals_gt_departures,Arrivals > Departures,greedyDecisionInterval,Greedy Decision Interval (steps),28,sumAvgWaitTimes,Sum of Average Wait Times (Final),1.0823549118338835,1
arrivals_gt_departures,Arrivals > Departures,greedyDecisionInterval,Greedy Decision Interval (steps),30,sumAvgWaitTimes,Sum of Average Wait Times (Final),1.0799741966590721,1
arrivals_gt_departures,Arrivals > Departures,greedyDecisionInterval,Greedy Decision Interval (steps),1,sumQueueSizes,Total Queue Size (Final),0.953490574973951,1
arrivals_gt_departures,Arrivals > Departures,greedyDecisionInterval,Greedy Decision Interval (steps),2,sumQueueSizes,Total Queue Size (Final),0.953264830521855,1
arrivals_gt_departures,Arrivals > Departures,greedyDecisionInterval,Greedy Decision Interval (steps),4,sumQueueSizes,Total Queue Size (Final),0.9552560817436968,1
arrivals_gt_departures,Arrivals > Departures,greedyDecisionInterval,Greedy Decision Interval (steps),5,sumQueueSizes,Total Queue Size (Final),0.9585008470504943,1
arrivals_gt_departures,Arrivals > Departures,greedyDecisionInterval,Greedy Decision Interval (steps),7,sumQueueSizes,Total Queue Size (Final),0.9589142247663286,1
arrivals_gt_departures,Arrivals > Departures,greedyDecisionInterval,Greedy Decision Interval (steps),8,sumQueueSizes,Total Queue Size (Final),0.9611967086719668,1
arrivals_gt_departures,Arrivals > Departures,greedyDecisionInterval,Greedy Decision Interval (steps),10,sumQueueSizes,Total Queue Size (Final),0.9663986051536037,1
arrivals_gt_departures,Arrivals > Departures,greedyDecisionInterval,Greedy Decision Interval (steps),11,sumQueueSizes,Total Queue Size (Final),0.9693031777117949,1
arrivals_gt_departures,Arrivals > Departures,greedyDecisionInterval,Greedy Decision Interval (steps),13,sumQueueSizes,Total Queue Size (Final),0.9708395702673513,1
arrivals_gt_departures,Arrivals > Departures,greedyDecisionInterval,Greedy Decision Interval (steps),14,sumQueueSizes,Total Queue Size (Final),0.9721448291983347,1
arrivals_gt_departures,Arrivals > Departures,greedyDecisionInterval,Greedy Decision Interval (steps),16,sumQueueSizes,Total Queue Size (Final),0.9807372986760444,1
arrivals_gt_departures,Arrivals > Departures,greedyDecisionInterval,Greedy Decision Interval (steps),17,sumQueueSizes,Total Queue Size (Final),0.9789243450996258,1
arrivals_gt_departures,Arrivals > Departures,greedyDecisionInterval,Greedy Decision Interval (steps),19,sumQueueSizes,Total Queue Size (Final),0.9811870878167303,1
arrivals_gt_departures,Arrivals > Departures,greedyDecisionInterval,Greedy Decision Interval (steps),20,sumQueueSizes,Total Queue Size (Final),0.9852750655670364,1
arrivals_gt_departures,Arrivals > Departures,greedyDecisionInterval,Greedy Decision Interval (steps),22,sumQueueSizes,Total Queue Size (Final),0.9878500303275374,1
arrivals_gt_departures,Arrivals > Departures,greedyDecisionInterval,Greedy Decision Interval (steps),23,sumQueueSizes,Total Queue Size (Final),0.9869746121742864,1
arrivals_gt_departures,Arrivals > Departures,greedyDecisionInterval,Greedy Decision Interval (steps),25,sumQueueSizes,Total Queue Size (Final),0.9883947795450096,1
arrivals_gt_departures,Arrivals > Departures,greedyDecisionInterval,Greedy Decision Interval (steps),26,sumQueueSizes,Total Queue Size (Final),0.9872407588623379,1
arrivals_gt_departures,Arrivals > Departures,greedyDecisionInterval,Greedy Decision Interval (steps),28,sumQueueSizes,Total Queue Size (Final),0.9950374875146979,1
arrivals_gt_departures,Arrivals > Departures,greedyDecisionInterval,Greedy Decision Interval (steps),30,sumQueueSizes,Total Queue Size (Final),1.0012629611386858,1
arrivals_gt_departures,Arrivals > Departures,greedyDecisionInterval,Greedy Decision Interval (steps),1,sumStdTotalWaitTimes,Sum of Std Total Wait Times (Final),0.717882342538697,1
arrivals_gt_departures,Arrivals > Departures,greedyDecisionInterval,Greedy Decision Interval (steps),2,sumStdTotalWaitTimes,Sum of Std Total Wait Times (Final),0.7193389431757148,1
arrivals_gt_departures,Arrivals > Departures,greedyDecisionInterval,Greedy Decision Interval (steps),4,sumStdTotalWaitTimes,Sum of Std Total Wait Times (Final),0.7201814768910216,1
arrivals_gt_departures,Arrivals > Departures,greedyDecisionInterval,Greedy Decision Interval (steps),5,sumStdTotalWaitTimes,Sum of Std Total Wait Times (Final),0.7196206156471135,1
arrivals_gt_departures,Arrivals > Departures,greedyDecisionInterval,Greedy Decision Interval (steps),7,sumStdTotalWaitTimes,Sum of Std Total Wait Times (Final),0.7239528795593824,1
arrivals_gt_departures,Arrivals > Departures,greedyDecisionInterval,Greedy Decision Interval (steps),8,sumStdTotalWaitTimes,Sum of Std Total Wait Times (Final),0.7296818452531346,1
arrivals_gt_departures,Arrivals > Departures,greedyDecisionInterval,Greedy Decision Interval (steps),10,sumStdTotalWaitTimes,Sum of Std Total Wait Times (Final),0.729494156393141,1
arrivals_gt_departures,Arrivals > Departures,greedyDecisionInterval,Greedy Decision Interval (steps),11,sumStdTotalWaitTimes,Sum of Std Total Wait Times (Final),0.7274034942621512,1
arrivals_gt_departures,Arrivals > Departures,greedyDecisionInterval,Greedy Decision Interval (steps),13,sumStdTotalWaitTimes,Sum of Std Total Wait Times (Final),0.7361730221595001,1
arrivals_gt_departures,Arrivals > Departures,greedyDecisionInterval,Greedy Decision Interval (steps),14,sumStdTotalWaitTimes,Sum of Std Total Wait Times (Final),0.7418150335494661,1
arrivals_gt_departures,Arrivals > Departures,greedyDecisionInterval,Greedy Decision Interval (steps),16,sumStdTotalWaitTimes,Sum of Std Total Wait Times (Final),0.748766375908715,1
arrivals_gt_departures,Arrivals > Departures,greedyDecisionInterval,Greedy Decision Interval (steps),17,sumStdTotalWaitTimes,Sum of Std Total Wait Times (Final),0.7520938724758174,1
arrivals_gt_departures,Arrivals > Departures,greedyDecisionInterval,Greedy Decision Interval (steps),19,sumStdTotalWaitTimes,Sum of Std Total Wait Times (Final),0.757289409523832,1
arrivals_gt_departures,Arrivals > Departures,greedyDecisionInterval,Greedy Decision Interval (steps),20,sumStdTotalWaitTimes,Sum of Std Total Wait Times (Final),0.7605968598931744,1
arrivals_gt_departures,Arrivals > Departures,greedyDecisionInterval,Greedy Decision Interval (steps),22,sumStdTotalWaitTimes,Sum of Std Total Wait Times (Final),0.7656931063423555,1
arrivals_gt_departures,Arrivals > Departures,greedyDecisionInterval,Greedy Decision Interval (steps),23,sumStdTotalWaitTimes,Sum of Std Total Wait Times (Final),0.7776805587638681,1
arrivals_gt_departures,Arrivals > Departures,greedyDecisionInterval,Greedy Decision Interval (steps),25,sumStdTotalWaitTimes,Sum of Std Total Wait Times (Final),0.7887067282962724,1
arrivals_gt_departures,Arrivals > Departures,greedyDecisionInterval,Greedy Decision Interval (steps),26,sumStdTotalWaitTimes,Sum of Std Total Wait Times (Final),0.7828352510546273,1
arrivals_gt_departures,Arrivals > Departures,greedyDecisionInterval,Greedy Decision Interval (steps),28,sumStdTotalWaitTimes,Sum of Std Total Wait Times (Final),0.7770067039440026,1
arrivals_gt_departures,Arrivals > Departures,greedyDecisionInterval,Greedy Decision Interval (steps),30,sumStdTotalWaitTimes,Sum of Std Total Wait Times (Final),0.7605638861097145,1
arrivals_gt_departures,Arrivals > Departures,greedyDecisionInterval,Greedy Decision Interval (steps),1,sumTotalWaitTimes,Sum of Total Wait Times (Final),0.8222701228708722,1
arrivals_gt_departures,Arrivals > Departures,greedyDecisionInterval,Greedy Decision Interval (steps),2,sumTotalWaitTimes,Sum of Total Wait Times (Final),0.8215316860380412,1
arrivals_gt_departures,Arrivals > Departures,greedyDecisionInterval,Greedy Decision Interval (steps),4,sumTotalWaitTimes,Sum of Total Wait Times (Final),0.8212920695557869,1
arrivals_gt_departures,Arrivals > Departures,greedyDecisionInterval,Greedy Decision Interval (steps),5,sumTotalWaitTimes,Sum of Total Wait Times (Final),0.8225527663459931,1
arrivals_gt_departures,Arrivals > Departures,greedyDecisionInterval,Greedy Decision Interval (steps),7,sumTotalWaitTimes,Sum of Total Wait Times (Final),0.8219194437946785,1
arrivals_gt_departures,Arrivals > Departures,greedyDecisionInterval,Greedy Decision Interval (steps),8,sumTotalWaitTimes,Sum of Total Wait Times (Final),0.822039779920829,1
arrivals_gt_departures,Arrivals > Departures,greedyDecisionInterval,Greedy Decision Interval (steps),10,sumTotalWaitTimes,Sum of Total Wait Times (Final),0.8259000443360589,1
arrivals_gt_departures,Arrivals > Departures,greedyDecisionInterval,Greedy Decision Interval (steps),11,sumTotalWaitTimes,Sum of Total Wait Times (Final),0.8280257334303498,1
arrivals_gt_departures,Arrivals > Departures,greedyDecisionInterval,Greedy Decision Interval (steps),13,sumTotalWaitTimes,Sum of Total Wait Times (Final),0.8284212315865866,1
arrivals_gt_departures,Arrivals > Departures,greedyDecisionInterval,Greedy Decision Interval (steps),14,sumTotalWaitTimes,Sum of Total Wait Times (Final),0.8288580512688078,1
arrivals_gt_departures,Arrivals > Departures,greedyDecisionInterval,Greedy Decision Interval (steps),16,sumTotalWaitTimes,Sum of Total Wait Times (Final),0.835748124168863,1
arrivals_gt_departures,Arrivals > Departures,greedyDecisionInterval,Greedy Decision Interval (steps),17,sumTotalWaitTimes,Sum of Total Wait Times (Final),0.8353532251283706,1
arrivals_gt_departures,Arrivals > Departures,greedyDecisionInterval,Greedy Decision Interval (steps),19,sumTotalWaitTimes,Sum of Total Wait Times (Final),0.8409633447434407,1
arrivals_gt_departures,Arrivals > Departures,greedyDecisionInterval,Greedy Decision Interval (steps),20,sumTotalWaitTimes,Sum of Total Wait Times (Final),0.8465197128541355,1
arrivals_gt_departures,Arrivals > Departures,greedyDecisionInterval,Greedy Decision Interval (steps),22,sumTotalWaitTimes,Sum of Total Wait Times (Final),0.8496501408420473,1
arrivals_gt_departures,Arrivals > Departures,greedyDecisionInterval,Greedy Decision Interval (steps),23,sumTotalWaitTimes,Sum of Total Wait Times (Final),0.8485634926281392,1
arrivals_gt_departures,Arrivals > Departures,greedyDecisionInterval,Greedy Decision Interval (steps),25,sumTotalWaitTimes,Sum of Total Wait Times (Final),0.853603418150034,1
arrivals_gt_departures,Arrivals > Departures,greedyDecisionInterval,Greedy Decision Interval (steps),26,sumTotalWaitTimes,Sum of Total Wait Times (Final),0.8593982790461969,1
arrivals_gt_departures,Arrivals > Departures,greedyDecisionInterval,Greedy Decision Interval (steps),28,sumTotalWaitTimes,Sum of Total Wait Times (Final),0.8661764784770168,1
arrivals_gt_departures,Arrivals > Departures,greedyDecisionInterval,Greedy Decision Interval (steps),30,sumTotalWaitTimes,Sum of Total Wait Times (Final),0.8637658068499553,1
arrivals_gt_departures,Arrivals > Departures,greedyDecisionInterval,Greedy Decision Interval (steps),1,throughput,Network Throughput (Final),1.1591939036431302,1
arrivals_gt_departures,Arrivals > Departures,greedyDecisionInterval,Greedy Decision Interval (steps),2,throughput,Network Throughput (Final),1.1603644646924829,1
arrivals_gt_departures,Arrivals > Departures,greedyDecisionInterval,Greedy Decision Interval (steps),4,throughput,Network Throughput (Final),1.1515273311897105,1
arrivals_gt_departures,Arrivals > Departures,greedyDecisionInterval,Greedy Decision Interval (steps),5,throughput,Network Throughput (Final),1.13953547020402,1
arrivals_gt_departures,Arrivals > Departures,greedyDecisionInterval,Greedy Decision Interval (steps),7,throughput,Network Throughput (Final),1.1386266747868452,1
arrivals_gt_departures,Arrivals > Departures,greedyDecisionInterval,Greedy Decision Interval (steps),8,throughput,Network Throughput (Final),1.1276611845424276,1
arrivals_gt_departures,Arrivals > Departures,greedyDecisionInterval,Greedy Decision Interval (steps),10,throughput,Network Throughput (Final),1.104697884814637,1
arrivals_gt_departures,Arrivals > Departures,greedyDecisionInterval,Greedy Decision Interval (steps),11,throughput,Network Throughput (Final),1.0965207064709301,1
arrivals_gt_departures,Arrivals > Departures,greedyDecisionInterval,Greedy Decision Interval (steps),13,throughput,Network Throughput (Final),1.0896443567562097,1
arrivals_gt_departures,Arrivals > Departures,greedyDecisionInterval,Greedy Decision Interval (steps),14,throughput,Network Throughput (Final),1.0845817648990728,1
arrivals_gt_departures,Arrivals > Departures,greedyDecisionInterval,Greedy Decision Interval (steps),16,throughput,Network Throughput (Final),1.053360684799676,1
arrivals_gt_departures,Arrivals > Departures,greedyDecisionInterval,Greedy Decision Interval (steps),17,throughput,Network Throughput (Final),1.0561463635905448,1
arrivals_gt_departures,Arrivals > Departures,greedyDecisionInterval,Greedy Decision Interval (steps),19,throughput,Network Throughput (Final),1.049141668991049,1
arrivals_gt_departures,Arrivals > Departures,greedyDecisionInterval,Greedy Decision Interval (steps),20,throughput,Network Throughput (Final),1.0415636822194199,1
arrivals_gt_departures,Arrivals > Departures,greedyDecisionInterval,Greedy Decision Interval (steps),22,throughput,Network Throughput (Final),1.0255167714091011,1
arrivals_gt_departures,Arrivals > Departures,greedyDecisionInterval,Greedy Decision Interval (steps),23,throughput,Network Throughput (Final),1.0325831033697055,1
arrivals_gt_departures,Arrivals > Departures,greedyDecisionInterval,Greedy Decision Interval (steps),25,throughput,Network Throughput (Final),1.028395562085212,1
arrivals_gt_departures,Arrivals > Departures,greedyDecisionInterval,Greedy Decision Interval (steps),26,throughput,Network Throughput (Final),1.0246225554767454,1
arrivals_gt_departures,Arrivals > Departures,greedyDecisionInterval,Greedy Decision Interval (steps),28,throughput,Network Throughput (Final),0.9978558635824736,1
arrivals_gt_departures,Arrivals > Departures,greedyDecisionInterval,Greedy Decision Interval (steps),30,throughput,Network Throughput (Final),0.9734672197490895,1
arrivals_gt_departures,Arrivals > Departures,greedyDecisionInterval,Greedy Decision Interval (steps),1,totalVehiclesEntered,Total Vehicles Entered (Final),1,1
arrivals_gt_departures,Arrivals > Departures,greedyDecisionInterval,Greedy Decision Interval (steps),2,totalVehiclesEntered,Total Vehicles Entered (Final),1,1
arrivals_gt_departures,Arrivals > Departures,greedyDecisionInterval,Greedy Decision Interval (steps),4,totalVehiclesEntered,Total Vehicles Entered (Final),1,1
arrivals_gt_departures,Arrivals > Departures,greedyDecisionInterval,Greedy Decision Interval (steps),5,totalVehiclesEntered,Total Vehicles Entered (Final),1,1
arrivals_gt_departures,Arrivals > Departures,greedyDecisionInterval,Greedy Decision Interval (steps),7,totalVehiclesEntered,Total Vehicles Entered (Final),1,1
arrivals_gt_departures,Arrivals > Departures,greedyDecisionInterval,Greedy Decision Interval (steps),8,totalVehiclesEntered,Total Vehicles Entered (Final),1,1
arrivals_gt_departures,Arrivals > Departures,greedyDecisionInterval,Greedy Decision Interval (steps),10,totalVehiclesEntered,Total Vehicles Entered (Final),1,1
arrivals_gt_departures,Arrivals > Departures,greedyDecisionInterval,Greedy Decision Interval (steps),11,totalVehiclesEntered,Total Vehicles Entered (Final),1,1
arrivals_gt_departures,Arrivals > Departures,greedyDecisionInterval,Greedy Decision Interval (steps),13,totalVehiclesEntered,Total Vehicles Entered (Final),1,1
arrivals_gt_departures,Arrivals > Departures,greedyDecisionInterval,Greedy Decision Interval (steps),14,totalVehiclesEntered,Total Vehicles Entered (Final),1,1
arrivals_gt_departures,Arrivals > Departures,greedyDecisionInterval,Greedy Decision Interval (steps),16,totalVehiclesEntered,Total Vehicles Entered (Final),1,1
arrivals_gt_departures,Arrivals > Departures,greedyDecisionInterval,Greedy Decision Interval (steps),17,totalVehiclesEntered,Total Vehicles Entered (Final),1,1
arrivals_gt_departures,Arrivals > Departures,greedyDecisionInterval,Greedy Decision Interval (steps),19,totalVehiclesEntered,Total Vehicles Entered (Final),1,1
arrivals_gt_departures,Arrivals > Departures,greedyDecisionInterval,Greedy Decision Interval (steps),20,totalVehiclesEntered,Total Vehicles Entered (Final),1,1
arrivals_gt_departures,Arrivals > Departures,greedyDecisionInterval,Greedy Decision Interval (steps),22,totalVehiclesEntered,Total Vehicles Entered (Final),1,1
arrivals_gt_departures,Arrivals > Departures,greedyDecisionInterval,Greedy Decision Interval (steps),23,totalVehiclesEntered,Total Vehicles Entered (Final),1,1
arrivals_gt_departures,Arrivals > Departures,greedyDecisionInterval,Greedy Decision Interval (steps),25,totalVehiclesEntered,Total Vehicles Entered (Final),1,1
arrivals_gt_departures,Arrivals > Departures,greedyDecisionInterval,Greedy Decision Interval (steps),26,totalVehiclesEntered,Total Vehicles Entered (Final),1,1
arrivals_gt_departures,Arrivals > Departures,greedyDecisionInterval,Greedy Decision Interval (steps),28,totalVehiclesEntered,Total Vehicles Entered (Final),1,1
arrivals_gt_departures,Arrivals > Departures,greedyDecisionInterval,Greedy Decision Interval (steps),30,totalVehiclesEntered,Total Vehicles Entered (Final),1,1
arrivals_gt_departures,Arrivals > Departures,greedyDecisionInterval,Greedy Decision Interval (steps),1,vehiclesInNetwork,Vehicles In Network (Final),0.9605928618431361,1
arrivals_gt_departures,Arrivals > Departures,greedyDecisionInterval,Greedy Decision Interval (steps),2,vehiclesInNetwork,Vehicles In Network (Final),0.9602893064417063,1
arrivals_gt_departures,Arrivals > Departures,greedyDecisionInterval,Greedy Decision Interval (steps),4,vehiclesInNetwork,Vehicles In Network (Final),0.9621238760235094,1
arrivals_gt_departures,Arrivals > Departures,greedyDecisionInterval,Greedy Decision Interval (steps),5,vehiclesInNetwork,Vehicles In Network (Final),0.9652909774105928,1
arrivals_gt_departures,Arrivals > Departures,greedyDecisionInterval,Greedy Decision Interval (steps),7,vehiclesInNetwork,Vehicles In Network (Final),0.9657826827679511,1
arrivals_gt_departures,Arrivals > Departures,greedyDecisionInterval,Greedy Decision Interval (steps),8,vehiclesInNetwork,Vehicles In Network (Final),0.9682536695521264,1
arrivals_gt_departures,Arrivals > Departures,greedyDecisionInterval,Greedy Decision Interval (steps),10,vehiclesInNetwork,Vehicles In Network (Final),0.9740239383546613,1
arrivals_gt_departures,Arrivals > Departures,greedyDecisionInterval,Greedy Decision Interval (steps),11,vehiclesInNetwork,Vehicles In Network (Final),0.9760482045558572,1
arrivals_gt_departures,Arrivals > Departures,greedyDecisionInterval,Greedy Decision Interval (steps),13,vehiclesInNetwork,Vehicles In Network (Final),0.9777847426816273,1
arrivals_gt_departures,Arrivals > Departures,greedyDecisionInterval,Greedy Decision Interval (steps),14,vehiclesInNetwork,Vehicles In Network (Final),0.9790069036436942,1
arrivals_gt_departures,Arrivals > Departures,greedyDecisionInterval,Greedy Decision Interval (steps),16,vehiclesInNetwork,Vehicles In Network (Final),0.9867964255724473,1
arrivals_gt_departures,Arrivals > Departures,greedyDecisionInterval,Greedy Decision Interval (steps),17,vehiclesInNetwork,Vehicles In Network (Final),0.986021006136201,1
arrivals_gt_departures,Arrivals > Departures,greedyDecisionInterval,Greedy Decision Interval (steps),19,vehiclesInNetwork,Vehicles In Network (Final),0.9878591967524291,1
arrivals_gt_departures,Arrivals > Departures,greedyDecisionInterval,Greedy Decision Interval (steps),20,vehiclesInNetwork,Vehicles In Network (Final),0.9896621375788827,1
arrivals_gt_departures,Arrivals > Departures,greedyDecisionInterval,Greedy Decision Interval (steps),22,vehiclesInNetwork,Vehicles In Network (Final),0.9936591760064726,1
arrivals_gt_departures,Arrivals > Departures,greedyDecisionInterval,Greedy Decision Interval (steps),23,vehiclesInNetwork,Vehicles In Network (Final),0.9919343214364053,1
arrivals_gt_departures,Arrivals > Departures,greedyDecisionInterval,Greedy Decision Interval (steps),25,vehiclesInNetwork,Vehicles In Network (Final),0.9929755742984974,1
arrivals_gt_departures,Arrivals > Departures,greedyDecisionInterval,Greedy Decision Interval (steps),26,vehiclesInNetwork,Vehicles In Network (Final),0.9939093164899616,1
arrivals_gt_departures,Arrivals > Departures,greedyDecisionInterval,Greedy Decision Interval (steps),28,vehiclesInNetwork,Vehicles In Network (Final),1.0005331794431098,1
arrivals_gt_departures,Arrivals > Departures,greedyDecisionInterval,Greedy Decision Interval (steps),30,vehiclesInNetwork,Vehicles In Network (Final),1.0065756481620782,1
arrivals_gt_departures,Arrivals > Departures,leftTurnProb,Left Turn Probability (L),0,sumAvgWaitTimes,Sum of Average Wait Times (Final),1.489227895963442,1
arrivals_gt_departures,Arrivals > Departures,leftTurnProb,Left Turn Probability (L),0.0526,sumAvgWaitTimes,Sum of Average Wait Times (Final),1.3919767354783301,1
arrivals_gt_departures,Arrivals > Departures,leftTurnProb,Left Turn Probability (L),0.1053,sumAvgWaitTimes,Sum of Average Wait Times (Final),1.320250851242923,1
arrivals_gt_departures,Arrivals > Departures,leftTurnProb,Left Turn Probability (L),0.1579,sumAvgWaitTimes,Sum of Average Wait Times (Final),1.2602048139357713,1
arrivals_gt_departures,Arrivals > Departures,leftTurnProb,Left Turn Probability (L),0.2105,sumAvgWaitTimes,Sum of Average Wait Times (Final),1.210732605302819,1
arrivals_gt_departures,Arrivals > Departures,leftTurnProb,Left Turn Probability (L),0.2632,sumAvgWaitTimes,Sum of Average Wait Times (Final),1.1892043319930916,1
arrivals_gt_departures,Arrivals > Departures,leftTurnProb,Left Turn Probability (L),0.3158,sumAvgWaitTimes,Sum of Average Wait Times (Final),1.1551986708642414,1
arrivals_gt_departures,Arrivals > Departures,leftTurnProb,Left Turn Probability (L),0.3684,sumAvgWaitTimes,Sum of Average Wait Times (Final),1.1231762349258263,1
arrivals_gt_departures,Arrivals > Departures,leftTurnProb,Left Turn Probability (L),0.4211,sumAvgWaitTimes,Sum of Average Wait Times (Final),1.0965171407771912,1
arrivals_gt_departures,Arrivals > Departures,leftTurnProb,Left Turn Probability (L),0.4737,sumAvgWaitTimes,Sum of Average Wait Times (Final),1.0730266210647192,1
arrivals_gt_departures,Arrivals > Departures,leftTurnProb,Left Turn Probability (L),0.5263,sumAvgWaitTimes,Sum of Average Wait Times (Final),1.0503466844134755,1
arrivals_gt_departures,Arrivals > Departures,leftTurnProb,Left Turn Probability (L),0.5789,sumAvgWaitTimes,Sum of Average Wait Times (Final),1.0273432256927966,1
arrivals_gt_departures,Arrivals > Departures,leftTurnProb,Left Turn Probability (L),0.6316,sumAvgWaitTimes,Sum of Average Wait Times (Final),1.0065229676973788,1
arrivals_gt_departures,Arrivals > Departures,leftTurnProb,Left Turn Probability (L),0.6842,sumAvgWaitTimes,Sum of Average Wait Times (Final),1.0008927648037427,1
arrivals_gt_departures,Arrivals > Departures,leftTurnProb,Left Turn Probability (L),0.7368,sumAvgWaitTimes,Sum of Average Wait Times (Final),0.986743674485654,1
arrivals_gt_departures,Arrivals > Departures,leftTurnProb,Left Turn Probability (L),0.7895,sumAvgWaitTimes,Sum of Average Wait Times (Final),0.9721460859308855,1
arrivals_gt_departures,Arrivals > Departures,leftTurnProb,Left Turn Probability (L),0.8421,sumAvgWaitTimes,Sum of Average Wait Times (Final),0.8842083249575143,1
arrivals_gt_departures,Arrivals > Departures,leftTurnProb,Left Turn Probability (L),0.8947,sumAvgWaitTimes,Sum of Average Wait Times (Final),0.7536765946283872,1
arrivals_gt_departures,Arrivals > Departures,leftTurnProb,Left Turn Probability (L),0.9474,sumAvgWaitTimes,Sum of Average Wait Times (Final),0.774362403764503,1
arrivals_gt_departures,Arrivals > Departures,leftTurnProb,Left Turn Probability (L),1,sumAvgWaitTimes,Sum of Average Wait Times (Final),,0
arrivals_gt_departures,Arrivals > Departures,leftTurnProb,Left Turn Probability (L),0,sumQueueSizes,Total Queue Size (Final),1.0331171881195367,1
arrivals_gt_departures,Arrivals > Departures,leftTurnProb,Left Turn Probability (L),0.0526,sumQueueSizes,Total Queue Size (Final),1.0357451623566507,1
arrivals_gt_departures,Arrivals > Departures,leftTurnProb,Left Turn Probability (L),0.1053,sumQueueSizes,Total Queue Size (Final),1.0339301241008616,1
arrivals_gt_departures,Arrivals > Departures,leftTurnProb,Left Turn Probability (L),0.1579,sumQueueSizes,Total Queue Size (Final),1.031300408415417,1
arrivals_gt_departures,Arrivals > Departures,leftTurnProb,Left Turn Probability (L),0.2105,sumQueueSizes,Total Queue Size (Final),1.0300603077277373,1
arrivals_gt_departures,Arrivals > Departures,leftTurnProb,Left Turn Probability (L),0.2632,sumQueueSizes,Total Queue Size (Final),1.0276942795672674,1
arrivals_gt_departures,Arrivals > Departures,leftTurnProb,Left Turn Probability (L),0.3158,sumQueueSizes,Total Queue Size (Final),1.025754200923712,1
arrivals_gt_departures,Arrivals > Departures,leftTurnProb,Left Turn Probability (L),0.3684,sumQueueSizes,Total Queue Size (Final),1.020959490730479,1
arrivals_gt_departures,Arrivals > Departures,leftTurnProb,Left Turn Probability (L),0.4211,sumQueueSizes,Total Queue Size (Final),1.0163921591654188,1
arrivals_gt_departures,Arrivals > Departures,leftTurnProb,Left Turn Probability (L),0.4737,sumQueueSizes,Total Queue Size (Final),1.008443485593508,1
arrivals_gt_departures,Arrivals > Departures,leftTurnProb,Left Turn Probability (L),0.5263,sumQueueSizes,Total Queue Size (Final),1.0017402928231838,1
arrivals_gt_departures,Arrivals > Departures,leftTurnProb,Left Turn Probability (L),0.5789,sumQueueSizes,Total Queue Size (Final),0.9934580425377971,1
arrivals_gt_departures,Arrivals > Departures,leftTurnProb,Left Turn Probability (L),0.6316,sumQueueSizes,Total Queue Size (Final),0.9886035527850546,1
arrivals_gt_departures,Arrivals > Departures,leftTurnProb,Left Turn Probability (L),0.6842,sumQueueSizes,Total Queue Size (Final),0.9901821060965954,1
arrivals_gt_departures,Arrivals > Departures,leftTurnProb,Left Turn Probability (L),0.7368,sumQueueSizes,Total Queue Size (Final),0.9917259786476869,1
arrivals_gt_departures,Arrivals > Departures,leftTurnProb,Left Turn Probability (L),0.7895,sumQueueSizes,Total Queue Size (Final),1.0134272799787292,1
arrivals_gt_departures,Arrivals > Departures,leftTurnProb,Left Turn Probability (L),0.8421,sumQueueSizes,Total Queue Size (Final),1.0742552245442418,1
arrivals_gt_departures,Arrivals > Departures,leftTurnProb,Left Turn Probability (L),0.8947,sumQueueSizes,Total Queue Size (Final),0.903143585386576,1
arrivals_gt_departures,Arrivals > Departures,leftTurnProb,Left Turn Probability (L),0.9474,sumQueueSizes,Total Queue Size (Final),0.7757847533632287,1
arrivals_gt_departures,Arrivals > Departures,leftTurnProb,Left Turn Probability (L),1,sumQueueSizes,Total Queue Size (Final),,0
arrivals_gt_departures,Arrivals > Departures,leftTurnProb,Left Turn Probability (L),0,sumStdTotalWaitTimes,Sum of Std Total Wait Times (Final),0.7487372741488685,1
arrivals_gt_departures,Arrivals > Departures,leftTurnProb,Left Turn Probability (L),0.0526,sumStdTotalWaitTimes,Sum of Std Total Wait Times (Final),0.7515044983523239,1
arrivals_gt_departures,Arrivals > Departures,leftTurnProb,Left Turn Probability (L),0.1053,sumStdTotalWaitTimes,Sum of Std Total Wait Times (Final),0.7577956816010287,1
arrivals_gt_departures,Arrivals > Departures,leftTurnProb,Left Turn Probability (L),0.1579,sumStdTotalWaitTimes,Sum of Std Total Wait Times (Final),0.7654079930768701,1
arrivals_gt_departures,Arrivals > Departures,leftTurnProb,Left Turn Probability (L),0.2105,sumStdTotalWaitTimes,Sum of Std Total Wait Times (Final),0.7725181560638061,1
arrivals_gt_departures,Arrivals > Departures,leftTurnProb,Left Turn Probability (L),0.2632,sumStdTotalWaitTimes,Sum of Std Total Wait Times (Final),0.7860767084394491,1
arrivals_gt_departures,Arrivals > Departures,leftTurnProb,Left Turn Probability (L),0.3158,sumStdTotalWaitTimes,Sum of Std Total Wait Times (Final),0.7970435207208697,1
arrivals_gt_departures,Arrivals > Departures,leftTurnProb,Left Turn Probability (L),0.3684,sumStdTotalWaitTimes,Sum of Std Total Wait Times (Final),0.811757943579009,1
arrivals_gt_departures,Arrivals > Departures,leftTurnProb,Left Turn Probability (L),0.4211,sumStdTotalWaitTimes,Sum of Std Total Wait Times (Final),0.8303792592865841,1
arrivals_gt_departures,Arrivals > Departures,leftTurnProb,Left Turn Probability (L),0.4737,sumStdTotalWaitTimes,Sum of Std Total Wait Times (Final),0.8440997954135239,1
arrivals_gt_departures,Arrivals > Departures,leftTurnProb,Left Turn Probability (L),0.5263,sumStdTotalWaitTimes,Sum of Std Total Wait Times (Final),0.86097023834525,1
arrivals_gt_departures,Arrivals > Departures,leftTurnProb,Left Turn Probability (L),0.5789,sumStdTotalWaitTimes,Sum of Std Total Wait Times (Final),0.8726616346058703,1
arrivals_gt_departures,Arrivals > Departures,leftTurnProb,Left Turn Probability (L),0.6316,sumStdTotalWaitTimes,Sum of Std Total Wait Times (Final),0.8824631386606568,1
arrivals_gt_departures,Arrivals > Departures,leftTurnProb,Left Turn Probability (L),0.6842,sumStdTotalWaitTimes,Sum of Std Total Wait Times (Final),0.8763478255843778,1
arrivals_gt_departures,Arrivals > Departures,leftTurnProb,Left Turn Probability (L),0.7368,sumStdTotalWaitTimes,Sum of Std Total Wait Times (Final),0.8644557209131405,1
arrivals_gt_departures,Arrivals > Departures,leftTurnProb,Left Turn Probability (L),0.7895,sumStdTotalWaitTimes,Sum of Std Total Wait Times (Final),0.7017756411093985,1
arrivals_gt_departures,Arrivals > Departures,leftTurnProb,Left Turn Probability (L),0.8421,sumStdTotalWaitTimes,Sum of Std Total Wait Times (Final),0.8458868552691949,1
arrivals_gt_departures,Arrivals > Departures,leftTurnProb,Left Turn Probability (L),0.8947,sumStdTotalWaitTimes,Sum of Std Total Wait Times (Final),0.6503355020928959,1
arrivals_gt_departures,Arrivals > Departures,leftTurnProb,Left Turn Probability (L),0.9474,sumStdTotalWaitTimes,Sum of Std Total Wait Times (Final),0.49529355800502384,1
arrivals_gt_departures,Arrivals > Departures,leftTurnProb,Left Turn Probability (L),1,sumStdTotalWaitTimes,Sum of Std Total Wait Times (Final),,0
arrivals_gt_departures,Arrivals > Departures,leftTurnProb,Left Turn Probability (L),0,sumTotalWaitTimes,Sum of Total Wait Times (Final),0.9245340919810282,1
arrivals_gt_departures,Arrivals > Departures,leftTurnProb,Left Turn Probability (L),0.0526,sumTotalWaitTimes,Sum of Total Wait Times (Final),0.940777032549715,1
arrivals_gt_departures,Arrivals > Departures,leftTurnProb,Left Turn Probability (L),0.1053,sumTotalWaitTimes,Sum of Total Wait Times (Final),0.9504294974138191,1
arrivals_gt_departures,Arrivals > Departures,leftTurnProb,Left Turn Probability (L),0.1579,sumTotalWaitTimes,Sum of Total Wait Times (Final),0.9543157222740634,1
arrivals_gt_departures,Arrivals > Departures,leftTurnProb,Left Turn Probability (L),0.2105,sumTotalWaitTimes,Sum of Total Wait Times (Final),0.9558699163504653,1
arrivals_gt_departures,Arrivals > Departures,leftTurnProb,Left Turn Probability (L),0.2632,sumTotalWaitTimes,Sum of Total Wait Times (Final),0.9582326908223091,1
arrivals_gt_departures,Arrivals > Departures,leftTurnProb,Left Turn Probability (L),0.3158,sumTotalWaitTimes,Sum of Total Wait Times (Final),0.9573988107908533,1
arrivals_gt_departures,Arrivals > Departures,leftTurnProb,Left Turn Probability (L),0.3684,sumTotalWaitTimes,Sum of Total Wait Times (Final),0.956964148722173,1
arrivals_gt_departures,Arrivals > Departures,leftTurnProb,Left Turn Probability (L),0.4211,sumTotalWaitTimes,Sum of Total Wait Times (Final),0.9536039476203161,1
arrivals_gt_departures,Arrivals > Departures,leftTurnProb,Left Turn Probability (L),0.4737,sumTotalWaitTimes,Sum of Total Wait Times (Final),0.9511694143420856,1
arrivals_gt_departures,Arrivals > Departures,leftTurnProb,Left Turn Probability (L),0.5263,sumTotalWaitTimes,Sum of Total Wait Times (Final),0.946224091428516,1
arrivals_gt_departures,Arrivals > Departures,leftTurnProb,Left Turn Probability (L),0.5789,sumTotalWaitTimes,Sum of Total Wait Times (Final),0.9405687864982654,1
arrivals_gt_departures,Arrivals > Departures,leftTurnProb,Left Turn Probability (L),0.6316,sumTotalWaitTimes,Sum of Total Wait Times (Final),0.9392276598561929,1
arrivals_gt_departures,Arrivals > Departures,leftTurnProb,Left Turn Probability (L),0.6842,sumTotalWaitTimes,Sum of Total Wait Times (Final),0.9360245585082795,1
arrivals_gt_departures,Arrivals > Departures,leftTurnProb,Left Turn Probability (L),0.7368,sumTotalWaitTimes,Sum of Total Wait Times (Final),0.9361511194456514,1
arrivals_gt_departures,Arrivals > Departures,leftTurnProb,Left Turn Probability (L),0.7895,sumTotalWaitTimes,Sum of Total Wait Times (Final),0.8931486663244863,1
arrivals_gt_departures,Arrivals > Departures,leftTurnProb,Left Turn Probability (L),0.8421,sumTotalWaitTimes,Sum of Total Wait Times (Final),0.9476332199546486,1
arrivals_gt_departures,Arrivals > Departures,leftTurnProb,Left Turn Probability (L),0.8947,sumTotalWaitTimes,Sum of Total Wait Times (Final),0.6800336511497476,1
arrivals_gt_departures,Arrivals > Departures,leftTurnProb,Left Turn Probability (L),0.9474,sumTotalWaitTimes,Sum of Total Wait Times (Final),0.4910025706940874,1
arrivals_gt_departures,Arrivals > Departures,leftTurnProb,Left Turn Probability (L),1,sumTotalWaitTimes,Sum of Total Wait Times (Final),,0
arrivals_gt_departures,Arrivals > Departures,leftTurnProb,Left Turn Probability (L),0,throughput,Network Throughput (Final),0.8363908872901679,1
arrivals_gt_departures,Arrivals > Departures,leftTurnProb,Left Turn Probability (L),0.0526,throughput,Network Throughput (Final),0.8582457375647539,1
arrivals_gt_departures,Arrivals > Departures,leftTurnProb,Left Turn Probability (L),0.1053,throughput,Network Throughput (Final),0.8872317286992032,1
arrivals_gt_departures,Arrivals > Departures,leftTurnProb,Left Turn Probability (L),0.1579,throughput,Network Throughput (Final),0.9083985946731045,1
arrivals_gt_departures,Arrivals > Departures,leftTurnProb,Left Turn Probability (L),0.2105,throughput,Network Throughput (Final),0.9289808861707873,1
arrivals_gt_departures,Arrivals > Departures,leftTurnProb,Left Turn Probability (L),0.2632,throughput,Network Throughput (Final),0.9427375805781627,1
arrivals_gt_departures,Arrivals > Departures,leftTurnProb,Left Turn Probability (L),0.3158,throughput,Network Throughput (Final),0.956891276263004,1
arrivals_gt_departures,Arrivals > Departures,leftTurnProb,Left Turn Probability (L),0.3684,throughput,Network Throughput (Final),0.968650288140734,1
arrivals_gt_departures,Arrivals > Departures,leftTurnProb,Left Turn Probability (L),0.4211,throughput,Network Throughput (Final),0.9788794177217932,1
arrivals_gt_departures,Arrivals > Departures,leftTurnProb,Left Turn Probability (L),0.4737,throughput,Network Throughput (Final),0.9886918479746885,1
arrivals_gt_departures,Arrivals > Departures,leftTurnProb,Left Turn Probability (L),0.5263,throughput,Network Throughput (Final),0.9937615261760009,1
arrivals_gt_departures,Arrivals > Departures,leftTurnProb,Left Turn Probability (L),0.5789,throughput,Network Throughput (Final),0.9998398667691519,1
arrivals_gt_departures,Arrivals > Departures,leftTurnProb,Left Turn Probability (L),0.6316,throughput,Network Throughput (Final),1.0003353845256495,1
arrivals_gt_departures,Arrivals > Departures,leftTurnProb,Left Turn Probability (L),0.6842,throughput,Network Throughput (Final),0.9982420726164376,1
arrivals_gt_departures,Arrivals > Departures,leftTurnProb,Left Turn Probability (L),0.7368,throughput,Network Throughput (Final),0.998786773988927,1
arrivals_gt_departures,Arrivals > Departures,leftTurnProb,Left Turn Probability (L),0.7895,throughput,Network Throughput (Final),0.9988931137913434,1
arrivals_gt_departures,Arrivals > Departures,leftTurnProb,Left Turn Probability (L),0.8421,throughput,Network Throughput (Final),0.999271282986961,1
arrivals_gt_departures,Arrivals > Departures,leftTurnProb,Left Turn Probability (L),0.8947,throughput,Network Throughput (Final),0.9996302338227298,1
arrivals_gt_departures,Arrivals > Departures,leftTurnProb,Left Turn Probability (L),0.9474,throughput,Network Throughput (Final),0.9999472862986547,1
arrivals_gt_departures,Arrivals > Departures,leftTurnProb,Left Turn Probability (L),1,throughput,Network Throughput (Final),1,1
arrivals_gt_departures,Arrivals > Departures,leftTurnProb,Left Turn Probability (L),0,totalVehiclesEntered,Total Vehicles Entered (Final),1,1
arrivals_gt_departures,Arrivals > Departures,leftTurnProb,Left Turn Probability (L),0.0526,totalVehiclesEntered,Total Vehicles Entered (Final),1,1
arrivals_gt_departures,Arrivals > Departures,leftTurnProb,Left Turn Probability (L),0.1053,totalVehiclesEntered,Total Vehicles Entered (Final),1,1
arrivals_gt_departures,Arrivals > Departures,leftTurnProb,Left Turn Probability (L),0.1579,totalVehiclesEntered,Total Vehicles Entered (Final),1,1
arrivals_gt_departures,Arrivals > Departures,leftTurnProb,Left Turn Probability (L),0.2105,totalVehiclesEntered,Total Vehicles Entered (Final),1,1
arrivals_gt_departures,Arrivals > Departures,leftTurnProb,Left Turn Probability (L),0.2632,totalVehiclesEntered,Total Vehicles Entered (Final),1,1
arrivals_gt_departures,Arrivals > Departures,leftTurnProb,Left Turn Probability (L),0.3158,totalVehiclesEntered,Total Vehicles Entered (Final),1,1
arrivals_gt_departures,Arrivals > Departures,leftTurnProb,Left Turn Probability (L),0.3684,totalVehiclesEntered,Total Vehicles Entered (Final),1,1
arrivals_gt_departures,Arrivals > Departures,leftTurnProb,Left Turn Probability (L),0.4211,totalVehiclesEntered,Total Vehicles Entered (Final),1,1
arrivals_gt_departures,Arrivals > Departures,leftTurnProb,Left Turn Probability (L),0.4737,totalVehiclesEntered,Total Vehicles Entered (Final),1,1
arrivals_gt_departures,Arrivals > Departures,leftTurnProb,Left Turn Probability (L),0.5263,totalVehiclesEntered,Total Vehicles Entered (Final),1,1
arrivals_gt_departures,Arrivals > Departures,leftTurnProb,Left Turn Probability (L),0.5789,totalVehiclesEntered,Total Vehicles Entered (Final),1,1
arrivals_gt_departures,Arrivals > Departures,leftTurnProb,Left Turn Probability (L),0.6316,totalVehiclesEntered,Total Vehicles Entered (Final),1,1
arrivals_gt_departures,Arrivals > Departures,leftTurnProb,Left Turn Probability (L),0.6842,totalVehiclesEntered,Total Vehicles Entered (Final),1,1
arrivals_gt_departures,Arrivals > Departures,leftTurnProb,Left Turn Probability (L),0.7368,totalVehiclesEntered,Total Vehicles Entered (Final),1,1
arrivals_gt_departures,Arrivals > Departures,leftTurnProb,Left Turn Probability (L),0.7895,totalVehiclesEntered,Total Vehicles Entered (Final),1,1
arrivals_gt_departures,Arrivals > Departures,leftTurnProb,Left Turn Probability (L),0.8421,totalVehiclesEntered,Total Vehicles Entered (Final),1,1
arrivals_gt_departures,Arrivals > Departures,leftTurnProb,Left Turn Probability (L),0.8947,totalVehiclesEntered,Total Vehicles Entered (Final),1,1
arrivals_gt_departures,Arrivals > Departures,leftTurnProb,Left Turn Probability (L),0.9474,totalVehiclesEntered,Total Vehicles Entered (Final),1,1
arrivals_gt_departures,Arrivals > Departures,leftTurnProb,Left Turn Probability (L),1,totalVehiclesEntered,Total Vehicles Entered (Final),1,1
arrivals_gt_departures,Arrivals > Departures,leftTurnProb,Left Turn Probability (L),0,vehiclesInNetwork,Vehicles In Network (Final),1.0329382513397383,1
arrivals_gt_departures,Arrivals > Departures,leftTurnProb,Left Turn Probability (L),0.0526,vehiclesInNetwork,Vehicles In Network (Final),1.035386508305189,1
arrivals_gt_departures,Arrivals > Departures,leftTurnProb,Left Turn Probability (L),0.1053,vehiclesInNetwork,Vehicles In Network (Final),1.0329920068568312,1
arrivals_gt_departures,Arrivals > Departures,leftTurnProb,Left Turn Probability (L),0.1579,vehiclesInNetwork,Vehicles In Network (Final),1.031509300205921,1
arrivals_gt_departures,Arrivals > Departures,leftTurnProb,Left Turn Probability (L),0.2105,vehiclesInNetwork,Vehicles In Network (Final),1.028770884655293,1
arrivals_gt_departures,Arrivals > Departures,leftTurnProb,Left Turn Probability (L),0.2632,vehiclesInNetwork,Vehicles In Network (Final),1.0277626524447097,1
arrivals_gt_departures,Arrivals > Departures,leftTurnProb,Left Turn Probability (L),0.3158,vehiclesInNetwork,Vehicles In Network (Final),1.0252531287590916,1
arrivals_gt_departures,Arrivals > Departures,leftTurnProb,Left Turn Probability (L),0.3684,vehiclesInNetwork,Vehicles In Network (Final),1.0221538250499405,1
arrivals_gt_departures,Arrivals > Departures,leftTurnProb,Left Turn Probability (L),0.4211,vehiclesInNetwork,Vehicles In Network (Final),1.0182692037437815,1
arrivals_gt_departures,Arrivals > Departures,leftTurnProb,Left Turn Probability (L),0.4737,vehiclesInNetwork,Vehicles In Network (Final),1.011980136561142,1
arrivals_gt_departures,Arrivals > Departures,leftTurnProb,Left Turn Probability (L),0.5263,vehiclesInNetwork,Vehicles In Network (Final),1.0082463404677202,1
arrivals_gt_departures,Arrivals > Departures,leftTurnProb,Left Turn Probability (L),0.5789,vehiclesInNetwork,Vehicles In Network (Final),1.0002696580735628,1
arrivals_gt_departures,Arrivals > Departures,leftTurnProb,Left Turn Probability (L),0.6316,vehiclesInNetwork,Vehicles In Network (Final),0.9992569619435291,1
arrivals_gt_departures,Arrivals > Departures,leftTurnProb,Left Turn Probability (L),0.6842,vehiclesInNetwork,Vehicles In Network (Final),1.0053178582982853,1
arrivals_gt_departures,Arrivals > Departures,leftTurnProb,Left Turn Probability (L),0.7368,vehiclesInNetwork,Vehicles In Network (Final),1.0053697495025486,1
arrivals_gt_departures,Arrivals > Departures,leftTurnProb,Left Turn Probability (L),0.7895,vehiclesInNetwork,Vehicles In Network (Final),1.0078134488482247,1
arrivals_gt_departures,Arrivals > Departures,leftTurnProb,Left Turn Probability (L),0.8421,vehiclesInNetwork,Vehicles In Network (Final),1.0067889718076286,1
arrivals_gt_departures,Arrivals > Departures,leftTurnProb,Left Turn Probability (L),0.8947,vehiclesInNetwork,Vehicles In Network (Final),1.0044843049327354,1
arrivals_gt_departures,Arrivals > Departures,leftTurnProb,Left Turn Probability (L),0.9474,vehiclesInNetwork,Vehicles In Network (Final),1.001068376068376,1
arrivals_gt_departures,Arrivals > Departures,leftTurnProb,Left Turn Probability (L),1,vehiclesInNetwork,Vehicles In Network (Final),1,1
arrivals_gt_departures,Arrivals > Departures,lookaheadH,Greedy Lookahead Horizon H (steps),1,sumAvgWaitTimes,Sum of Average Wait Times (Final),0.896948353510683,1
arrivals_gt_departures,Arrivals > Departures,lookaheadH,Greedy Lookahead Horizon H (steps),2,sumAvgWaitTimes,Sum of Average Wait Times (Final),0.8920772697521072,1
arrivals_gt_departures,Arrivals > Departures,lookaheadH,Greedy Lookahead Horizon H (steps),3,sumAvgWaitTimes,Sum of Average Wait Times (Final),0.8949388740810129,1
arrivals_gt_departures,Arrivals > Departures,lookaheadH,Greedy Lookahead Horizon H (steps),4,sumAvgWaitTimes,Sum of Average Wait Times (Final),0.8873391055727907,1
arrivals_gt_departures,Arrivals > Departures,lookaheadH,Greedy Lookahead Horizon H (steps),5,sumAvgWaitTimes,Sum of Average Wait Times (Final),0.8943017575053752,1
arrivals_gt_departures,Arrivals > Departures,lookaheadH,Greedy Lookahead Horizon H (steps),6,sumAvgWaitTimes,Sum of Average Wait Times (Final),0.8968141284543589,1
arrivals_gt_departures,Arrivals > Departures,lookaheadH,Greedy Lookahead Horizon H (steps),7,sumAvgWaitTimes,Sum of Average Wait Times (Final),0.9039504565409687,1
arrivals_gt_departures,Arrivals > Departures,lookaheadH,Greedy Lookahead Horizon H (steps),8,sumAvgWaitTimes,Sum of Average Wait Times (Final),0.9024288861172319,1
arrivals_gt_departures,Arrivals > Departures,lookaheadH,Greedy Lookahead Horizon H (steps),9,sumAvgWaitTimes,Sum of Average Wait Times (Final),0.9208235110979782,1
arrivals_gt_departures,Arrivals > Departures,lookaheadH,Greedy Lookahead Horizon H (steps),10,sumAvgWaitTimes,Sum of Average Wait Times (Final),0.9258046093124145,1
arrivals_gt_departures,Arrivals > Departures,lookaheadH,Greedy Lookahead Horizon H (steps),11,sumAvgWaitTimes,Sum of Average Wait Times (Final),0.9371727283524018,1
arrivals_gt_departures,Arrivals > Departures,lookaheadH,Greedy Lookahead Horizon H (steps),12,sumAvgWaitTimes,Sum of Average Wait Times (Final),0.9617829427236572,1
arrivals_gt_departures,Arrivals > Departures,lookaheadH,Greedy Lookahead Horizon H (steps),13,sumAvgWaitTimes,Sum of Average Wait Times (Final),0.9521072622405585,1
arrivals_gt_departures,Arrivals > Departures,lookaheadH,Greedy Lookahead Horizon H (steps),14,sumAvgWaitTimes,Sum of Average Wait Times (Final),0.9626310517948558,1
arrivals_gt_departures,Arrivals > Departures,lookaheadH,Greedy Lookahead Horizon H (steps),15,sumAvgWaitTimes,Sum of Average Wait Times (Final),1.00168088446006,1
arrivals_gt_departures,Arrivals > Departures,lookaheadH,Greedy Lookahead Horizon H (steps),16,sumAvgWaitTimes,Sum of Average Wait Times (Final),1.008558524288269,1
arrivals_gt_departures,Arrivals > Departures,lookaheadH,Greedy Lookahead Horizon H (steps),17,sumAvgWaitTimes,Sum of Average Wait Times (Final),1.002282222631386,1
arrivals_gt_departures,Arrivals > Departures,lookaheadH,Greedy Lookahead Horizon H (steps),18,sumAvgWaitTimes,Sum of Average Wait Times (Final),1.0142366650390664,1
arrivals_gt_departures,Arrivals > Departures,lookaheadH,Greedy Lookahead Horizon H (steps),19,sumAvgWaitTimes,Sum of Average Wait Times (Final),1.0324472600964771,1
arrivals_gt_departures,Arrivals > Departures,lookaheadH,Greedy Lookahead Horizon H (steps),20,sumAvgWaitTimes,Sum of Average Wait Times (Final),1.0456764365162468,1
arrivals_gt_departures,Arrivals > Departures,lookaheadH,Greedy Lookahead Horizon H (steps),1,sumQueueSizes,Total Queue Size (Final),0.9581970422197245,1
arrivals_gt_departures,Arrivals > Departures,lookaheadH,Greedy Lookahead Horizon H (steps),2,sumQueueSizes,Total Queue Size (Final),0.957294384464253,1
arrivals_gt_departures,Arrivals > Departures,lookaheadH,Greedy Lookahead Horizon H (steps),3,sumQueueSizes,Total Queue Size (Final),0.9573492970567412,1
arrivals_gt_departures,Arrivals > Departures,lookaheadH,Greedy Lookahead Horizon H (steps),4,sumQueueSizes,Total Queue Size (Final),0.9564874316663932,1
arrivals_gt_departures,Arrivals > Departures,lookaheadH,Greedy Lookahead Horizon H (steps),5,sumQueueSizes,Total Queue Size (Final),0.9585008470504943,1
arrivals_gt_departures,Arrivals > Departures,lookaheadH,Greedy Lookahead Horizon H (steps),6,sumQueueSizes,Total Queue Size (Final),0.9568228491990775,1
arrivals_gt_departures,Arrivals > Departures,lookaheadH,Greedy Lookahead Horizon H (steps),7,sumQueueSizes,Total Queue Size (Final),0.9578510674572354,1
arrivals_gt_departures,Arrivals > Departures,lookaheadH,Greedy Lookahead Horizon H (steps),8,sumQueueSizes,Total Queue Size (Final),0.9580181375801814,1
arrivals_gt_departures,Arrivals > Departures,lookaheadH,Greedy Lookahead Horizon H (steps),9,sumQueueSizes,Total Queue Size (Final),0.9586362544410868,1
arrivals_gt_departures,Arrivals > Departures,lookaheadH,Greedy Lookahead Horizon H (steps),10,sumQueueSizes,Total Queue Size (Final),0.959821456756296,1
arrivals_gt_departures,Arrivals > Departures,lookaheadH,Greedy Lookahead Horizon H (steps),11,sumQueueSizes,Total Queue Size (Final),0.9595289958013701,1
arrivals_gt_departures,Arrivals > Departures,lookaheadH,Greedy Lookahead Horizon H (steps),12,sumQueueSizes,Total Queue Size (Final),0.9619943793615208,1
arrivals_gt_departures,Arrivals > Departures,lookaheadH,Greedy Lookahead Horizon H (steps),13,sumQueueSizes,Total Queue Size (Final),0.9618106455037153,1
arrivals_gt_departures,Arrivals > Departures,lookaheadH,Greedy Lookahead Horizon H (steps),14,sumQueueSizes,Total Queue Size (Final),0.9619974993369454,1
arrivals_gt_departures,Arrivals > Departures,lookaheadH,Greedy Lookahead Horizon H (steps),15,sumQueueSizes,Total Queue Size (Final),0.9632874531776061,1
arrivals_gt_departures,Arrivals > Departures,lookaheadH,Greedy Lookahead Horizon H (steps),16,sumQueueSizes,Total Queue Size (Final),0.9664245563064485,1
arrivals_gt_departures,Arrivals > Departures,lookaheadH,Greedy Lookahead Horizon H (steps),17,sumQueueSizes,Total Queue Size (Final),0.9658197389113095,1
arrivals_gt_departures,Arrivals > Departures,lookaheadH,Greedy Lookahead Horizon H (steps),18,sumQueueSizes,Total Queue Size (Final),0.9660692634131555,1
arrivals_gt_departures,Arrivals > Departures,lookaheadH,Greedy Lookahead Horizon H (steps),19,sumQueueSizes,Total Queue Size (Final),0.9683006948831333,1
arrivals_gt_departures,Arrivals > Departures,lookaheadH,Greedy Lookahead Horizon H (steps),20,sumQueueSizes,Total Queue Size (Final),0.9678755168386832,1
arrivals_gt_departures,Arrivals > Departures,lookaheadH,Greedy Lookahead Horizon H (steps),1,sumStdTotalWaitTimes,Sum of Std Total Wait Times (Final),0.7318742275566147,1
arrivals_gt_departures,Arrivals > Departures,lookaheadH,Greedy Lookahead Horizon H (steps),2,sumStdTotalWaitTimes,Sum of Std Total Wait Times (Final),0.7278801448483492,1
arrivals_gt_departures,Arrivals > Departures,lookaheadH,Greedy Lookahead Horizon H (steps),3,sumStdTotalWaitTimes,Sum of Std Total Wait Times (Final),0.7251188263370051,1
arrivals_gt_departures,Arrivals > Departures,lookaheadH,Greedy Lookahead Horizon H (steps),4,sumStdTotalWaitTimes,Sum of Std Total Wait Times (Final),0.7219271421784434,1
arrivals_gt_departures,Arrivals > Departures,lookaheadH,Greedy Lookahead Horizon H (steps),5,sumStdTotalWaitTimes,Sum of Std Total Wait Times (Final),0.7196206156471135,1
arrivals_gt_departures,Arrivals > Departures,lookaheadH,Greedy Lookahead Horizon H (steps),6,sumStdTotalWaitTimes,Sum of Std Total Wait Times (Final),0.718849498388573,1
arrivals_gt_departures,Arrivals > Departures,lookaheadH,Greedy Lookahead Horizon H (steps),7,sumStdTotalWaitTimes,Sum of Std Total Wait Times (Final),0.719359251470727,1
arrivals_gt_departures,Arrivals > Departures,lookaheadH,Greedy Lookahead Horizon H (steps),8,sumStdTotalWaitTimes,Sum of Std Total Wait Times (Final),0.7171353793826124,1
arrivals_gt_departures,Arrivals > Departures,lookaheadH,Greedy Lookahead Horizon H (steps),9,sumStdTotalWaitTimes,Sum of Std Total Wait Times (Final),0.71509860743671,1
arrivals_gt_departures,Arrivals > Departures,lookaheadH,Greedy Lookahead Horizon H (steps),10,sumStdTotalWaitTimes,Sum of Std Total Wait Times (Final),0.7143356832344074,1
arrivals_gt_departures,Arrivals > Departures,lookaheadH,Greedy Lookahead Horizon H (steps),11,sumStdTotalWaitTimes,Sum of Std Total Wait Times (Final),0.7131844494051743,1
arrivals_gt_departures,Arrivals > Departures,lookaheadH,Greedy Lookahead Horizon H (steps),12,sumStdTotalWaitTimes,Sum of Std Total Wait Times (Final),0.7092022274170661,1
arrivals_gt_departures,Arrivals > Departures,lookaheadH,Greedy Lookahead Horizon H (steps),13,sumStdTotalWaitTimes,Sum of Std Total Wait Times (Final),0.7082822778586316,1
arrivals_gt_departures,Arrivals > Departures,lookaheadH,Greedy Lookahead Horizon H (steps),14,sumStdTotalWaitTimes,Sum of Std Total Wait Times (Final),0.7060078307382576,1
arrivals_gt_departures,Arrivals > Departures,lookaheadH,Greedy Lookahead Horizon H (steps),15,sumStdTotalWaitTimes,Sum of Std Total Wait Times (Final),0.7050127457292044,1
arrivals_gt_departures,Arrivals > Departures,lookaheadH,Greedy Lookahead Horizon H (steps),16,sumStdTotalWaitTimes,Sum of Std Total Wait Times (Final),0.7010860616167778,1
arrivals_gt_departures,Arrivals > Departures,lookaheadH,Greedy Lookahead Horizon H (steps),17,sumStdTotalWaitTimes,Sum of Std Total Wait Times (Final),0.6996285579965009,1
arrivals_gt_departures,Arrivals > Departures,lookaheadH,Greedy Lookahead Horizon H (steps),18,sumStdTotalWaitTimes,Sum of Std Total Wait Times (Final),0.7000996232617971,1
arrivals_gt_departures,Arrivals > Departures,lookaheadH,Greedy Lookahead Horizon H (steps),19,sumStdTotalWaitTimes,Sum of Std Total Wait Times (Final),0.6978400009704869,1
arrivals_gt_departures,Arrivals > Departures,lookaheadH,Greedy Lookahead Horizon H (steps),20,sumStdTotalWaitTimes,Sum of Std Total Wait Times (Final),0.6953041806520387,1
arrivals_gt_departures,Arrivals > Departures,lookaheadH,Greedy Lookahead Horizon H (steps),1,sumTotalWaitTimes,Sum of Total Wait Times (Final),0.823747344759126,1
arrivals_gt_departures,Arrivals > Departures,lookaheadH,Greedy Lookahead Horizon H (steps),2,sumTotalWaitTimes,Sum of Total Wait Times (Final),0.8227200306428358,1
arrivals_gt_departures,Arrivals > Departures,lookaheadH,Greedy Lookahead Horizon H (steps),3,sumTotalWaitTimes,Sum of Total Wait Times (Final),0.8221686338730223,1
arrivals_gt_departures,Arrivals > Departures,lookaheadH,Greedy Lookahead Horizon H (steps),4,sumTotalWaitTimes,Sum of Total Wait Times (Final),0.8223062084150838,1
arrivals_gt_departures,Arrivals > Departures,lookaheadH,Greedy Lookahead Horizon H (steps),5,sumTotalWaitTimes,Sum of Total Wait Times (Final),0.8225527663459931,1
arrivals_gt_departures,Arrivals > Departures,lookaheadH,Greedy Lookahead Horizon H (steps),6,sumTotalWaitTimes,Sum of Total Wait Times (Final),0.823079058383395,1
arrivals_gt_departures,Arrivals > Departures,lookaheadH,Greedy Lookahead Horizon H (steps),7,sumTotalWaitTimes,Sum of Total Wait Times (Final),0.8222961615303223,1
arrivals_gt_departures,Arrivals > Departures,lookaheadH,Greedy Lookahead Horizon H (steps),8,sumTotalWaitTimes,Sum of Total Wait Times (Final),0.8209981297250504,1
arrivals_gt_departures,Arrivals > Departures,lookaheadH,Greedy Lookahead Horizon H (steps),9,sumTotalWaitTimes,Sum of Total Wait Times (Final),0.8219976436258284,1
arrivals_gt_departures,Arrivals > Departures,lookaheadH,Greedy Lookahead Horizon H (steps),10,sumTotalWaitTimes,Sum of Total Wait Times (Final),0.8221074950157666,1
arrivals_gt_departures,Arrivals > Departures,lookaheadH,Greedy Lookahead Horizon H (steps),11,sumTotalWaitTimes,Sum of Total Wait Times (Final),0.8217895557464514,1
arrivals_gt_departures,Arrivals > Departures,lookaheadH,Greedy Lookahead Horizon H (steps),12,sumTotalWaitTimes,Sum of Total Wait Times (Final),0.8240479585261263,1
arrivals_gt_departures,Arrivals > Departures,lookaheadH,Greedy Lookahead Horizon H (steps),13,sumTotalWaitTimes,Sum of Total Wait Times (Final),0.8235501433771604,1
arrivals_gt_departures,Arrivals > Departures,lookaheadH,Greedy Lookahead Horizon H (steps),14,sumTotalWaitTimes,Sum of Total Wait Times (Final),0.8228823760833226,1
arrivals_gt_departures,Arrivals > Departures,lookaheadH,Greedy Lookahead Horizon H (steps),15,sumTotalWaitTimes,Sum of Total Wait Times (Final),0.8240584280202873,1
arrivals_gt_departures,Arrivals > Departures,lookaheadH,Greedy Lookahead Horizon H (steps),16,sumTotalWaitTimes,Sum of Total Wait Times (Final),0.8255802632050935,1
arrivals_gt_departures,Arrivals > Departures,lookaheadH,Greedy Lookahead Horizon H (steps),17,sumTotalWaitTimes,Sum of Total Wait Times (Final),0.8243649956111642,1
arrivals_gt_departures,Arrivals > Departures,lookaheadH,Greedy Lookahead Horizon H (steps),18,sumTotalWaitTimes,Sum of Total Wait Times (Final),0.825286638343847,1
arrivals_gt_departures,Arrivals > Departures,lookaheadH,Greedy Lookahead Horizon H (steps),19,sumTotalWaitTimes,Sum of Total Wait Times (Final),0.8249545023822329,1
arrivals_gt_departures,Arrivals > Departures,lookaheadH,Greedy Lookahead Horizon H (steps),20,sumTotalWaitTimes,Sum of Total Wait Times (Final),0.8261761510396369,1
arrivals_gt_departures,Arrivals > Departures,lookaheadH,Greedy Lookahead Horizon H (steps),1,throughput,Network Throughput (Final),1.1397484881455429,1
arrivals_gt_departures,Arrivals > Departures,lookaheadH,Greedy Lookahead Horizon H (steps),2,throughput,Network Throughput (Final),1.145010224432607,1
arrivals_gt_departures,Arrivals > Departures,lookaheadH,Greedy Lookahead Horizon H (steps),3,throughput,Network Throughput (Final),1.143641953530568,1
arrivals_gt_departures,Arrivals > Departures,lookaheadH,Greedy Lookahead Horizon H (steps),4,throughput,Network Throughput (Final),1.1484598808467485,1
arrivals_gt_departures,Arrivals > Departures,lookaheadH,Greedy Lookahead Horizon H (steps),5,throughput,Network Throughput (Final),1.13953547020402,1
arrivals_gt_departures,Arrivals > Departures,lookaheadH,Greedy Lookahead Horizon H (steps),6,throughput,Network Throughput (Final),1.1479768493946976,1
arrivals_gt_departures,Arrivals > Departures,lookaheadH,Greedy Lookahead Horizon H (steps),7,throughput,Network Throughput (Final),1.1405609274540576,1
arrivals_gt_departures,Arrivals > Departures,lookaheadH,Greedy Lookahead Horizon H (steps),8,throughput,Network Throughput (Final),1.1412343809163197,1
arrivals_gt_departures,Arrivals > Departures,lookaheadH,Greedy Lookahead Horizon H (steps),9,throughput,Network Throughput (Final),1.1372608333963548,1
arrivals_gt_departures,Arrivals > Departures,lookaheadH,Greedy Lookahead Horizon H (steps),10,throughput,Network Throughput (Final),1.1336710143092315,1
arrivals_gt_departures,Arrivals > Departures,lookaheadH,Greedy Lookahead Horizon H (steps),11,throughput,Network Throughput (Final),1.1338885654254107,1
arrivals_gt_departures,Arrivals > Departures,lookaheadH,Greedy Lookahead Horizon H (steps),12,throughput,Network Throughput (Final),1.1244406239728972,1
arrivals_gt_departures,Arrivals > Departures,lookaheadH,Greedy Lookahead Horizon H (steps),13,throughput,Network Throughput (Final),1.1253534639466773,1
arrivals_gt_departures,Arrivals > Departures,lookaheadH,Greedy Lookahead Horizon H (steps),14,throughput,Network Throughput (Final),1.1223096183515011,1
arrivals_gt_departures,Arrivals > Departures,lookaheadH,Greedy Lookahead Horizon H (steps),15,throughput,Network Throughput (Final),1.1192292150722296,1
arrivals_gt_departures,Arrivals > Departures,lookaheadH,Greedy Lookahead Horizon H (steps),16,throughput,Network Throughput (Final),1.107133828808332,1
arrivals_gt_departures,Arrivals > Departures,lookaheadH,Greedy Lookahead Horizon H (steps),17,throughput,Network Throughput (Final),1.111271383743294,1
arrivals_gt_departures,Arrivals > Departures,lookaheadH,Greedy Lookahead Horizon H (steps),18,throughput,Network Throughput (Final),1.1078550460572933,1
arrivals_gt_departures,Arrivals > Departures,lookaheadH,Greedy Lookahead Horizon H (steps),19,throughput,Network Throughput (Final),1.0983295847969472,1
arrivals_gt_departures,Arrivals > Departures,lookaheadH,Greedy Lookahead Horizon H (steps),20,throughput,Network Throughput (Final),1.1016214846719028,1
arrivals_gt_departures,Arrivals > Departures,lookaheadH,Greedy Lookahead Horizon H (steps),1,totalVehiclesEntered,Total Vehicles Entered (Final),1,1
arrivals_gt_departures,Arrivals > Departures,lookaheadH,Greedy Lookahead Horizon H (steps),2,totalVehiclesEntered,Total Vehicles Entered (Final),1,1
arrivals_gt_departures,Arrivals > Departures,lookaheadH,Greedy Lookahead Horizon H (steps),3,totalVehiclesEntered,Total Vehicles Entered (Final),1,1
arrivals_gt_departures,Arrivals > Departures,lookaheadH,Greedy Lookahead Horizon H (steps),4,totalVehiclesEntered,Total Vehicles Entered (Final),1,1
arrivals_gt_departures,Arrivals > Departures,lookaheadH,Greedy Lookahead Horizon H (steps),5,totalVehiclesEntered,Total Vehicles Entered (Final),1,1
arrivals_gt_departures,Arrivals > Departures,lookaheadH,Greedy Lookahead Horizon H (steps),6,totalVehiclesEntered,Total Vehicles Entered (Final),1,1
arrivals_gt_departures,Arrivals > Departures,lookaheadH,Greedy Lookahead Horizon H (steps),7,totalVehiclesEntered,Total Vehicles Entered (Final),1,1
arrivals_gt_departures,Arrivals > Departures,lookaheadH,Greedy Lookahead Horizon H (steps),8,totalVehiclesEntered,Total Vehicles Entered (Final),1,1
arrivals_gt_departures,Arrivals > Departures,lookaheadH,Greedy Lookahead Horizon H (steps),9,totalVehiclesEntered,Total Vehicles Entered (Final),1,1
arrivals_gt_departures,Arrivals > Departures,lookaheadH,Greedy Lookahead Horizon H (steps),10,totalVehiclesEntered,Total Vehicles Entered (Final),1,1
arrivals_gt_departures,Arrivals > Departures,lookaheadH,Greedy Lookahead Horizon H (steps),11,totalVehiclesEntered,Total Vehicles Entered (Final),1,1
arrivals_gt_departures,Arrivals > Departures,lookaheadH,Greedy Lookahead Horizon H (steps),12,totalVehiclesEntered,Total Vehicles Entered (Final),1,1
arrivals_gt_departures,Arrivals > Departures,lookaheadH,Greedy Lookahead Horizon H (steps),13,totalVehiclesEntered,Total Vehicles Entered (Final),1,1
arrivals_gt_departures,Arrivals > Departures,lookaheadH,Greedy Lookahead Horizon H (steps),14,totalVehiclesEntered,Total Vehicles Entered (Final),1,1
arrivals_gt_departures,Arrivals > Departures,lookaheadH,Greedy Lookahead Horizon H (steps),15,totalVehiclesEntered,Total Vehicles Entered (Final),1,1
arrivals_gt_departures,Arrivals > Departures,lookaheadH,Greedy Lookahead Horizon H (steps),16,totalVehiclesEntered,Total Vehicles Entered (Final),1,1
arrivals_gt_departures,Arrivals > Departures,lookaheadH,Greedy Lookahead Horizon H (steps),17,totalVehiclesEntered,Total Vehicles Entered (Final),1,1
arrivals_gt_departures,Arrivals > Departures,lookaheadH,Greedy Lookahead Horizon H (steps),18,totalVehiclesEntered,Total Vehicles Entered (Final),1,1
arrivals_gt_departures,Arrivals > Departures,lookaheadH,Greedy Lookahead Horizon H (steps),19,totalVehiclesEntered,Total Vehicles Entered (Final),1,1
arrivals_gt_departures,Arrivals > Departures,lookaheadH,Greedy Lookahead Horizon H (steps),20,totalVehiclesEntered,Total Vehicles Entered (Final),1,1
arrivals_gt_departures,Arrivals > Departures,lookaheadH,Greedy Lookahead Horizon H (steps),1,vehiclesInNetwork,Vehicles In Network (Final),0.9653823734040353,1
arrivals_gt_departures,Arrivals > Departures,lookaheadH,Greedy Lookahead Horizon H (steps),2,vehiclesInNetwork,Vehicles In Network (Final),0.9639768458417214,1
arrivals_gt_departures,Arrivals > Departures,lookaheadH,Greedy Lookahead Horizon H (steps),3,vehiclesInNetwork,Vehicles In Network (Final),0.9642368648906401,1
arrivals_gt_departures,Arrivals > Departures,lookaheadH,Greedy Lookahead Horizon H (steps),4,vehiclesInNetwork,Vehicles In Network (Final),0.9633126382197608,1
arrivals_gt_departures,Arrivals > Departures,lookaheadH,Greedy Lookahead Horizon H (steps),5,vehiclesInNetwork,Vehicles In Network (Final),0.9652909774105928,1
arrivals_gt_departures,Arrivals > Departures,lookaheadH,Greedy Lookahead Horizon H (steps),6,vehiclesInNetwork,Vehicles In Network (Final),0.9632908455958419,1
arrivals_gt_departures,Arrivals > Departures,lookaheadH,Greedy Lookahead Horizon H (steps),7,vehiclesInNetwork,Vehicles In Network (Final),0.9651976083931861,1
arrivals_gt_departures,Arrivals > Departures,lookaheadH,Greedy Lookahead Horizon H (steps),8,vehiclesInNetwork,Vehicles In Network (Final),0.9649104102252131,1
arrivals_gt_departures,Arrivals > Departures,lookaheadH,Greedy Lookahead Horizon H (steps),9,vehiclesInNetwork,Vehicles In Network (Final),0.9658395809153361,1
arrivals_gt_departures,Arrivals > Departures,lookaheadH,Greedy Lookahead Horizon H (steps),10,vehiclesInNetwork,Vehicles In Network (Final),0.96692547264991,1
arrivals_gt_departures,Arrivals > Departures,lookaheadH,Greedy Lookahead Horizon H (steps),11,vehiclesInNetwork,Vehicles In Network (Final),0.9668528023765206,1
arrivals_gt_departures,Arrivals > Departures,lookaheadH,Greedy Lookahead Horizon H (steps),12,vehiclesInNetwork,Vehicles In Network (Final),0.9691431938863151,1
arrivals_gt_departures,Arrivals > Departures,lookaheadH,Greedy Lookahead Horizon H (steps),13,vehiclesInNetwork,Vehicles In Network (Final),0.9688628838049368,1
arrivals_gt_departures,Arrivals > Departures,lookaheadH,Greedy Lookahead Horizon H (steps),14,vehiclesInNetwork,Vehicles In Network (Final),0.9696850023507287,1
arrivals_gt_departures,Arrivals > Departures,lookaheadH,Greedy Lookahead Horizon H (steps),15,vehiclesInNetwork,Vehicles In Network (Final),0.970395314420448,1
arrivals_gt_departures,Arrivals > Departures,lookaheadH,Greedy Lookahead Horizon H (steps),16,vehiclesInNetwork,Vehicles In Network (Final),0.973430466565521,1
arrivals_gt_departures,Arrivals > Departures,lookaheadH,Greedy Lookahead Horizon H (steps),17,vehiclesInNetwork,Vehicles In Network (Final),0.9724408955298719,1
arrivals_gt_departures,Arrivals > Departures,lookaheadH,Greedy Lookahead Horizon H (steps),18,vehiclesInNetwork,Vehicles In Network (Final),0.9732870358763507,1
arrivals_gt_departures,Arrivals > Departures,lookaheadH,Greedy Lookahead Horizon H (steps),19,vehiclesInNetwork,Vehicles In Network (Final),0.975603945000721,1
arrivals_gt_departures,Arrivals > Departures,lookaheadH,Greedy Lookahead Horizon H (steps),20,vehiclesInNetwork,Vehicles In Network (Final),0.9748674762209105,1
arrivals_gt_departures,Arrivals > Departures,queueStdWeight,Queue Std Weight,0,sumAvgWaitTimes,Sum of Average Wait Times (Final),0.8857317086743917,1
arrivals_gt_departures,Arrivals > Departures,queueStdWeight,Queue Std Weight,1.0526,sumAvgWaitTimes,Sum of Average Wait Times (Final),0.8983561519768479,1
arrivals_gt_departures,Arrivals > Departures,queueStdWeight,Queue Std Weight,2.1053,sumAvgWaitTimes,Sum of Average Wait Times (Final),0.8899407622626536,1
arrivals_gt_departures,Arrivals > Departures,queueStdWeight,Queue Std Weight,3.1579,sumAvgWaitTimes,Sum of Average Wait Times (Final),0.8966461421074448,1
arrivals_gt_departures,Arrivals > Departures,queueStdWeight,Queue Std Weight,4.2105,sumAvgWaitTimes,Sum of Average Wait Times (Final),0.8895131075700573,1
arrivals_gt_departures,Arrivals > Departures,queueStdWeight,Queue Std Weight,5.2632,sumAvgWaitTimes,Sum of Average Wait Times (Final),0.8904514509180007,1
arrivals_gt_departures,Arrivals > Departures,queueStdWeight,Queue Std Weight,6.3158,sumAvgWaitTimes,Sum of Average Wait Times (Final),0.8898390928308535,1
arrivals_gt_departures,Arrivals > Departures,queueStdWeight,Queue Std Weight,7.3684,sumAvgWaitTimes,Sum of Average Wait Times (Final),0.8988900641535926,1
arrivals_gt_departures,Arrivals > Departures,queueStdWeight,Queue Std Weight,8.4211,sumAvgWaitTimes,Sum of Average Wait Times (Final),0.8926844160056095,1
arrivals_gt_departures,Arrivals > Departures,queueStdWeight,Queue Std Weight,9.4737,sumAvgWaitTimes,Sum of Average Wait Times (Final),0.8913449138054897,1
arrivals_gt_departures,Arrivals > Departures,queueStdWeight,Queue Std Weight,10.5263,sumAvgWaitTimes,Sum of Average Wait Times (Final),0.8904731883591689,1
arrivals_gt_departures,Arrivals > Departures,queueStdWeight,Queue Std Weight,11.5789,sumAvgWaitTimes,Sum of Average Wait Times (Final),0.8905702955096679,1
arrivals_gt_departures,Arrivals > Departures,queueStdWeight,Queue Std Weight,12.6316,sumAvgWaitTimes,Sum of Average Wait Times (Final),0.8906126226130597,1
arrivals_gt_departures,Arrivals > Departures,queueStdWeight,Queue Std Weight,13.6842,sumAvgWaitTimes,Sum of Average Wait Times (Final),0.8936833545738591,1
arrivals_gt_departures,Arrivals > Departures,queueStdWeight,Queue Std Weight,14.7368,sumAvgWaitTimes,Sum of Average Wait Times (Final),0.8967585310068336,1
arrivals_gt_departures,Arrivals > Departures,queueStdWeight,Queue Std Weight,15.7895,sumAvgWaitTimes,Sum of Average Wait Times (Final),0.9063575172279369,1
arrivals_gt_departures,Arrivals > Departures,queueStdWeight,Queue Std Weight,16.8421,sumAvgWaitTimes,Sum of Average Wait Times (Final),0.8973165957178119,1
arrivals_gt_departures,Arrivals > Departures,queueStdWeight,Queue Std Weight,17.8947,sumAvgWaitTimes,Sum of Average Wait Times (Final),0.8947914446990913,1
arrivals_gt_departures,Arrivals > Departures,queueStdWeight,Queue Std Weight,18.9474,sumAvgWaitTimes,Sum of Average Wait Times (Final),0.8943227686304249,1
arrivals_gt_departures,Arrivals > Departures,queueStdWeight,Queue Std Weight,20,sumAvgWaitTimes,Sum of Average Wait Times (Final),0.9012539955808272,1
arrivals_gt_departures,Arrivals > Departures,queueStdWeight,Queue Std Weight,0,sumQueueSizes,Total Queue Size (Final),0.9566068474293725,1
arrivals_gt_departures,Arrivals > Departures,queueStdWeight,Queue Std Weight,1.0526,sumQueueSizes,Total Queue Size (Final),0.9571954179942346,1
arrivals_gt_departures,Arrivals > Departures,queueStdWeight,Queue Std Weight,2.1053,sumQueueSizes,Total Queue Size (Final),0.9575761024901671,1
arrivals_gt_departures,Arrivals > Departures,queueStdWeight,Queue Std Weight,3.1579,sumQueueSizes,Total Queue Size (Final),0.957145566019847,1
arrivals_gt_departures,Arrivals > Departures,queueStdWeight,Queue Std Weight,4.2105,sumQueueSizes,Total Queue Size (Final),0.9565673017436208,1
arrivals_gt_departures,Arrivals > Departures,queueStdWeight,Queue Std Weight,5.2632,sumQueueSizes,Total Queue Size (Final),0.9579899383152999,1
arrivals_gt_departures,Arrivals > Departures,queueStdWeight,Queue Std Weight,6.3158,sumQueueSizes,Total Queue Size (Final),0.9552888686661863,1
arrivals_gt_departures,Arrivals > Departures,queueStdWeight,Queue Std Weight,7.3684,sumQueueSizes,Total Queue Size (Final),0.9578398204066146,1
arrivals_gt_departures,Arrivals > Departures,queueStdWeight,Queue Std Weight,8.4211,sumQueueSizes,Total Queue Size (Final),0.95773980607056,1
arrivals_gt_departures,Arrivals > Departures,queueStdWeight,Queue Std Weight,9.4737,sumQueueSizes,Total Queue Size (Final),0.9573559420546223,1
arrivals_gt_departures,Arrivals > Departures,queueStdWeight,Queue Std Weight,10.5263,sumQueueSizes,Total Queue Size (Final),0.9586686983516797,1
arrivals_gt_departures,Arrivals > Departures,queueStdWeight,Queue Std Weight,11.5789,sumQueueSizes,Total Queue Size (Final),0.9580791816631938,1
arrivals_gt_departures,Arrivals > Departures,queueStdWeight,Queue Std Weight,12.6316,sumQueueSizes,Total Queue Size (Final),0.9573353198904027,1
arrivals_gt_departures,Arrivals > Departures,queueStdWeight,Queue Std Weight,13.6842,sumQueueSizes,Total Queue Size (Final),0.958728955431315,1
arrivals_gt_departures,Arrivals > Departures,queueStdWeight,Queue Std Weight,14.7368,sumQueueSizes,Total Queue Size (Final),0.9588947594610309,1
arrivals_gt_departures,Arrivals > Departures,queueStdWeight,Queue Std Weight,15.7895,sumQueueSizes,Total Queue Size (Final),0.9611062657211836,1
arrivals_gt_departures,Arrivals > Departures,queueStdWeight,Queue Std Weight,16.8421,sumQueueSizes,Total Queue Size (Final),0.9606268389084618,1
arrivals_gt_departures,Arrivals > Departures,queueStdWeight,Queue Std Weight,17.8947,sumQueueSizes,Total Queue Size (Final),0.9594229833178459,1
arrivals_gt_departures,Arrivals > Departures,queueStdWeight,Queue Std Weight,18.9474,sumQueueSizes,Total Queue Size (Final),0.9587067032932336,1
arrivals_gt_departures,Arrivals > Departures,queueStdWeight,Queue Std Weight,20,sumQueueSizes,Total Queue Size (Final),0.960475955890712,1
arrivals_gt_departures,Arrivals > Departures,queueStdWeight,Queue Std Weight,0,sumStdTotalWaitTimes,Sum of Std Total Wait Times (Final),0.723542544933017,1
arrivals_gt_departures,Arrivals > Departures,queueStdWeight,Queue Std Weight,1.0526,sumStdTotalWaitTimes,Sum of Std Total Wait Times (Final),0.7201762956754272,1
arrivals_gt_departures,Arrivals > Departures,queueStdWeight,Queue Std Weight,2.1053,sumStdTotalWaitTimes,Sum of Std Total Wait Times (Final),0.7229339701441976,1
arrivals_gt_departures,Arrivals > Departures,queueStdWeight,Queue Std Weight,3.1579,sumStdTotalWaitTimes,Sum of Std Total Wait Times (Final),0.7200498579094587,1
arrivals_gt_departures,Arrivals > Departures,queueStdWeight,Queue Std Weight,4.2105,sumStdTotalWaitTimes,Sum of Std Total Wait Times (Final),0.7225948651295798,1
arrivals_gt_departures,Arrivals > Departures,queueStdWeight,Queue Std Weight,5.2632,sumStdTotalWaitTimes,Sum of Std Total Wait Times (Final),0.7192677441055412,1
arrivals_gt_departures,Arrivals > Departures,queueStdWeight,Queue Std Weight,6.3158,sumStdTotalWaitTimes,Sum of Std Total Wait Times (Final),0.7213617655487798,1
arrivals_gt_departures,Arrivals > Departures,queueStdWeight,Queue Std Weight,7.3684,sumStdTotalWaitTimes,Sum of Std Total Wait Times (Final),0.7192521476966085,1
arrivals_gt_departures,Arrivals > Departures,queueStdWeight,Queue Std Weight,8.4211,sumStdTotalWaitTimes,Sum of Std Total Wait Times (Final),0.7210529575339154,1
arrivals_gt_departures,Arrivals > Departures,queueStdWeight,Queue Std Weight,9.4737,sumStdTotalWaitTimes,Sum of Std Total Wait Times (Final),0.7205135561818687,1
arrivals_gt_departures,Arrivals > Departures,queueStdWeight,Queue Std Weight,10.5263,sumStdTotalWaitTimes,Sum of Std Total Wait Times (Final),0.7197847940345792,1
arrivals_gt_departures,Arrivals > Departures,queueStdWeight,Queue Std Weight,11.5789,sumStdTotalWaitTimes,Sum of Std Total Wait Times (Final),0.7195689077247672,1
arrivals_gt_departures,Arrivals > Departures,queueStdWeight,Queue Std Weight,12.6316,sumStdTotalWaitTimes,Sum of Std Total Wait Times (Final),0.7197269611195469,1
arrivals_gt_departures,Arrivals > Departures,queueStdWeight,Queue Std Weight,13.6842,sumStdTotalWaitTimes,Sum of Std Total Wait Times (Final),0.7193836625520649,1
arrivals_gt_departures,Arrivals > Departures,queueStdWeight,Queue Std Weight,14.7368,sumStdTotalWaitTimes,Sum of Std Total Wait Times (Final),0.7171173543188789,1
arrivals_gt_departures,Arrivals > Departures,queueStdWeight,Queue Std Weight,15.7895,sumStdTotalWaitTimes,Sum of Std Total Wait Times (Final),0.7172901774126953,1
arrivals_gt_departures,Arrivals > Departures,queueStdWeight,Queue Std Weight,16.8421,sumStdTotalWaitTimes,Sum of Std Total Wait Times (Final),0.7173609108291722,1
arrivals_gt_departures,Arrivals > Departures,queueStdWeight,Queue Std Weight,17.8947,sumStdTotalWaitTimes,Sum of Std Total Wait Times (Final),0.7176066968130337,1
arrivals_gt_departures,Arrivals > Departures,queueStdWeight,Queue Std Weight,18.9474,sumStdTotalWaitTimes,Sum of Std Total Wait Times (Final),0.7173508847283028,1
arrivals_gt_departures,Arrivals > Departures,queueStdWeight,Queue Std Weight,20,sumStdTotalWaitTimes,Sum of Std Total Wait Times (Final),0.7165557326441775,1
arrivals_gt_departures,Arrivals > Departures,queueStdWeight,Queue Std Weight,0,sumTotalWaitTimes,Sum of Total Wait Times (Final),0.8225286142807309,1
arrivals_gt_departures,Arrivals > Departures,queueStdWeight,Queue Std Weight,1.0526,sumTotalWaitTimes,Sum of Total Wait Times (Final),0.8221136215707183,1
arrivals_gt_departures,Arrivals > Departures,queueStdWeight,Queue Std Weight,2.1053,sumTotalWaitTimes,Sum of Total Wait Times (Final),0.8215179780413538,1
arrivals_gt_departures,Arrivals > Departures,queueStdWeight,Queue Std Weight,3.1579,sumTotalWaitTimes,Sum of Total Wait Times (Final),0.8215214368933061,1
arrivals_gt_departures,Arrivals > Departures,queueStdWeight,Queue Std Weight,4.2105,sumTotalWaitTimes,Sum of Total Wait Times (Final),0.8215020892502353,1
arrivals_gt_departures,Arrivals > Departures,queueStdWeight,Queue Std Weight,5.2632,sumTotalWaitTimes,Sum of Total Wait Times (Final),0.8224112617897172,1
arrivals_gt_departures,Arrivals > Departures,queueStdWeight,Queue Std Weight,6.3158,sumTotalWaitTimes,Sum of Total Wait Times (Final),0.8206240120399302,1
arrivals_gt_departures,Arrivals > Departures,queueStdWeight,Queue Std Weight,7.3684,sumTotalWaitTimes,Sum of Total Wait Times (Final),0.821535453142447,1
arrivals_gt_departures,Arrivals > Departures,queueStdWeight,Queue Std Weight,8.4211,sumTotalWaitTimes,Sum of Total Wait Times (Final),0.8210185023131482,1
arrivals_gt_departures,Arrivals > Departures,queueStdWeight,Queue Std Weight,9.4737,sumTotalWaitTimes,Sum of Total Wait Times (Final),0.8211438585988735,1
arrivals_gt_departures,Arrivals > Departures,queueStdWeight,Queue Std Weight,10.5263,sumTotalWaitTimes,Sum of Total Wait Times (Final),0.8213194914246815,1
arrivals_gt_departures,Arrivals > Departures,queueStdWeight,Queue Std Weight,11.5789,sumTotalWaitTimes,Sum of Total Wait Times (Final),0.8209583825046284,1
arrivals_gt_departures,Arrivals > Departures,queueStdWeight,Queue Std Weight,12.6316,sumTotalWaitTimes,Sum of Total Wait Times (Final),0.820076705947963,1
arrivals_gt_departures,Arrivals > Departures,queueStdWeight,Queue Std Weight,13.6842,sumTotalWaitTimes,Sum of Total Wait Times (Final),0.8216589717816356,1
arrivals_gt_departures,Arrivals > Departures,queueStdWeight,Queue Std Weight,14.7368,sumTotalWaitTimes,Sum of Total Wait Times (Final),0.8211664235111358,1
arrivals_gt_departures,Arrivals > Departures,queueStdWeight,Queue Std Weight,15.7895,sumTotalWaitTimes,Sum of Total Wait Times (Final),0.8215903887780148,1
arrivals_gt_departures,Arrivals > Departures,queueStdWeight,Queue Std Weight,16.8421,sumTotalWaitTimes,Sum of Total Wait Times (Final),0.8214416429959824,1
arrivals_gt_departures,Arrivals > Departures,queueStdWeight,Queue Std Weight,17.8947,sumTotalWaitTimes,Sum of Total Wait Times (Final),0.820918460223844,1
arrivals_gt_departures,Arrivals > Departures,queueStdWeight,Queue Std Weight,18.9474,sumTotalWaitTimes,Sum of Total Wait Times (Final),0.8204744675880353,1
arrivals_gt_departures,Arrivals > Departures,queueStdWeight,Queue Std Weight,20,sumTotalWaitTimes,Sum of Total Wait Times (Final),0.8214542886646126,1
arrivals_gt_departures,Arrivals > Departures,queueStdWeight,Queue Std Weight,0,throughput,Network Throughput (Final),1.1467132583814443,1
arrivals_gt_departures,Arrivals > Departures,queueStdWeight,Queue Std Weight,1.0526,throughput,Network Throughput (Final),1.1420978386820495,1
arrivals_gt_departures,Arrivals > Departures,queueStdWeight,Queue Std Weight,2.1053,throughput,Network Throughput (Final),1.1402139710509755,1
arrivals_gt_departures,Arrivals > Departures,queueStdWeight,Queue Std Weight,3.1579,throughput,Network Throughput (Final),1.1448832807570979,1
arrivals_gt_departures,Arrivals > Departures,queueStdWeight,Queue Std Weight,4.2105,throughput,Network Throughput (Final),1.1459199189052205,1
arrivals_gt_departures,Arrivals > Departures,queueStdWeight,Queue Std Weight,5.2632,throughput,Network Throughput (Final),1.1401518016995738,1
arrivals_gt_departures,Arrivals > Departures,queueStdWeight,Queue Std Weight,6.3158,throughput,Network Throughput (Final),1.1498332659660468,1
arrivals_gt_departures,Arrivals > Departures,queueStdWeight,Queue Std Weight,7.3684,throughput,Network Throughput (Final),1.1401318769819297,1
arrivals_gt_departures,Arrivals > Departures,queueStdWeight,Queue Std Weight,8.4211,throughput,Network Throughput (Final),1.1398256915498295,1
arrivals_gt_departures,Arrivals > Departures,queueStdWeight,Queue Std Weight,9.4737,throughput,Network Throughput (Final),1.1421389050301913,1
arrivals_gt_departures,Arrivals > Departures,queueStdWeight,Queue Std Weight,10.5263,throughput,Network Throughput (Final),1.1363189348664802,1
arrivals_gt_departures,Arrivals > Departures,queueStdWeight,Queue Std Weight,11.5789,throughput,Network Throughput (Final),1.1398298648032812,1
arrivals_gt_departures,Arrivals > Departures,queueStdWeight,Queue Std Weight,12.6316,throughput,Network Throughput (Final),1.1432442013572368,1
arrivals_gt_departures,Arrivals > Departures,queueStdWeight,Queue Std Weight,13.6842,throughput,Network Throughput (Final),1.1338688085676039,1
arrivals_gt_departures,Arrivals > Departures,queueStdWeight,Queue Std Weight,14.7368,throughput,Network Throughput (Final),1.1362168978562421,1
arrivals_gt_departures,Arrivals > Departures,queueStdWeight,Queue Std Weight,15.7895,throughput,Network Throughput (Final),1.1274952681388013,1
arrivals_gt_departures,Arrivals > Departures,queueStdWeight,Queue Std Weight,16.8421,throughput,Network Throughput (Final),1.1298313155361936,1
arrivals_gt_departures,Arrivals > Departures,queueStdWeight,Queue Std Weight,17.8947,throughput,Network Throughput (Final),1.1342801644761737,1
arrivals_gt_departures,Arrivals > Departures,queueStdWeight,Queue Std Weight,18.9474,throughput,Network Throughput (Final),1.134850784016186,1
arrivals_gt_departures,Arrivals > Departures,queueStdWeight,Queue Std Weight,20,throughput,Network Throughput (Final),1.1303765140212911,1
arrivals_gt_departures,Arrivals > Departures,queueStdWeight,Queue Std Weight,0,totalVehiclesEntered,Total Vehicles Entered (Final),1,1
arrivals_gt_departures,Arrivals > Departures,queueStdWeight,Queue Std Weight,1.0526,totalVehiclesEntered,Total Vehicles Entered (Final),1,1
arrivals_gt_departures,Arrivals > Departures,queueStdWeight,Queue Std Weight,2.1053,totalVehiclesEntered,Total Vehicles Entered (Final),1,1
arrivals_gt_departures,Arrivals > Departures,queueStdWeight,Queue Std Weight,3.1579,totalVehiclesEntered,Total Vehicles Entered (Final),1,1
arrivals_gt_departures,Arrivals > Departures,queueStdWeight,Queue Std Weight,4.2105,totalVehiclesEntered,Total Vehicles Entered (Final),1,1
arrivals_gt_departures,Arrivals > Departures,queueStdWeight,Queue Std Weight,5.2632,totalVehiclesEntered,Total Vehicles Entered (Final),1,1
arrivals_gt_departures,Arrivals > Departures,queueStdWeight,Queue Std Weight,6.3158,totalVehiclesEntered,Total Vehicles Entered (Final),1,1
arrivals_gt_departures,Arrivals > Departures,queueStdWeight,Queue Std Weight,7.3684,totalVehiclesEntered,Total Vehicles Entered (Final),1,1
arrivals_gt_departures,Arrivals > Departures,queueStdWeight,Queue Std Weight,8.4211,totalVehiclesEntered,Total Vehicles Entered (Final),1,1
arrivals_gt_departures,Arrivals > Departures,queueStdWeight,Queue Std Weight,9.4737,totalVehiclesEntered,Total Vehicles Entered (Final),1,1
arrivals_gt_departures,Arrivals > Departures,queueStdWeight,Queue Std Weight,10.5263,totalVehiclesEntered,Total Vehicles Entered (Final),1,1
arrivals_gt_departures,Arrivals > Departures,queueStdWeight,Queue Std Weight,11.5789,totalVehiclesEntered,Total Vehicles Entered (Final),1,1
arrivals_gt_departures,Arrivals > Departures,queueStdWeight,Queue Std Weight,12.6316,totalVehiclesEntered,Total Vehicles Entered (Final),1,1
arrivals_gt_departures,Arrivals > Departures,queueStdWeight,Queue Std Weight,13.6842,totalVehiclesEntered,Total Vehicles Entered (Final),1,1
arrivals_gt_departures,Arrivals > Departures,queueStdWeight,Queue Std Weight,14.7368,totalVehiclesEntered,Total Vehicles Entered (Final),1,1
arrivals_gt_departures,Arrivals > Departures,queueStdWeight,Queue Std Weight,15.7895,totalVehiclesEntered,Total Vehicles Entered (Final),1,1
arrivals_gt_departures,Arrivals > Departures,queueStdWeight,Queue Std Weight,16.8421,totalVehiclesEntered,Total Vehicles Entered (Final),1,1
arrivals_gt_departures,Arrivals > Departures,queueStdWeight,Queue Std Weight,17.8947,totalVehiclesEntered,Total Vehicles Entered (Final),1,1
arrivals_gt_departures,Arrivals > Departures,queueStdWeight,Queue Std Weight,18.9474,totalVehiclesEntered,Total Vehicles Entered (Final),1,1
arrivals_gt_departures,Arrivals > Departures,queueStdWeight,Queue Std Weight,20,totalVehiclesEntered,Total Vehicles Entered (Final),1,1
arrivals_gt_departures,Arrivals > Departures,queueStdWeight,Queue Std Weight,0,vehiclesInNetwork,Vehicles In Network (Final),0.9636903717444163,1
arrivals_gt_departures,Arrivals > Departures,queueStdWeight,Queue Std Weight,1.0526,vehiclesInNetwork,Vehicles In Network (Final),0.9646034913344126,1
arrivals_gt_departures,Arrivals > Departures,queueStdWeight,Queue Std Weight,2.1053,vehiclesInNetwork,Vehicles In Network (Final),0.9650430842417739,1
arrivals_gt_departures,Arrivals > Departures,queueStdWeight,Queue Std Weight,3.1579,vehiclesInNetwork,Vehicles In Network (Final),0.9639924986985619,1
arrivals_gt_departures,Arrivals > Departures,queueStdWeight,Queue Std Weight,4.2105,vehiclesInNetwork,Vehicles In Network (Final),0.9639232099446129,1
arrivals_gt_departures,Arrivals > Departures,queueStdWeight,Queue Std Weight,5.2632,vehiclesInNetwork,Vehicles In Network (Final),0.9651332752012145,1
arrivals_gt_departures,Arrivals > Departures,queueStdWeight,Queue Std Weight,6.3158,vehiclesInNetwork,Vehicles In Network (Final),0.9628103837471783,1
arrivals_gt_departures,Arrivals > Departures,queueStdWeight,Queue Std Weight,7.3684,vehiclesInNetwork,Vehicles In Network (Final),0.9650536622105065,1
arrivals_gt_departures,Arrivals > Departures,queueStdWeight,Queue Std Weight,8.4211,vehiclesInNetwork,Vehicles In Network (Final),0.9652932361000508,1
arrivals_gt_departures,Arrivals > Departures,queueStdWeight,Queue Std Weight,9.4737,vehiclesInNetwork,Vehicles In Network (Final),0.9647235128508995,1
arrivals_gt_departures,Arrivals > Departures,queueStdWeight,Queue Std Weight,10.5263,vehiclesInNetwork,Vehicles In Network (Final),0.9660868092367336,1
arrivals_gt_departures,Arrivals > Departures,queueStdWeight,Queue Std Weight,11.5789,vehiclesInNetwork,Vehicles In Network (Final),0.9653873632227417,1
arrivals_gt_departures,Arrivals > Departures,queueStdWeight,Queue Std Weight,12.6316,vehiclesInNetwork,Vehicles In Network (Final),0.964548918356604,1
arrivals_gt_departures,Arrivals > Departures,queueStdWeight,Queue Std Weight,13.6842,vehiclesInNetwork,Vehicles In Network (Final),0.9667655339775385,1
arrivals_gt_departures,Arrivals > Departures,queueStdWeight,Queue Std Weight,14.7368,vehiclesInNetwork,Vehicles In Network (Final),0.9661196632667144,1
arrivals_gt_departures,Arrivals > Departures,queueStdWeight,Queue Std Weight,15.7895,vehiclesInNetwork,Vehicles In Network (Final),0.9683139006140279,1
arrivals_gt_departures,Arrivals > Departures,queueStdWeight,Queue Std Weight,16.8421,vehiclesInNetwork,Vehicles In Network (Final),0.9678785827975587,1
arrivals_gt_departures,Arrivals > Departures,queueStdWeight,Queue Std Weight,17.8947,vehiclesInNetwork,Vehicles In Network (Final),0.9666108403429869,1
arrivals_gt_departures,Arrivals > Departures,queueStdWeight,Queue Std Weight,18.9474,vehiclesInNetwork,Vehicles In Network (Final),0.966575562297836,1
arrivals_gt_departures,Arrivals > Departures,queueStdWeight,Queue Std Weight,20,vehiclesInNetwork,Vehicles In Network (Final),0.9676774262304331,1
arrivals_gt_departures,Arrivals > Departures,queueWeight,Queue Size Weight,0,sumAvgWaitTimes,Sum of Average Wait Times (Final),0.8926530174987829,1
arrivals_gt_departures,Arrivals > Departures,queueWeight,Queue Size Weight,1.0526,sumAvgWaitTimes,Sum of Average Wait Times (Final),0.8939923909301312,1
arrivals_gt_departures,Arrivals > Departures,queueWeight,Queue Size Weight,2.1053,sumAvgWaitTimes,Sum of Average Wait Times (Final),0.8875359724424838,1
arrivals_gt_departures,Arrivals > Departures,queueWeight,Queue Size Weight,3.1579,sumAvgWaitTimes,Sum of Average Wait Times (Final),0.880914274418267,1
arrivals_gt_departures,Arrivals > Departures,queueWeight,Queue Size Weight,4.2105,sumAvgWaitTimes,Sum of Average Wait Times (Final),0.882690345457156,1
arrivals_gt_departures,Arrivals > Departures,queueWeight,Queue Size Weight,5.2632,sumAvgWaitTimes,Sum of Average Wait Times (Final),0.8922028417078827,1
arrivals_gt_departures,Arrivals > Departures,queueWeight,Queue Size Weight,6.3158,sumAvgWaitTimes,Sum of Average Wait Times (Final),0.8862822781351798,1
arrivals_gt_departures,Arrivals > Departures,queueWeight,Queue Size Weight,7.3684,sumAvgWaitTimes,Sum of Average Wait Times (Final),0.8894281260676654,1
arrivals_gt_departures,Arrivals > Departures,queueWeight,Queue Size Weight,8.4211,sumAvgWaitTimes,Sum of Average Wait Times (Final),0.8799856242837784,1
arrivals_gt_departures,Arrivals > Departures,queueWeight,Queue Size Weight,9.4737,sumAvgWaitTimes,Sum of Average Wait Times (Final),0.8886032655797922,1
arrivals_gt_departures,Arrivals > Departures,queueWeight,Queue Size Weight,10.5263,sumAvgWaitTimes,Sum of Average Wait Times (Final),0.8875366559343253,1
arrivals_gt_departures,Arrivals > Departures,queueWeight,Queue Size Weight,11.5789,sumAvgWaitTimes,Sum of Average Wait Times (Final),0.8893749064522369,1
arrivals_gt_departures,Arrivals > Departures,queueWeight,Queue Size Weight,12.6316,sumAvgWaitTimes,Sum of Average Wait Times (Final),0.8865220151582477,1
arrivals_gt_departures,Arrivals > Departures,queueWeight,Queue Size Weight,13.6842,sumAvgWaitTimes,Sum of Average Wait Times (Final),0.8879279242007174,1
arrivals_gt_departures,Arrivals > Departures,queueWeight,Queue Size Weight,14.7368,sumAvgWaitTimes,Sum of Average Wait Times (Final),0.894292197379757,1
arrivals_gt_departures,Arrivals > Departures,queueWeight,Queue Size Weight,15.7895,sumAvgWaitTimes,Sum of Average Wait Times (Final),0.8816403643794866,1
arrivals_gt_departures,Arrivals > Departures,queueWeight,Queue Size Weight,16.8421,sumAvgWaitTimes,Sum of Average Wait Times (Final),0.8820942922615527,1
arrivals_gt_departures,Arrivals > Departures,queueWeight,Queue Size Weight,17.8947,sumAvgWaitTimes,Sum of Average Wait Times (Final),0.8819176559354802,1
arrivals_gt_departures,Arrivals > Departures,queueWeight,Queue Size Weight,18.9474,sumAvgWaitTimes,Sum of Average Wait Times (Final),0.8844924934697379,1
arrivals_gt_departures,Arrivals > Departures,queueWeight,Queue Size Weight,20,sumAvgWaitTimes,Sum of Average Wait Times (Final),0.8860249644620913,1
arrivals_gt_departures,Arrivals > Departures,queueWeight,Queue Size Weight,0,sumQueueSizes,Total Queue Size (Final),0.9561021819444883,1
arrivals_gt_departures,Arrivals > Departures,queueWeight,Queue Size Weight,1.0526,sumQueueSizes,Total Queue Size (Final),0.9558018722028998,1
arrivals_gt_departures,Arrivals > Departures,queueWeight,Queue Size Weight,2.1053,sumQueueSizes,Total Queue Size (Final),0.9554597791947623,1
arrivals_gt_departures,Arrivals > Departures,queueWeight,Queue Size Weight,3.1579,sumQueueSizes,Total Queue Size (Final),0.9560888193388398,1
arrivals_gt_departures,Arrivals > Departures,queueWeight,Queue Size Weight,4.2105,sumQueueSizes,Total Queue Size (Final),0.9560398592163379,1
arrivals_gt_departures,Arrivals > Departures,queueWeight,Queue Size Weight,5.2632,sumQueueSizes,Total Queue Size (Final),0.9559173671679119,1
arrivals_gt_departures,Arrivals > Departures,queueWeight,Queue Size Weight,6.3158,sumQueueSizes,Total Queue Size (Final),0.9548209505530583,1
arrivals_gt_departures,Arrivals > Departures,queueWeight,Queue Size Weight,7.3684,sumQueueSizes,Total Queue Size (Final),0.9550061007605404,1
arrivals_gt_departures,Arrivals > Departures,queueWeight,Queue Size Weight,8.4211,sumQueueSizes,Total Queue Size (Final),0.9552524512281411,1
arrivals_gt_departures,Arrivals > Departures,queueWeight,Queue Size Weight,9.4737,sumQueueSizes,Total Queue Size (Final),0.9536420911612858,1
arrivals_gt_departures,Arrivals > Departures,queueWeight,Queue Size Weight,10.5263,sumQueueSizes,Total Queue Size (Final),0.9544693566830291,1
arrivals_gt_departures,Arrivals > Departures,queueWeight,Queue Size Weight,11.5789,sumQueueSizes,Total Queue Size (Final),0.9536812297734628,1
arrivals_gt_departures,Arrivals > Departures,queueWeight,Queue Size Weight,12.6316,sumQueueSizes,Total Queue Size (Final),0.9537609837390163,1
arrivals_gt_departures,Arrivals > Departures,queueWeight,Queue Size Weight,13.6842,sumQueueSizes,Total Queue Size (Final),0.9536835325541306,1
arrivals_gt_departures,Arrivals > Departures,queueWeight,Queue Size Weight,14.7368,sumQueueSizes,Total Queue Size (Final),0.9541327904712532,1
arrivals_gt_departures,Arrivals > Departures,queueWeight,Queue Size Weight,15.7895,sumQueueSizes,Total Queue Size (Final),0.9550473086494612,1
arrivals_gt_departures,Arrivals > Departures,queueWeight,Queue Size Weight,16.8421,sumQueueSizes,Total Queue Size (Final),0.9536290831922795,1
arrivals_gt_departures,Arrivals > Departures,queueWeight,Queue Size Weight,17.8947,sumQueueSizes,Total Queue Size (Final),0.9546717873566123,1
arrivals_gt_departures,Arrivals > Departures,queueWeight,Queue Size Weight,18.9474,sumQueueSizes,Total Queue Size (Final),0.9529973139516511,1
arrivals_gt_departures,Arrivals > Departures,queueWeight,Queue Size Weight,20,sumQueueSizes,Total Queue Size (Final),0.9544562329195094,1
arrivals_gt_departures,Arrivals > Departures,queueWeight,Queue Size Weight,0,sumStdTotalWaitTimes,Sum of Std Total Wait Times (Final),0.7216053474120312,1
arrivals_gt_departures,Arrivals > Departures,queueWeight,Queue Size Weight,1.0526,sumStdTotalWaitTimes,Sum of Std Total Wait Times (Final),0.7229748660383526,1
arrivals_gt_departures,Arrivals > Departures,queueWeight,Queue Size Weight,2.1053,sumStdTotalWaitTimes,Sum of Std Total Wait Times (Final),0.722664232687125,1
arrivals_gt_departures,Arrivals > Departures,queueWeight,Queue Size Weight,3.1579,sumStdTotalWaitTimes,Sum of Std Total Wait Times (Final),0.7240495804406498,1
arrivals_gt_departures,Arrivals > Departures,queueWeight,Queue Size Weight,4.2105,sumStdTotalWaitTimes,Sum of Std Total Wait Times (Final),0.7226753228558369,1
arrivals_gt_departures,Arrivals > Departures,queueWeight,Queue Size Weight,5.2632,sumStdTotalWaitTimes,Sum of Std Total Wait Times (Final),0.7236412680237702,1
arrivals_gt_departures,Arrivals > Departures,queueWeight,Queue Size Weight,6.3158,sumStdTotalWaitTimes,Sum of Std Total Wait Times (Final),0.7226259515916007,1
arrivals_gt_departures,Arrivals > Departures,queueWeight,Queue Size Weight,7.3684,sumStdTotalWaitTimes,Sum of Std Total Wait Times (Final),0.7221067530213245,1
arrivals_gt_departures,Arrivals > Departures,queueWeight,Queue Size Weight,8.4211,sumStdTotalWaitTimes,Sum of Std Total Wait Times (Final),0.7234811168172273,1
arrivals_gt_departures,Arrivals > Departures,queueWeight,Queue Size Weight,9.4737,sumStdTotalWaitTimes,Sum of Std Total Wait Times (Final),0.7236029471915664,1
arrivals_gt_departures,Arrivals > Departures,queueWeight,Queue Size Weight,10.5263,sumStdTotalWaitTimes,Sum of Std Total Wait Times (Final),0.72460473359144,1
arrivals_gt_departures,Arrivals > Departures,queueWeight,Queue Size Weight,11.5789,sumStdTotalWaitTimes,Sum of Std Total Wait Times (Final),0.7254902151649801,1
arrivals_gt_departures,Arrivals > Departures,queueWeight,Queue Size Weight,12.6316,sumStdTotalWaitTimes,Sum of Std Total Wait Times (Final),0.7246813474245557,1
arrivals_gt_departures,Arrivals > Departures,queueWeight,Queue Size Weight,13.6842,sumStdTotalWaitTimes,Sum of Std Total Wait Times (Final),0.7268517907136441,1
arrivals_gt_departures,Arrivals > Departures,queueWeight,Queue Size Weight,14.7368,sumStdTotalWaitTimes,Sum of Std Total Wait Times (Final),0.7273361897685987,1
arrivals_gt_departures,Arrivals > Departures,queueWeight,Queue Size Weight,15.7895,sumStdTotalWaitTimes,Sum of Std Total Wait Times (Final),0.7276176062598658,1
arrivals_gt_departures,Arrivals > Departures,queueWeight,Queue Size Weight,16.8421,sumStdTotalWaitTimes,Sum of Std Total Wait Times (Final),0.7294847340232942,1
arrivals_gt_departures,Arrivals > Departures,queueWeight,Queue Size Weight,17.8947,sumStdTotalWaitTimes,Sum of Std Total Wait Times (Final),0.7283973253747906,1
arrivals_gt_departures,Arrivals > Departures,queueWeight,Queue Size Weight,18.9474,sumStdTotalWaitTimes,Sum of Std Total Wait Times (Final),0.7291388842622942,1
arrivals_gt_departures,Arrivals > Departures,queueWeight,Queue Size Weight,20,sumStdTotalWaitTimes,Sum of Std Total Wait Times (Final),0.7292276934050748,1
arrivals_gt_departures,Arrivals > Departures,queueWeight,Queue Size Weight,0,sumTotalWaitTimes,Sum of Total Wait Times (Final),0.8212858798347277,1
arrivals_gt_departures,Arrivals > Departures,queueWeight,Queue Size Weight,1.0526,sumTotalWaitTimes,Sum of Total Wait Times (Final),0.8210579342196591,1
arrivals_gt_departures,Arrivals > Departures,queueWeight,Queue Size Weight,2.1053,sumTotalWaitTimes,Sum of Total Wait Times (Final),0.8213113519508232,1
arrivals_gt_departures,Arrivals > Departures,queueWeight,Queue Size Weight,3.1579,sumTotalWaitTimes,Sum of Total Wait Times (Final),0.8217182673760413,1
arrivals_gt_departures,Arrivals > Departures,queueWeight,Queue Size Weight,4.2105,sumTotalWaitTimes,Sum of Total Wait Times (Final),0.8217545121471853,1
arrivals_gt_departures,Arrivals > Departures,queueWeight,Queue Size Weight,5.2632,sumTotalWaitTimes,Sum of Total Wait Times (Final),0.8217489095315625,1
arrivals_gt_departures,Arrivals > Departures,queueWeight,Queue Size Weight,6.3158,sumTotalWaitTimes,Sum of Total Wait Times (Final),0.8210127875353997,1
arrivals_gt_departures,Arrivals > Departures,queueWeight,Queue Size Weight,7.3684,sumTotalWaitTimes,Sum of Total Wait Times (Final),0.8209772677730736,1
arrivals_gt_departures,Arrivals > Departures,queueWeight,Queue Size Weight,8.4211,sumTotalWaitTimes,Sum of Total Wait Times (Final),0.822858871828125,1
arrivals_gt_departures,Arrivals > Departures,queueWeight,Queue Size Weight,9.4737,sumTotalWaitTimes,Sum of Total Wait Times (Final),0.8212235699719125,1
arrivals_gt_departures,Arrivals > Departures,queueWeight,Queue Size Weight,10.5263,sumTotalWaitTimes,Sum of Total Wait Times (Final),0.8215981556175364,1
arrivals_gt_departures,Arrivals > Departures,queueWeight,Queue Size Weight,11.5789,sumTotalWaitTimes,Sum of Total Wait Times (Final),0.8211205076448141,1
arrivals_gt_departures,Arrivals > Departures,queueWeight,Queue Size Weight,12.6316,sumTotalWaitTimes,Sum of Total Wait Times (Final),0.8212017878377937,1
arrivals_gt_departures,Arrivals > Departures,queueWeight,Queue Size Weight,13.6842,sumTotalWaitTimes,Sum of Total Wait Times (Final),0.8213357515239259,1
arrivals_gt_departures,Arrivals > Departures,queueWeight,Queue Size Weight,14.7368,sumTotalWaitTimes,Sum of Total Wait Times (Final),0.821463462157954,1
arrivals_gt_departures,Arrivals > Departures,queueWeight,Queue Size Weight,15.7895,sumTotalWaitTimes,Sum of Total Wait Times (Final),0.8220766551477995,1
arrivals_gt_departures,Arrivals > Departures,queueWeight,Queue Size Weight,16.8421,sumTotalWaitTimes,Sum of Total Wait Times (Final),0.8219304073200805,1
arrivals_gt_departures,Arrivals > Departures,queueWeight,Queue Size Weight,17.8947,sumTotalWaitTimes,Sum of Total Wait Times (Final),0.8221987295920893,1
arrivals_gt_departures,Arrivals > Departures,queueWeight,Queue Size Weight,18.9474,sumTotalWaitTimes,Sum of Total Wait Times (Final),0.8218710776239997,1
arrivals_gt_departures,Arrivals > Departures,queueWeight,Queue Size Weight,20,sumTotalWaitTimes,Sum of Total Wait Times (Final),0.8218995383269643,1
arrivals_gt_departures,Arrivals > Departures,queueWeight,Queue Size Weight,0,throughput,Network Throughput (Final),1.148808169662041,1
arrivals_gt_departures,Arrivals > Departures,queueWeight,Queue Size Weight,1.0526,throughput,Network Throughput (Final),1.1504590879115304,1
arrivals_gt_departures,Arrivals > Departures,queueWeight,Queue Size Weight,2.1053,throughput,Network Throughput (Final),1.1519214260465587,1
arrivals_gt_departures,Arrivals > Departures,queueWeight,Queue Size Weight,3.1579,throughput,Network Throughput (Final),1.1492484257566524,1
arrivals_gt_departures,Arrivals > Departures,queueWeight,Queue Size Weight,4.2105,throughput,Network Throughput (Final),1.147894789983845,1
arrivals_gt_departures,Arrivals > Departures,queueWeight,Queue Size Weight,5.2632,throughput,Network Throughput (Final),1.1518051546913768,1
arrivals_gt_departures,Arrivals > Departures,queueWeight,Queue Size Weight,6.3158,throughput,Network Throughput (Final),1.1545592705167174,1
arrivals_gt_departures,Arrivals > Departures,queueWeight,Queue Size Weight,7.3684,throughput,Network Throughput (Final),1.152303195242415,1
arrivals_gt_departures,Arrivals > Departures,queueWeight,Queue Size Weight,8.4211,throughput,Network Throughput (Final),1.1541029207232267,1
arrivals_gt_departures,Arrivals > Departures,queueWeight,Queue Size Weight,9.4737,throughput,Network Throughput (Final),1.1586003181095206,1
arrivals_gt_departures,Arrivals > Departures,queueWeight,Queue Size Weight,10.5263,throughput,Network Throughput (Final),1.1547279383916171,1
arrivals_gt_departures,Arrivals > Departures,queueWeight,Queue Size Weight,11.5789,throughput,Network Throughput (Final),1.1571799329755335,1
arrivals_gt_departures,Arrivals > Departures,queueWeight,Queue Size Weight,12.6316,throughput,Network Throughput (Final),1.1584241195844946,1
arrivals_gt_departures,Arrivals > Departures,queueWeight,Queue Size Weight,13.6842,throughput,Network Throughput (Final),1.1566886713711206,1
arrivals_gt_departures,Arrivals > Departures,queueWeight,Queue Size Weight,14.7368,throughput,Network Throughput (Final),1.1552640193387556,1
arrivals_gt_departures,Arrivals > Departures,queueWeight,Queue Size Weight,15.7895,throughput,Network Throughput (Final),1.1521821535973313,1
arrivals_gt_departures,Arrivals > Departures,queueWeight,Queue Size Weight,16.8421,throughput,Network Throughput (Final),1.1561156899428628,1
arrivals_gt_departures,Arrivals > Departures,queueWeight,Queue Size Weight,17.8947,throughput,Network Throughput (Final),1.1530473013947846,1
arrivals_gt_departures,Arrivals > Departures,queueWeight,Queue Size Weight,18.9474,throughput,Network Throughput (Final),1.1571918153411955,1
arrivals_gt_departures,Arrivals > Departures,queueWeight,Queue Size Weight,20,throughput,Network Throughput (Final),1.1548506516557635,1
arrivals_gt_departures,Arrivals > Departures,queueWeight,Queue Size Weight,0,totalVehiclesEntered,Total Vehicles Entered (Final),1,1
arrivals_gt_departures,Arrivals > Departures,queueWeight,Queue Size Weight,1.0526,totalVehiclesEntered,Total Vehicles Entered (Final),1,1
arrivals_gt_departures,Arrivals > Departures,queueWeight,Queue Size Weight,2.1053,totalVehiclesEntered,Total Vehicles Entered (Final),1,1
arrivals_gt_departures,Arrivals > Departures,queueWeight,Queue Size Weight,3.1579,totalVehiclesEntered,Total Vehicles Entered (Final),1,1
arrivals_gt_departures,Arrivals > Departures,queueWeight,Queue Size Weight,4.2105,totalVehiclesEntered,Total Vehicles Entered (Final),1,1
arrivals_gt_departures,Arrivals > Departures,queueWeight,Queue Size Weight,5.2632,totalVehiclesEntered,Total Vehicles Entered (Final),1,1
arrivals_gt_departures,Arrivals > Departures,queueWeight,Queue Size Weight,6.3158,totalVehiclesEntered,Total Vehicles Entered (Final),1,1
arrivals_gt_departures,Arrivals > Departures,queueWeight,Queue Size Weight,7.3684,totalVehiclesEntered,Total Vehicles Entered (Final),1,1
arrivals_gt_departures,Arrivals > Departures,queueWeight,Queue Size Weight,8.4211,totalVehiclesEntered,Total Vehicles Entered (Final),1,1
arrivals_gt_departures,Arrivals > Departures,queueWeight,Queue Size Weight,9.4737,totalVehiclesEntered,Total Vehicles Entered (Final),1,1
arrivals_gt_departures,Arrivals > Departures,queueWeight,Queue Size Weight,10.5263,totalVehiclesEntered,Total Vehicles Entered (Final),1,1
arrivals_gt_departures,Arrivals > Departures,queueWeight,Queue Size Weight,11.5789,totalVehiclesEntered,Total Vehicles Entered (Final),1,1
arrivals_gt_departures,Arrivals > Departures,queueWeight,Queue Size Weight,12.6316,totalVehiclesEntered,Total Vehicles Entered (Final),1,1
arrivals_gt_departures,Arrivals > Departures,queueWeight,Queue Size Weight,13.6842,totalVehiclesEntered,Total Vehicles Entered (Final),1,1
arrivals_gt_departures,Arrivals > Departures,queueWeight,Queue Size Weight,14.7368,totalVehiclesEntered,Total Vehicles Entered (Final),1,1
arrivals_gt_departures,Arrivals > Departures,queueWeight,Queue Size Weight,15.7895,totalVehiclesEntered,Total Vehicles Entered (Final),1,1
arrivals_gt_departures,Arrivals > Departures,queueWeight,Queue Size Weight,16.8421,totalVehiclesEntered,Total Vehicles Entered (Final),1,1
arrivals_gt_departures,Arrivals > Departures,queueWeight,Queue Size Weight,17.8947,totalVehiclesEntered,Total Vehicles Entered (Final),1,1
arrivals_gt_departures,Arrivals > Departures,queueWeight,Queue Size Weight,18.9474,totalVehiclesEntered,Total Vehicles Entered (Final),1,1
arrivals_gt_departures,Arrivals > Departures,queueWeight,Queue Size Weight,20,totalVehiclesEntered,Total Vehicles Entered (Final),1,1
arrivals_gt_departures,Arrivals > Departures,queueWeight,Queue Size Weight,0,vehiclesInNetwork,Vehicles In Network (Final),0.963091603292728,1
arrivals_gt_departures,Arrivals > Departures,queueWeight,Queue Size Weight,1.0526,vehiclesInNetwork,Vehicles In Network (Final),0.962840927598692,1
arrivals_gt_departures,Arrivals > Departures,queueWeight,Queue Size Weight,2.1053,vehiclesInNetwork,Vehicles In Network (Final),0.9622659258237278,1
arrivals_gt_departures,Arrivals > Departures,queueWeight,Queue Size Weight,3.1579,vehiclesInNetwork,Vehicles In Network (Final),0.963188877755511,1
arrivals_gt_departures,Arrivals > Departures,queueWeight,Queue Size Weight,4.2105,vehiclesInNetwork,Vehicles In Network (Final),0.9632544779489238,1
arrivals_gt_departures,Arrivals > Departures,queueWeight,Queue Size Weight,5.2632,vehiclesInNetwork,Vehicles In Network (Final),0.9624230725843852,1
arrivals_gt_departures,Arrivals > Departures,queueWeight,Queue Size Weight,6.3158,vehiclesInNetwork,Vehicles In Network (Final),0.961763084018448,1
arrivals_gt_departures,Arrivals > Departures,queueWeight,Queue Size Weight,7.3684,vehiclesInNetwork,Vehicles In Network (Final),0.9620780524532564,1
arrivals_gt_departures,Arrivals > Departures,queueWeight,Queue Size Weight,8.4211,vehiclesInNetwork,Vehicles In Network (Final),0.9617976541979325,1
arrivals_gt_departures,Arrivals > Departures,queueWeight,Queue Size Weight,9.4737,vehiclesInNetwork,Vehicles In Network (Final),0.9606033050076824,1
arrivals_gt_departures,Arrivals > Departures,queueWeight,Queue Size Weight,10.5263,vehiclesInNetwork,Vehicles In Network (Final),0.9615700587611863,1
arrivals_gt_departures,Arrivals > Departures,queueWeight,Queue Size Weight,11.5789,vehiclesInNetwork,Vehicles In Network (Final),0.9608600990105223,1
arrivals_gt_departures,Arrivals > Departures,queueWeight,Queue Size Weight,12.6316,vehiclesInNetwork,Vehicles In Network (Final),0.9608193290474579,1
arrivals_gt_departures,Arrivals > Departures,queueWeight,Queue Size Weight,13.6842,vehiclesInNetwork,Vehicles In Network (Final),0.9611664483128248,1
arrivals_gt_departures,Arrivals > Departures,queueWeight,Queue Size Weight,14.7368,vehiclesInNetwork,Vehicles In Network (Final),0.9613055456194187,1
arrivals_gt_departures,Arrivals > Departures,queueWeight,Queue Size Weight,15.7895,vehiclesInNetwork,Vehicles In Network (Final),0.9622428570532876,1
arrivals_gt_departures,Arrivals > Departures,queueWeight,Queue Size Weight,16.8421,vehiclesInNetwork,Vehicles In Network (Final),0.9612876935615322,1
arrivals_gt_departures,Arrivals > Departures,queueWeight,Queue Size Weight,17.8947,vehiclesInNetwork,Vehicles In Network (Final),0.9620222211075441,1
arrivals_gt_departures,Arrivals > Departures,queueWeight,Queue Size Weight,18.9474,vehiclesInNetwork,Vehicles In Network (Final),0.9608608357384867,1
arrivals_gt_departures,Arrivals > Departures,queueWeight,Queue Size Weight,20,vehiclesInNetwork,Vehicles In Network (Final),0.9617418215077744,1
arrivals_gt_departures,Arrivals > Departures,rightTurnProb,Right Turn Probability (R),0,sumAvgWaitTimes,Sum of Average Wait Times (Final),0.7289595375491654,1
arrivals_gt_departures,Arrivals > Departures,rightTurnProb,Right Turn Probability (R),0.0526,sumAvgWaitTimes,Sum of Average Wait Times (Final),0.7431434160610737,1
arrivals_gt_departures,Arrivals > Departures,rightTurnProb,Right Turn Probability (R),0.1053,sumAvgWaitTimes,Sum of Average Wait Times (Final),0.6913562594542502,1
arrivals_gt_departures,Arrivals > Departures,rightTurnProb,Right Turn Probability (R),0.1579,sumAvgWaitTimes,Sum of Average Wait Times (Final),0.7413300165150908,1
arrivals_gt_departures,Arrivals > Departures,rightTurnProb,Right Turn Probability (R),0.2105,sumAvgWaitTimes,Sum of Average Wait Times (Final),0.8352886823184346,1
arrivals_gt_departures,Arrivals > Departures,rightTurnProb,Right Turn Probability (R),0.2632,sumAvgWaitTimes,Sum of Average Wait Times (Final),0.9643675473609059,1
arrivals_gt_departures,Arrivals > Departures,rightTurnProb,Right Turn Probability (R),0.3158,sumAvgWaitTimes,Sum of Average Wait Times (Final),1.1001750507819548,1
arrivals_gt_departures,Arrivals > Departures,rightTurnProb,Right Turn Probability (R),0.3684,sumAvgWaitTimes,Sum of Average Wait Times (Final),1.1455723849467054,1
arrivals_gt_departures,Arrivals > Departures,rightTurnProb,Right Turn Probability (R),0.4211,sumAvgWaitTimes,Sum of Average Wait Times (Final),1.0882160005433135,1
arrivals_gt_departures,Arrivals > Departures,rightTurnProb,Right Turn Probability (R),0.4737,sumAvgWaitTimes,Sum of Average Wait Times (Final),1.0164608541203133,1
arrivals_gt_departures,Arrivals > Departures,rightTurnProb,Right Turn Probability (R),0.5263,sumAvgWaitTimes,Sum of Average Wait Times (Final),0.9598453654229318,1
arrivals_gt_departures,Arrivals > Departures,rightTurnProb,Right Turn Probability (R),0.5789,sumAvgWaitTimes,Sum of Average Wait Times (Final),0.9347230417057801,1
arrivals_gt_departures,Arrivals > Departures,rightTurnProb,Right Turn Probability (R),0.6316,sumAvgWaitTimes,Sum of Average Wait Times (Final),0.9210149734753319,1
arrivals_gt_departures,Arrivals > Departures,rightTurnProb,Right Turn Probability (R),0.6842,sumAvgWaitTimes,Sum of Average Wait Times (Final),0.9100521123801967,1
arrivals_gt_departures,Arrivals > Departures,rightTurnProb,Right Turn Probability (R),0.7368,sumAvgWaitTimes,Sum of Average Wait Times (Final),0.9070230291626434,1
arrivals_gt_departures,Arrivals > Departures,rightTurnProb,Right Turn Probability (R),0.7895,sumAvgWaitTimes,Sum of Average Wait Times (Final),0.9032296996159301,1
arrivals_gt_departures,Arrivals > Departures,rightTurnProb,Right Turn Probability (R),0.8421,sumAvgWaitTimes,Sum of Average Wait Times (Final),0.9653007299203161,1
arrivals_gt_departures,Arrivals > Departures,rightTurnProb,Right Turn Probability (R),0.8947,sumAvgWaitTimes,Sum of Average Wait Times (Final),1.0580019119571784,1
arrivals_gt_departures,Arrivals > Departures,rightTurnProb,Right Turn Probability (R),0.9474,sumAvgWaitTimes,Sum of Average Wait Times (Final),1.3797666578931105,1
arrivals_gt_departures,Arrivals > Departures,rightTurnProb,Right Turn Probability (R),1,sumAvgWaitTimes,Sum of Average Wait Times (Final),1.4006362293571428,1
arrivals_gt_departures,Arrivals > Departures,rightTurnProb,Right Turn Probability (R),0,sumQueueSizes,Total Queue Size (Final),0.745734087050876,1
arrivals_gt_departures,Arrivals > Departures,rightTurnProb,Right Turn Probability (R),0.0526,sumQueueSizes,Total Queue Size (Final),0.8369931745242508,1
arrivals_gt_departures,Arrivals > Departures,rightTurnProb,Right Turn Probability (R),0.1053,sumQueueSizes,Total Queue Size (Final),0.9033957148222448,1
arrivals_gt_departures,Arrivals > Departures,rightTurnProb,Right Turn Probability (R),0.1579,sumQueueSizes,Total Queue Size (Final),0.9445540968764147,1
arrivals_gt_departures,Arrivals > Departures,rightTurnProb,Right Turn Probability (R),0.2105,sumQueueSizes,Total Queue Size (Final),0.9722973694514648,1
arrivals_gt_departures,Arrivals > Departures,rightTurnProb,Right Turn Probability (R),0.2632,sumQueueSizes,Total Queue Size (Final),1.0002701807596437,1
arrivals_gt_departures,Arrivals > Departures,rightTurnProb,Right Turn Probability (R),0.3158,sumQueueSizes,Total Queue Size (Final),1.0207485449679257,1
arrivals_gt_departures,Arrivals > Departures,rightTurnProb,Right Turn Probability (R),0.3684,sumQueueSizes,Total Queue Size (Final),1.019364190091528,1
arrivals_gt_departures,Arrivals > Departures,rightTurnProb,Right Turn Probability (R),0.4211,sumQueueSizes,Total Queue Size (Final),1.0110042329925788,1
arrivals_gt_departures,Arrivals > Departures,rightTurnProb,Right Turn Probability (R),0.4737,sumQueueSizes,Total Queue Size (Final),1.001244029767855,1
arrivals_gt_departures,Arrivals > Departures,rightTurnProb,Right Turn Probability (R),0.5263,sumQueueSizes,Total Queue Size (Final),0.9950091935907539,1
arrivals_gt_departures,Arrivals > Departures,rightTurnProb,Right Turn Probability (R),0.5789,sumQueueSizes,Total Queue Size (Final),0.9858460364815345,1
arrivals_gt_departures,Arrivals > Departures,rightTurnProb,Right Turn Probability (R),0.6316,sumQueueSizes,Total Queue Size (Final),0.9773863911957683,1
arrivals_gt_departures,Arrivals > Departures,rightTurnProb,Right Turn Probability (R),0.6842,sumQueueSizes,Total Queue Size (Final),0.9717145702631896,1
arrivals_gt_departures,Arrivals > Departures,rightTurnProb,Right Turn Probability (R),0.7368,sumQueueSizes,Total Queue Size (Final),0.966556256669319,1
arrivals_gt_departures,Arrivals > Departures,rightTurnProb,Right Turn Probability (R),0.7895,sumQueueSizes,Total Queue Size (Final),0.9648908444134129,1
arrivals_gt_departures,Arrivals > Departures,rightTurnProb,Right Turn Probability (R),0.8421,sumQueueSizes,Total Queue Size (Final),0.9634969433548889,1
arrivals_gt_departures,Arrivals > Departures,rightTurnProb,Right Turn Probability (R),0.8947,sumQueueSizes,Total Queue Size (Final),0.9639971119133574,1
arrivals_gt_departures,Arrivals > Departures,rightTurnProb,Right Turn Probability (R),0.9474,sumQueueSizes,Total Queue Size (Final),0.9716359213921187,1
arrivals_gt_departures,Arrivals > Departures,rightTurnProb,Right Turn Probability (R),1,sumQueueSizes,Total Queue Size (Final),0.984050395389358,1
arrivals_gt_departures,Arrivals > Departures,rightTurnProb,Right Turn Probability (R),0,sumStdTotalWaitTimes,Sum of Std Total Wait Times (Final),0.48486283764066374,1
arrivals_gt_departures,Arrivals > Departures,rightTurnProb,Right Turn Probability (R),0.0526,sumStdTotalWaitTimes,Sum of Std Total Wait Times (Final),0.5814009002887904,1
arrivals_gt_departures,Arrivals > Departures,rightTurnProb,Right Turn Probability (R),0.1053,sumStdTotalWaitTimes,Sum of Std Total Wait Times (Final),0.6969872039265578,1
arrivals_gt_departures,Arrivals > Departures,rightTurnProb,Right Turn Probability (R),0.1579,sumStdTotalWaitTimes,Sum of Std Total Wait Times (Final),0.7731452376877825,1
arrivals_gt_departures,Arrivals > Departures,rightTurnProb,Right Turn Probability (R),0.2105,sumStdTotalWaitTimes,Sum of Std Total Wait Times (Final),0.7966406938708567,1
arrivals_gt_departures,Arrivals > Departures,rightTurnProb,Right Turn Probability (R),0.2632,sumStdTotalWaitTimes,Sum of Std Total Wait Times (Final),0.8063095545475724,1
arrivals_gt_departures,Arrivals > Departures,rightTurnProb,Right Turn Probability (R),0.3158,sumStdTotalWaitTimes,Sum of Std Total Wait Times (Final),0.8028993918876276,1
arrivals_gt_departures,Arrivals > Departures,rightTurnProb,Right Turn Probability (R),0.3684,sumStdTotalWaitTimes,Sum of Std Total Wait Times (Final),0.8000525991595151,1
arrivals_gt_departures,Arrivals > Departures,rightTurnProb,Right Turn Probability (R),0.4211,sumStdTotalWaitTimes,Sum of Std Total Wait Times (Final),0.7857249925880427,1
arrivals_gt_departures,Arrivals > Departures,rightTurnProb,Right Turn Probability (R),0.4737,sumStdTotalWaitTimes,Sum of Std Total Wait Times (Final),0.7768100589998046,1
arrivals_gt_departures,Arrivals > Departures,rightTurnProb,Right Turn Probability (R),0.5263,sumStdTotalWaitTimes,Sum of Std Total Wait Times (Final),0.7638544047206474,1
arrivals_gt_departures,Arrivals > Departures,rightTurnProb,Right Turn Probability (R),0.5789,sumStdTotalWaitTimes,Sum of Std Total Wait Times (Final),0.751563607717552,1
arrivals_gt_departures,Arrivals > Departures,rightTurnProb,Right Turn Probability (R),0.6316,sumStdTotalWaitTimes,Sum of Std Total Wait Times (Final),0.7352111617583537,1
arrivals_gt_departures,Arrivals > Departures,rightTurnProb,Right Turn Probability (R),0.6842,sumStdTotalWaitTimes,Sum of Std Total Wait Times (Final),0.7208780602254652,1
arrivals_gt_departures,Arrivals > Departures,rightTurnProb,Right Turn Probability (R),0.7368,sumStdTotalWaitTimes,Sum of Std Total Wait Times (Final),0.7030395468672662,1
arrivals_gt_departures,Arrivals > Departures,rightTurnProb,Right Turn Probability (R),0.7895,sumStdTotalWaitTimes,Sum of Std Total Wait Times (Final),0.6799849165562798,1
arrivals_gt_departures,Arrivals > Departures,rightTurnProb,Right Turn Probability (R),0.8421,sumStdTotalWaitTimes,Sum of Std Total Wait Times (Final),0.6556955597588916,1
arrivals_gt_departures,Arrivals > Departures,rightTurnProb,Right Turn Probability (R),0.8947,sumStdTotalWaitTimes,Sum of Std Total Wait Times (Final),0.6369707164820614,1
arrivals_gt_departures,Arrivals > Departures,rightTurnProb,Right Turn Probability (R),0.9474,sumStdTotalWaitTimes,Sum of Std Total Wait Times (Final),0.6117810059995293,1
arrivals_gt_departures,Arrivals > Departures,rightTurnProb,Right Turn Probability (R),1,sumStdTotalWaitTimes,Sum of Std Total Wait Times (Final),0.5830414374041875,1
arrivals_gt_departures,Arrivals > Departures,rightTurnProb,Right Turn Probability (R),0,sumTotalWaitTimes,Sum of Total Wait Times (Final),0.49929501824622297,1
arrivals_gt_departures,Arrivals > Departures,rightTurnProb,Right Turn Probability (R),0.0526,sumTotalWaitTimes,Sum of Total Wait Times (Final),0.6042493625524568,1
arrivals_gt_departures,Arrivals > Departures,rightTurnProb,Right Turn Probability (R),0.1053,sumTotalWaitTimes,Sum of Total Wait Times (Final),0.7156770193199216,1
arrivals_gt_departures,Arrivals > Departures,rightTurnProb,Right Turn Probability (R),0.1579,sumTotalWaitTimes,Sum of Total Wait Times (Final),0.8241362992466857,1
arrivals_gt_departures,Arrivals > Departures,rightTurnProb,Right Turn Probability (R),0.2105,sumTotalWaitTimes,Sum of Total Wait Times (Final),0.8977343988776472,1
arrivals_gt_departures,Arrivals > Departures,rightTurnProb,Right Turn Probability (R),0.2632,sumTotalWaitTimes,Sum of Total Wait Times (Final),0.9423305683344565,1
arrivals_gt_departures,Arrivals > Departures,rightTurnProb,Right Turn Probability (R),0.3158,sumTotalWaitTimes,Sum of Total Wait Times (Final),0.956519497212218,1
arrivals_gt_departures,Arrivals > Departures,rightTurnProb,Right Turn Probability (R),0.3684,sumTotalWaitTimes,Sum of Total Wait Times (Final),0.9549090112424832,1
arrivals_gt_departures,Arrivals > Departures,rightTurnProb,Right Turn Probability (R),0.4211,sumTotalWaitTimes,Sum of Total Wait Times (Final),0.9456980952532242,1
arrivals_gt_departures,Arrivals > Departures,rightTurnProb,Right Turn Probability (R),0.4737,sumTotalWaitTimes,Sum of Total Wait Times (Final),0.9283465919362771,1
arrivals_gt_departures,Arrivals > Departures,rightTurnProb,Right Turn Probability (R),0.5263,sumTotalWaitTimes,Sum of Total Wait Times (Final),0.9061431278345451,1
arrivals_gt_departures,Arrivals > Departures,rightTurnProb,Right Turn Probability (R),0.5789,sumTotalWaitTimes,Sum of Total Wait Times (Final),0.8880418195859887,1
arrivals_gt_departures,Arrivals > Departures,rightTurnProb,Right Turn Probability (R),0.6316,sumTotalWaitTimes,Sum of Total Wait Times (Final),0.8733705336442925,1
arrivals_gt_departures,Arrivals > Departures,rightTurnProb,Right Turn Probability (R),0.6842,sumTotalWaitTimes,Sum of Total Wait Times (Final),0.8553571375161659,1
arrivals_gt_departures,Arrivals > Departures,rightTurnProb,Right Turn Probability (R),0.7368,sumTotalWaitTimes,Sum of Total Wait Times (Final),0.8385905802345015,1
arrivals_gt_departures,Arrivals > Departures,rightTurnProb,Right Turn Probability (R),0.7895,sumTotalWaitTimes,Sum of Total Wait Times (Final),0.8183056158987141,1
arrivals_gt_departures,Arrivals > Departures,rightTurnProb,Right Turn Probability (R),0.8421,sumTotalWaitTimes,Sum of Total Wait Times (Final),0.8050033796497833,1
arrivals_gt_departures,Arrivals > Departures,rightTurnProb,Right Turn Probability (R),0.8947,sumTotalWaitTimes,Sum of Total Wait Times (Final),0.7974419468386371,1
arrivals_gt_departures,Arrivals > Departures,rightTurnProb,Right Turn Probability (R),0.9474,sumTotalWaitTimes,Sum of Total Wait Times (Final),0.79398880821912,1
arrivals_gt_departures,Arrivals > Departures,rightTurnProb,Right Turn Probability (R),1,sumTotalWaitTimes,Sum of Total Wait Times (Final),0.7969499211422608,1
arrivals_gt_departures,Arrivals > Departures,rightTurnProb,Right Turn Probability (R),0,throughput,Network Throughput (Final),1.3060115269570292,1
arrivals_gt_departures,Arrivals > Departures,rightTurnProb,Right Turn Probability (R),0.0526,throughput,Network Throughput (Final),1.1833681443758655,1
arrivals_gt_departures,Arrivals > Departures,rightTurnProb,Right Turn Probability (R),0.1053,throughput,Network Throughput (Final),1.1047055410501885,1
arrivals_gt_departures,Arrivals > Departures,rightTurnProb,Right Turn Probability (R),0.1579,throughput,Network Throughput (Final),1.061468982513236,1
arrivals_gt_departures,Arrivals > Departures,rightTurnProb,Right Turn Probability (R),0.2105,throughput,Network Throughput (Final),1.0284424107411645,1
arrivals_gt_departures,Arrivals > Departures,rightTurnProb,Right Turn Probability (R),0.2632,throughput,Network Throughput (Final),0.9937424878876869,1
arrivals_gt_departures,Arrivals > Departures,rightTurnProb,Right Turn Probability (R),0.3158,throughput,Network Throughput (Final),0.967403314917127,1
arrivals_gt_departures,Arrivals > Departures,rightTurnProb,Right Turn Probability (R),0.3684,throughput,Network Throughput (Final),0.9682162666813114,1
arrivals_gt_departures,Arrivals > Departures,rightTurnProb,Right Turn Probability (R),0.4211,throughput,Network Throughput (Final),0.9787307444239451,1
arrivals_gt_departures,Arrivals > Departures,rightTurnProb,Right Turn Probability (R),0.4737,throughput,Network Throughput (Final),0.9976094965206713,1
arrivals_gt_departures,Arrivals > Departures,rightTurnProb,Right Turn Probability (R),0.5263,throughput,Network Throughput (Final),1.0140255239264246,1
arrivals_gt_departures,Arrivals > Departures,rightTurnProb,Right Turn Probability (R),0.5789,throughput,Network Throughput (Final),1.0450897358338376,1
arrivals_gt_departures,Arrivals > Departures,rightTurnProb,Right Turn Probability (R),0.6316,throughput,Network Throughput (Final),1.0821758996158306,1
arrivals_gt_departures,Arrivals > Departures,rightTurnProb,Right Turn Probability (R),0.6842,throughput,Network Throughput (Final),1.1238656754678287,1
arrivals_gt_departures,Arrivals > Departures,rightTurnProb,Right Turn Probability (R),0.7368,throughput,Network Throughput (Final),1.1667868578186749,1
arrivals_gt_departures,Arrivals > Departures,rightTurnProb,Right Turn Probability (R),0.7895,throughput,Network Throughput (Final),1.203419581328826,1
arrivals_gt_departures,Arrivals > Departures,rightTurnProb,Right Turn Probability (R),0.8421,throughput,Network Throughput (Final),1.241216339989009,1
arrivals_gt_departures,Arrivals > Departures,rightTurnProb,Right Turn Probability (R),0.8947,throughput,Network Throughput (Final),1.2782035878526743,1
arrivals_gt_departures,Arrivals > Departures,rightTurnProb,Right Turn Probability (R),0.9474,throughput,Network Throughput (Final),1.254953149037341,1
arrivals_gt_departures,Arrivals > Departures,rightTurnProb,Right Turn Probability (R),1,throughput,Network Throughput (Final),1.1325448613376836,1
arrivals_gt_departures,Arrivals > Departures,rightTurnProb,Right Turn Probability (R),0,totalVehiclesEntered,Total Vehicles Entered (Final),1,1
arrivals_gt_departures,Arrivals > Departures,rightTurnProb,Right Turn Probability (R),0.0526,totalVehiclesEntered,Total Vehicles Entered (Final),1,1
arrivals_gt_departures,Arrivals > Departures,rightTurnProb,Right Turn Probability (R),0.1053,totalVehiclesEntered,Total Vehicles Entered (Final),1,1
arrivals_gt_departures,Arrivals > Departures,rightTurnProb,Right Turn Probability (R),0.1579,totalVehiclesEntered,Total Vehicles Entered (Final),1,1
arrivals_gt_departures,Arrivals > Departures,rightTurnProb,Right Turn Probability (R),0.2105,totalVehiclesEntered,Total Vehicles Entered (Final),1,1
arrivals_gt_departures,Arrivals > Departures,rightTurnProb,Right Turn Probability (R),0.2632,totalVehiclesEntered,Total Vehicles Entered (Final),1,1
arrivals_gt_departures,Arrivals > Departures,rightTurnProb,Right Turn Probability (R),0.3158,totalVehiclesEntered,Total Vehicles Entered (Final),1,1
arrivals_gt_departures,Arrivals > Departures,rightTurnProb,Right Turn Probability (R),0.3684,totalVehiclesEntered,Total Vehicles Entered (Final),1,1
arrivals_gt_departures,Arrivals > Departures,rightTurnProb,Right Turn Probability (R),0.4211,totalVehiclesEntered,Total Vehicles Entered (Final),1,1
arrivals_gt_departures,Arrivals > Departures,rightTurnProb,Right Turn Probability (R),0.4737,totalVehiclesEntered,Total Vehicles Entered (Final),1,1
arrivals_gt_departures,Arrivals > Departures,rightTurnProb,Right Turn Probability (R),0.5263,totalVehiclesEntered,Total Vehicles Entered (Final),1,1
arrivals_gt_departures,Arrivals > Departures,rightTurnProb,Right Turn Probability (R),0.5789,totalVehiclesEntered,Total Vehicles Entered (Final),1,1
arrivals_gt_departures,Arrivals > Departures,rightTurnProb,Right Turn Probability (R),0.6316,totalVehiclesEntered,Total Vehicles Entered (Final),1,1
arrivals_gt_departures,Arrivals > Departures,rightTurnProb,Right Turn Probability (R),0.6842,totalVehiclesEntered,Total Vehicles Entered (Final),1,1
arrivals_gt_departures,Arrivals > Departures,rightTurnProb,Right Turn Probability (R),0.7368,totalVehiclesEntered,Total Vehicles Entered (Final),1,1
arrivals_gt_departures,Arrivals > Departures,rightTurnProb,Right Turn Probability (R),0.7895,totalVehiclesEntered,Total Vehicles Entered (Final),1,1
arrivals_gt_departures,Arrivals > Departures,rightTurnProb,Right Turn Probability (R),0.8421,totalVehiclesEntered,Total Vehicles Entered (Final),1,1
arrivals_gt_departures,Arrivals > Departures,rightTurnProb,Right Turn Probability (R),0.8947,totalVehiclesEntered,Total Vehicles Entered (Final),1,1
arrivals_gt_departures,Arrivals > Departures,rightTurnProb,Right Turn Probability (R),0.9474,totalVehiclesEntered,Total Vehicles Entered (Final),1,1
arrivals_gt_departures,Arrivals > Departures,rightTurnProb,Right Turn Probability (R),1,totalVehiclesEntered,Total Vehicles Entered (Final),1,1
arrivals_gt_departures,Arrivals > Departures,rightTurnProb,Right Turn Probability (R),0,vehiclesInNetwork,Vehicles In Network (Final),0.7845696872164489,1
arrivals_gt_departures,Arrivals > Departures,rightTurnProb,Right Turn Probability (R),0.0526,vehiclesInNetwork,Vehicles In Network (Final),0.8627308023400854,1
arrivals_gt_departures,Arrivals > Departures,rightTurnProb,Right Turn Probability (R),0.1053,vehiclesInNetwork,Vehicles In Network (Final),0.9200719290630619,1
arrivals_gt_departures,Arrivals > Departures,rightTurnProb,Right Turn Probability (R),0.1579,vehiclesInNetwork,Vehicles In Network (Final),0.9543747866651496,1
arrivals_gt_departures,Arrivals > Departures,rightTurnProb,Right Turn Probability (R),0.2105,vehiclesInNetwork,Vehicles In Network (Final),0.9796412656547634,1
arrivals_gt_departures,Arrivals > Departures,rightTurnProb,Right Turn Probability (R),0.2632,vehiclesInNetwork,Vehicles In Network (Final),1.004266608088813,1
arrivals_gt_departures,Arrivals > Departures,rightTurnProb,Right Turn Probability (R),0.3158,vehiclesInNetwork,Vehicles In Network (Final),1.0209264727716647,1
arrivals_gt_departures,Arrivals > Departures,rightTurnProb,Right Turn Probability (R),0.3684,vehiclesInNetwork,Vehicles In Network (Final),1.0183398295148463,1
arrivals_gt_departures,Arrivals > Departures,rightTurnProb,Right Turn Probability (R),0.4211,vehiclesInNetwork,Vehicles In Network (Final),1.0107103742588466,1
arrivals_gt_departures,Arrivals > Departures,rightTurnProb,Right Turn Probability (R),0.4737,vehiclesInNetwork,Vehicles In Network (Final),1.0010580553522381,1
arrivals_gt_departures,Arrivals > Departures,rightTurnProb,Right Turn Probability (R),0.5263,vehiclesInNetwork,Vehicles In Network (Final),0.9945915845891483,1
arrivals_gt_departures,Arrivals > Departures,rightTurnProb,Right Turn Probability (R),0.5789,vehiclesInNetwork,Vehicles In Network (Final),0.9850408766742043,1
arrivals_gt_departures,Arrivals > Departures,rightTurnProb,Right Turn Probability (R),0.6316,vehiclesInNetwork,Vehicles In Network (Final),0.9766883983672205,1
arrivals_gt_departures,Arrivals > Departures,rightTurnProb,Right Turn Probability (R),0.6842,vehiclesInNetwork,Vehicles In Network (Final),0.9698101890611919,1
arrivals_gt_departures,Arrivals > Departures,rightTurnProb,Right Turn Probability (R),0.7368,vehiclesInNetwork,Vehicles In Network (Final),0.964829041892492,1
arrivals_gt_departures,Arrivals > Departures,rightTurnProb,Right Turn Probability (R),0.7895,vehiclesInNetwork,Vehicles In Network (Final),0.9628163992869875,1
arrivals_gt_departures,Arrivals > Departures,rightTurnProb,Right Turn Probability (R),0.8421,vehiclesInNetwork,Vehicles In Network (Final),0.9616694514143995,1
arrivals_gt_departures,Arrivals > Departures,rightTurnProb,Right Turn Probability (R),0.8947,vehiclesInNetwork,Vehicles In Network (Final),0.9616125583814963,1
arrivals_gt_departures,Arrivals > Departures,rightTurnProb,Right Turn Probability (R),0.9474,vehiclesInNetwork,Vehicles In Network (Final),0.9692083349754804,1
arrivals_gt_departures,Arrivals > Departures,rightTurnProb,Right Turn Probability (R),1,vehiclesInNetwork,Vehicles In Network (Final),0.9855111229994205,1
arrivals_gt_departures,Arrivals > Departures,throughTurnProb,Through Turn Probability (T),0,sumAvgWaitTimes,Sum of Average Wait Times (Final),0.7722929970661853,1
arrivals_gt_departures,Arrivals > Departures,throughTurnProb,Through Turn Probability (T),0.0526,sumAvgWaitTimes,Sum of Average Wait Times (Final),0.784502263278265,1
arrivals_gt_departures,Arrivals > Departures,throughTurnProb,Through Turn Probability (T),0.1053,sumAvgWaitTimes,Sum of Average Wait Times (Final),0.7500264692703155,1
arrivals_gt_departures,Arrivals > Departures,throughTurnProb,Through Turn Probability (T),0.1579,sumAvgWaitTimes,Sum of Average Wait Times (Final),0.8339974885546643,1
arrivals_gt_departures,Arrivals > Departures,throughTurnProb,Through Turn Probability (T),0.2105,sumAvgWaitTimes,Sum of Average Wait Times (Final),0.9531840013832638,1
arrivals_gt_departures,Arrivals > Departures,throughTurnProb,Through Turn Probability (T),0.2632,sumAvgWaitTimes,Sum of Average Wait Times (Final),1.0716119537659723,1
arrivals_gt_departures,Arrivals > Departures,throughTurnProb,Through Turn Probability (T),0.3158,sumAvgWaitTimes,Sum of Average Wait Times (Final),1.1412454927876323,1
arrivals_gt_departures,Arrivals > Departures,throughTurnProb,Through Turn Probability (T),0.3684,sumAvgWaitTimes,Sum of Average Wait Times (Final),1.0807615491675553,1
arrivals_gt_departures,Arrivals > Departures,throughTurnProb,Through Turn Probability (T),0.4211,sumAvgWaitTimes,Sum of Average Wait Times (Final),0.9838205699355816,1
arrivals_gt_departures,Arrivals > Departures,throughTurnProb,Through Turn Probability (T),0.4737,sumAvgWaitTimes,Sum of Average Wait Times (Final),0.9090276057000214,1
arrivals_gt_departures,Arrivals > Departures,throughTurnProb,Through Turn Probability (T),0.5263,sumAvgWaitTimes,Sum of Average Wait Times (Final),0.8598093526092628,1
arrivals_gt_departures,Arrivals > Departures,throughTurnProb,Through Turn Probability (T),0.5789,sumAvgWaitTimes,Sum of Average Wait Times (Final),0.8510019451421182,1
arrivals_gt_departures,Arrivals > Departures,throughTurnProb,Through Turn Probability (T),0.6316,sumAvgWaitTimes,Sum of Average Wait Times (Final),0.8707121725749931,1
arrivals_gt_departures,Arrivals > Departures,throughTurnProb,Through Turn Probability (T),0.6842,sumAvgWaitTimes,Sum of Average Wait Times (Final),0.8879742414411306,1
arrivals_gt_departures,Arrivals > Departures,throughTurnProb,Through Turn Probability (T),0.7368,sumAvgWaitTimes,Sum of Average Wait Times (Final),0.9074441007317029,1
arrivals_gt_departures,Arrivals > Departures,throughTurnProb,Through Turn Probability (T),0.7895,sumAvgWaitTimes,Sum of Average Wait Times (Final),0.9443944731436199,1
arrivals_gt_departures,Arrivals > Departures,throughTurnProb,Through Turn Probability (T),0.8421,sumAvgWaitTimes,Sum of Average Wait Times (Final),1.0514064148222382,1
arrivals_gt_departures,Arrivals > Departures,throughTurnProb,Through Turn Probability (T),0.8947,sumAvgWaitTimes,Sum of Average Wait Times (Final),1.2274913427373941,1
arrivals_gt_departures,Arrivals > Departures,throughTurnProb,Through Turn Probability (T),0.9474,sumAvgWaitTimes,Sum of Average Wait Times (Final),1.486328450052478,1
arrivals_gt_departures,Arrivals > Departures,throughTurnProb,Through Turn Probability (T),1,sumAvgWaitTimes,Sum of Average Wait Times (Final),1.5742254729712675,1
arrivals_gt_departures,Arrivals > Departures,throughTurnProb,Through Turn Probability (T),0,sumQueueSizes,Total Queue Size (Final),0.7747186586149765,1
arrivals_gt_departures,Arrivals > Departures,throughTurnProb,Through Turn Probability (T),0.0526,sumQueueSizes,Total Queue Size (Final),0.8564506917706012,1
arrivals_gt_departures,Arrivals > Departures,throughTurnProb,Through Turn Probability (T),0.1053,sumQueueSizes,Total Queue Size (Final),0.9195941250057916,1
arrivals_gt_departures,Arrivals > Departures,throughTurnProb,Through Turn Probability (T),0.1579,sumQueueSizes,Total Queue Size (Final),0.964084131565884,1
arrivals_gt_departures,Arrivals > Departures,throughTurnProb,Through Turn Probability (T),0.2105,sumQueueSizes,Total Queue Size (Final),0.9870868507654886,1
arrivals_gt_departures,Arrivals > Departures,throughTurnProb,Through Turn Probability (T),0.2632,sumQueueSizes,Total Queue Size (Final),1.0056618236298387,1
arrivals_gt_departures,Arrivals > Departures,throughTurnProb,Through Turn Probability (T),0.3158,sumQueueSizes,Total Queue Size (Final),1.0211307630317683,1
arrivals_gt_departures,Arrivals > Departures,throughTurnProb,Through Turn Probability (T),0.3684,sumQueueSizes,Total Queue Size (Final),1.0175367246343805,1
arrivals_gt_departures,Arrivals > Departures,throughTurnProb,Through Turn Probability (T),0.4211,sumQueueSizes,Total Queue Size (Final),1.0023875199925825,1
arrivals_gt_departures,Arrivals > Departures,throughTurnProb,Through Turn Probability (T),0.4737,sumQueueSizes,Total Queue Size (Final),0.9896692235706759,1
arrivals_gt_departures,Arrivals > Departures,throughTurnProb,Through Turn Probability (T),0.5263,sumQueueSizes,Total Queue Size (Final),0.9758335277112181,1
arrivals_gt_departures,Arrivals > Departures,throughTurnProb,Through Turn Probability (T),0.5789,sumQueueSizes,Total Queue Size (Final),0.9681901652723934,1
arrivals_gt_departures,Arrivals > Departures,throughTurnProb,Through Turn Probability (T),0.6316,sumQueueSizes,Total Queue Size (Final),0.9611658785850044,1
arrivals_gt_departures,Arrivals > Departures,throughTurnProb,Through Turn Probability (T),0.6842,sumQueueSizes,Total Queue Size (Final),0.9575979611341191,1
arrivals_gt_departures,Arrivals > Departures,throughTurnProb,Through Turn Probability (T),0.7368,sumQueueSizes,Total Queue Size (Final),0.9555839848965676,1
arrivals_gt_departures,Arrivals > Departures,throughTurnProb,Through Turn Probability (T),0.7895,sumQueueSizes,Total Queue Size (Final),0.956211535319427,1
arrivals_gt_departures,Arrivals > Departures,throughTurnProb,Through Turn Probability (T),0.8421,sumQueueSizes,Total Queue Size (Final),0.9548555566011104,1
arrivals_gt_departures,Arrivals > Departures,throughTurnProb,Through Turn Probability (T),0.8947,sumQueueSizes,Total Queue Size (Final),0.9566123987488973,1
arrivals_gt_departures,Arrivals > Departures,throughTurnProb,Through Turn Probability (T),0.9474,sumQueueSizes,Total Queue Size (Final),0.9618756017285001,1
arrivals_gt_departures,Arrivals > Departures,throughTurnProb,Through Turn Probability (T),1,sumQueueSizes,Total Queue Size (Final),0.9758954188129838,1
arrivals_gt_departures,Arrivals > Departures,throughTurnProb,Through Turn Probability (T),0,sumStdTotalWaitTimes,Sum of Std Total Wait Times (Final),0.4842956168293124,1
arrivals_gt_departures,Arrivals > Departures,throughTurnProb,Through Turn Probability (T),0.0526,sumStdTotalWaitTimes,Sum of Std Total Wait Times (Final),0.5790615804994969,1
arrivals_gt_departures,Arrivals > Departures,throughTurnProb,Through Turn Probability (T),0.1053,sumStdTotalWaitTimes,Sum of Std Total Wait Times (Final),0.6905207377715602,1
arrivals_gt_departures,Arrivals > Departures,throughTurnProb,Through Turn Probability (T),0.1579,sumStdTotalWaitTimes,Sum of Std Total Wait Times (Final),0.7699826870348184,1
arrivals_gt_departures,Arrivals > Departures,throughTurnProb,Through Turn Probability (T),0.2105,sumStdTotalWaitTimes,Sum of Std Total Wait Times (Final),0.7997864833350365,1
arrivals_gt_departures,Arrivals > Departures,throughTurnProb,Through Turn Probability (T),0.2632,sumStdTotalWaitTimes,Sum of Std Total Wait Times (Final),0.8046738012437683,1
arrivals_gt_departures,Arrivals > Departures,throughTurnProb,Through Turn Probability (T),0.3158,sumStdTotalWaitTimes,Sum of Std Total Wait Times (Final),0.8076406795513199,1
arrivals_gt_departures,Arrivals > Departures,throughTurnProb,Through Turn Probability (T),0.3684,sumStdTotalWaitTimes,Sum of Std Total Wait Times (Final),0.7977474646377463,1
arrivals_gt_departures,Arrivals > Departures,throughTurnProb,Through Turn Probability (T),0.4211,sumStdTotalWaitTimes,Sum of Std Total Wait Times (Final),0.7833832397698454,1
arrivals_gt_departures,Arrivals > Departures,throughTurnProb,Through Turn Probability (T),0.4737,sumStdTotalWaitTimes,Sum of Std Total Wait Times (Final),0.7720013046163399,1
arrivals_gt_departures,Arrivals > Departures,throughTurnProb,Through Turn Probability (T),0.5263,sumStdTotalWaitTimes,Sum of Std Total Wait Times (Final),0.7634134610307513,1
arrivals_gt_departures,Arrivals > Departures,throughTurnProb,Through Turn Probability (T),0.5789,sumStdTotalWaitTimes,Sum of Std Total Wait Times (Final),0.7515226891735184,1
arrivals_gt_departures,Arrivals > Departures,throughTurnProb,Through Turn Probability (T),0.6316,sumStdTotalWaitTimes,Sum of Std Total Wait Times (Final),0.7409683178359388,1
arrivals_gt_departures,Arrivals > Departures,throughTurnProb,Through Turn Probability (T),0.6842,sumStdTotalWaitTimes,Sum of Std Total Wait Times (Final),0.7255947534555108,1
arrivals_gt_departures,Arrivals > Departures,throughTurnProb,Through Turn Probability (T),0.7368,sumStdTotalWaitTimes,Sum of Std Total Wait Times (Final),0.7099265730688229,1
arrivals_gt_departures,Arrivals > Departures,throughTurnProb,Through Turn Probability (T),0.7895,sumStdTotalWaitTimes,Sum of Std Total Wait Times (Final),0.6877390005254271,1
arrivals_gt_departures,Arrivals > Departures,throughTurnProb,Through Turn Probability (T),0.8421,sumStdTotalWaitTimes,Sum of Std Total Wait Times (Final),0.656587878577819,1
arrivals_gt_departures,Arrivals > Departures,throughTurnProb,Through Turn Probability (T),0.8947,sumStdTotalWaitTimes,Sum of Std Total Wait Times (Final),0.6316940447573575,1
arrivals_gt_departures,Arrivals > Departures,throughTurnProb,Through Turn Probability (T),0.9474,sumStdTotalWaitTimes,Sum of Std Total Wait Times (Final),0.6039710913840354,1
arrivals_gt_departures,Arrivals > Departures,throughTurnProb,Through Turn Probability (T),1,sumStdTotalWaitTimes,Sum of Std Total Wait Times (Final),0.587477251825346,1
arrivals_gt_departures,Arrivals > Departures,throughTurnProb,Through Turn Probability (T),0,sumTotalWaitTimes,Sum of Total Wait Times (Final),0.5210455780354982,1
arrivals_gt_departures,Arrivals > Departures,throughTurnProb,Through Turn Probability (T),0.0526,sumTotalWaitTimes,Sum of Total Wait Times (Final),0.6176110228131566,1
arrivals_gt_departures,Arrivals > Departures,throughTurnProb,Through Turn Probability (T),0.1053,sumTotalWaitTimes,Sum of Total Wait Times (Final),0.7256068356638213,1
arrivals_gt_departures,Arrivals > Departures,throughTurnProb,Through Turn Probability (T),0.1579,sumTotalWaitTimes,Sum of Total Wait Times (Final),0.8334823916094767,1
arrivals_gt_departures,Arrivals > Departures,throughTurnProb,Through Turn Probability (T),0.2105,sumTotalWaitTimes,Sum of Total Wait Times (Final),0.9038691601298856,1
arrivals_gt_departures,Arrivals > Departures,throughTurnProb,Through Turn Probability (T),0.2632,sumTotalWaitTimes,Sum of Total Wait Times (Final),0.9413121143621832,1
arrivals_gt_departures,Arrivals > Departures,throughTurnProb,Through Turn Probability (T),0.3158,sumTotalWaitTimes,Sum of Total Wait Times (Final),0.9565568246608912,1
arrivals_gt_departures,Arrivals > Departures,throughTurnProb,Through Turn Probability (T),0.3684,sumTotalWaitTimes,Sum of Total Wait Times (Final),0.9547646602977562,1
arrivals_gt_departures,Arrivals > Departures,throughTurnProb,Through Turn Probability (T),0.4211,sumTotalWaitTimes,Sum of Total Wait Times (Final),0.9407492421818807,1
arrivals_gt_departures,Arrivals > Departures,throughTurnProb,Through Turn Probability (T),0.4737,sumTotalWaitTimes,Sum of Total Wait Times (Final),0.9171868395816358,1
arrivals_gt_departures,Arrivals > Departures,throughTurnProb,Through Turn Probability (T),0.5263,sumTotalWaitTimes,Sum of Total Wait Times (Final),0.8904640058413591,1
arrivals_gt_departures,Arrivals > Departures,throughTurnProb,Through Turn Probability (T),0.5789,sumTotalWaitTimes,Sum of Total Wait Times (Final),0.8680702665032333,1
arrivals_gt_departures,Arrivals > Departures,throughTurnProb,Through Turn Probability (T),0.6316,sumTotalWaitTimes,Sum of Total Wait Times (Final),0.8467980021382759,1
arrivals_gt_departures,Arrivals > Departures,throughTurnProb,Through Turn Probability (T),0.6842,sumTotalWaitTimes,Sum of Total Wait Times (Final),0.8278721905959584,1
arrivals_gt_departures,Arrivals > Departures,throughTurnProb,Through Turn Probability (T),0.7368,sumTotalWaitTimes,Sum of Total Wait Times (Final),0.8060426926121963,1
arrivals_gt_departures,Arrivals > Departures,throughTurnProb,Through Turn Probability (T),0.7895,sumTotalWaitTimes,Sum of Total Wait Times (Final),0.7807814950862063,1
arrivals_gt_departures,Arrivals > Departures,throughTurnProb,Through Turn Probability (T),0.8421,sumTotalWaitTimes,Sum of Total Wait Times (Final),0.7640596272877719,1
arrivals_gt_departures,Arrivals > Departures,throughTurnProb,Through Turn Probability (T),0.8947,sumTotalWaitTimes,Sum of Total Wait Times (Final),0.7523380071270592,1
arrivals_gt_departures,Arrivals > Departures,throughTurnProb,Through Turn Probability (T),0.9474,sumTotalWaitTimes,Sum of Total Wait Times (Final),0.7439120571982294,1
arrivals_gt_departures,Arrivals > Departures,throughTurnProb,Through Turn Probability (T),1,sumTotalWaitTimes,Sum of Total Wait Times (Final),0.7359962451547206,1
arrivals_gt_departures,Arrivals > Departures,throughTurnProb,Through Turn Probability (T),0,throughput,Network Throughput (Final),1.2727272727272727,1
arrivals_gt_departures,Arrivals > Departures,throughTurnProb,Through Turn Probability (T),0.0526,throughput,Network Throughput (Final),1.1699829912160116,1
arrivals_gt_departures,Arrivals > Departures,throughTurnProb,Through Turn Probability (T),0.1053,throughput,Network Throughput (Final),1.0969840057403422,1
arrivals_gt_departures,Arrivals > Departures,throughTurnProb,Through Turn Probability (T),0.1579,throughput,Network Throughput (Final),1.0427472911569382,1
arrivals_gt_departures,Arrivals > Departures,throughTurnProb,Through Turn Probability (T),0.2105,throughput,Network Throughput (Final),1.0151595360700707,1
arrivals_gt_departures,Arrivals > Departures,throughTurnProb,Through Turn Probability (T),0.2632,throughput,Network Throughput (Final),0.9897166163066861,1
arrivals_gt_departures,Arrivals > Departures,throughTurnProb,Through Turn Probability (T),0.3158,throughput,Network Throughput (Final),0.9684229543313589,1
arrivals_gt_departures,Arrivals > Departures,throughTurnProb,Through Turn Probability (T),0.3684,throughput,Network Throughput (Final),0.9678335689094427,1
arrivals_gt_departures,Arrivals > Departures,throughTurnProb,Through Turn Probability (T),0.4211,throughput,Network Throughput (Final),0.9903850474008177,1
arrivals_gt_departures,Arrivals > Departures,throughTurnProb,Through Turn Probability (T),0.4737,throughput,Network Throughput (Final),1.0156119182467374,1
arrivals_gt_departures,Arrivals > Departures,throughTurnProb,Through Turn Probability (T),0.5263,throughput,Network Throughput (Final),1.0502119217242312,1
arrivals_gt_departures,Arrivals > Departures,throughTurnProb,Through Turn Probability (T),0.5789,throughput,Network Throughput (Final),1.079524844039623,1
arrivals_gt_departures,Arrivals > Departures,throughTurnProb,Through Turn Probability (T),0.6316,throughput,Network Throughput (Final),1.1096772775237425,1
arrivals_gt_departures,Arrivals > Departures,throughTurnProb,Through Turn Probability (T),0.6842,throughput,Network Throughput (Final),1.1378829401977097,1
arrivals_gt_departures,Arrivals > Departures,throughTurnProb,Through Turn Probability (T),0.7368,throughput,Network Throughput (Final),1.159742681839068,1
arrivals_gt_departures,Arrivals > Departures,throughTurnProb,Through Turn Probability (T),0.7895,throughput,Network Throughput (Final),1.1820997965195736,1
arrivals_gt_departures,Arrivals > Departures,throughTurnProb,Through Turn Probability (T),0.8421,throughput,Network Throughput (Final),1.221971910310113,1
arrivals_gt_departures,Arrivals > Departures,throughTurnProb,Through Turn Probability (T),0.8947,throughput,Network Throughput (Final),1.2554411031732846,1
arrivals_gt_departures,Arrivals > Departures,throughTurnProb,Through Turn Probability (T),0.9474,throughput,Network Throughput (Final),1.2607815047176802,1
arrivals_gt_departures,Arrivals > Departures,throughTurnProb,Through Turn Probability (T),1,throughput,Network Throughput (Final),1.1679880774962743,1
arrivals_gt_departures,Arrivals > Departures,throughTurnProb,Through Turn Probability (T),0,totalVehiclesEntered,Total Vehicles Entered (Final),1,1
arrivals_gt_departures,Arrivals > Departures,throughTurnProb,Through Turn Probability (T),0.0526,totalVehiclesEntered,Total Vehicles Entered (Final),1,1
arrivals_gt_departures,Arrivals > Departures,throughTurnProb,Through Turn Probability (T),0.1053,totalVehiclesEntered,Total Vehicles Entered (Final),1,1
arrivals_gt_departures,Arrivals > Departures,throughTurnProb,Through Turn Probability (T),0.1579,totalVehiclesEntered,Total Vehicles Entered (Final),1,1
arrivals_gt_departures,Arrivals > Departures,throughTurnProb,Through Turn Probability (T),0.2105,totalVehiclesEntered,Total Vehicles Entered (Final),1,1
arrivals_gt_departures,Arrivals > Departures,throughTurnProb,Through Turn Probability (T),0.2632,totalVehiclesEntered,Total Vehicles Entered (Final),1,1
arrivals_gt_departures,Arrivals > Departures,throughTurnProb,Through Turn Probability (T),0.3158,totalVehiclesEntered,Total Vehicles Entered (Final),1,1
arrivals_gt_departures,Arrivals > Departures,throughTurnProb,Through Turn Probability (T),0.3684,totalVehiclesEntered,Total Vehicles Entered (Final),1,1
arrivals_gt_departures,Arrivals > Departures,throughTurnProb,Through Turn Probability (T),0.4211,totalVehiclesEntered,Total Vehicles Entered (Final),1,1
arrivals_gt_departures,Arrivals > Departures,throughTurnProb,Through Turn Probability (T),0.4737,totalVehiclesEntered,Total Vehicles Entered (Final),1,1
arrivals_gt_departures,Arrivals > Departures,throughTurnProb,Through Turn Probability (T),0.5263,totalVehiclesEntered,Total Vehicles Entered (Final),1,1
arrivals_gt_departures,Arrivals > Departures,throughTurnProb,Through Turn Probability (T),0.5789,totalVehiclesEntered,Total Vehicles Entered (Final),1,1
arrivals_gt_departures,Arrivals > Departures,throughTurnProb,Through Turn Probability (T),0.6316,totalVehiclesEntered,Total Vehicles Entered (Final),1,1
arrivals_gt_departures,Arrivals > Departures,throughTurnProb,Through Turn Probability (T),0.6842,totalVehiclesEntered,Total Vehicles Entered (Final),1,1
arrivals_gt_departures,Arrivals > Departures,throughTurnProb,Through Turn Probability (T),0.7368,totalVehiclesEntered,Total Vehicles Entered (Final),1,1
arrivals_gt_departures,Arrivals > Departures,throughTurnProb,Through Turn Probability (T),0.7895,totalVehiclesEntered,Total Vehicles Entered (Final),1,1
arrivals_gt_departures,Arrivals > Departures,throughTurnProb,Through Turn Probability (T),0.8421,totalVehiclesEntered,Total Vehicles Entered (Final),1,1
arrivals_gt_departures,Arrivals > Departures,throughTurnProb,Through Turn Probability (T),0.8947,totalVehiclesEntered,Total Vehicles Entered (Final),1,1
arrivals_gt_departures,Arrivals > Departures,throughTurnProb,Through Turn Probability (T),0.9474,totalVehiclesEntered,Total Vehicles Entered (Final),1,1
arrivals_gt_departures,Arrivals > Departures,throughTurnProb,Through Turn Probability (T),1,totalVehiclesEntered,Total Vehicles Entered (Final),1,1
arrivals_gt_departures,Arrivals > Departures,throughTurnProb,Through Turn Probability (T),0,vehiclesInNetwork,Vehicles In Network (Final),0.7996514464970373,1
arrivals_gt_departures,Arrivals > Departures,throughTurnProb,Through Turn Probability (T),0.0526,vehiclesInNetwork,Vehicles In Network (Final),0.8711338385176549,1
arrivals_gt_departures,Arrivals > Departures,throughTurnProb,Through Turn Probability (T),0.1053,vehiclesInNetwork,Vehicles In Network (Final),0.9256155798966784,1
arrivals_gt_departures,Arrivals > Departures,throughTurnProb,Through Turn Probability (T),0.1579,vehiclesInNetwork,Vehicles In Network (Final),0.9675980712506844,1
arrivals_gt_departures,Arrivals > Departures,throughTurnProb,Through Turn Probability (T),0.2105,vehiclesInNetwork,Vehicles In Network (Final),0.9891330596474281,1
arrivals_gt_departures,Arrivals > Departures,throughTurnProb,Through Turn Probability (T),0.2632,vehiclesInNetwork,Vehicles In Network (Final),1.0069704913058504,1
arrivals_gt_departures,Arrivals > Departures,throughTurnProb,Through Turn Probability (T),0.3158,vehiclesInNetwork,Vehicles In Network (Final),1.0201281555634156,1
arrivals_gt_departures,Arrivals > Departures,throughTurnProb,Through Turn Probability (T),0.3684,vehiclesInNetwork,Vehicles In Network (Final),1.0185747228451658,1
arrivals_gt_departures,Arrivals > Departures,throughTurnProb,Through Turn Probability (T),0.4211,vehiclesInNetwork,Vehicles In Network (Final),1.0048528644750667,1
arrivals_gt_departures,Arrivals > Departures,throughTurnProb,Through Turn Probability (T),0.4737,vehiclesInNetwork,Vehicles In Network (Final),0.9931161282383514,1
arrivals_gt_departures,Arrivals > Departures,throughTurnProb,Through Turn Probability (T),0.5263,vehiclesInNetwork,Vehicles In Network (Final),0.9806153781881227,1
arrivals_gt_departures,Arrivals > Departures,throughTurnProb,Through Turn Probability (T),0.5789,vehiclesInNetwork,Vehicles In Network (Final),0.973201872510763,1
arrivals_gt_departures,Arrivals > Departures,throughTurnProb,Through Turn Probability (T),0.6316,vehiclesInNetwork,Vehicles In Network (Final),0.9675144553836537,1
arrivals_gt_departures,Arrivals > Departures,throughTurnProb,Through Turn Probability (T),0.6842,vehiclesInNetwork,Vehicles In Network (Final),0.9643796303319933,1
arrivals_gt_departures,Arrivals > Departures,throughTurnProb,Through Turn Probability (T),0.7368,vehiclesInNetwork,Vehicles In Network (Final),0.96353360030111,1
arrivals_gt_departures,Arrivals > Departures,throughTurnProb,Through Turn Probability (T),0.7895,vehiclesInNetwork,Vehicles In Network (Final),0.9639093037673727,1
arrivals_gt_departures,Arrivals > Departures,throughTurnProb,Through Turn Probability (T),0.8421,vehiclesInNetwork,Vehicles In Network (Final),0.9630482552518238,1
arrivals_gt_departures,Arrivals > Departures,throughTurnProb,Through Turn Probability (T),0.8947,vehiclesInNetwork,Vehicles In Network (Final),0.96485473289597,1
arrivals_gt_departures,Arrivals > Departures,throughTurnProb,Through Turn Probability (T),0.9474,vehiclesInNetwork,Vehicles In Network (Final),0.9704788587470151,1
arrivals_gt_departures,Arrivals > Departures,throughTurnProb,Through Turn Probability (T),1,vehiclesInNetwork,Vehicles In Network (Final),0.9845410310002249,1
arrivals_gt_departures,Arrivals > Departures,totalWaitStdWeight,Total Wait Std Weight,0,sumAvgWaitTimes,Sum of Average Wait Times (Final),0.7811781162116738,1
arrivals_gt_departures,Arrivals > Departures,totalWaitStdWeight,Total Wait Std Weight,1.0526,sumAvgWaitTimes,Sum of Average Wait Times (Final),0.894958156357068,1
arrivals_gt_departures,Arrivals > Departures,totalWaitStdWeight,Total Wait Std Weight,2.1053,sumAvgWaitTimes,Sum of Average Wait Times (Final),0.9953665718515361,1
arrivals_gt_departures,Arrivals > Departures,totalWaitStdWeight,Total Wait Std Weight,3.1579,sumAvgWaitTimes,Sum of Average Wait Times (Final),1.155143465552232,1
arrivals_gt_departures,Arrivals > Departures,totalWaitStdWeight,Total Wait Std Weight,4.2105,sumAvgWaitTimes,Sum of Average Wait Times (Final),1.8869570858403897,1
arrivals_gt_departures,Arrivals > Departures,totalWaitStdWeight,Total Wait Std Weight,5.2632,sumAvgWaitTimes,Sum of Average Wait Times (Final),1.9494821301047651,1
arrivals_gt_departures,Arrivals > Departures,totalWaitStdWeight,Total Wait Std Weight,6.3158,sumAvgWaitTimes,Sum of Average Wait Times (Final),1.9721737860943884,1
arrivals_gt_departures,Arrivals > Departures,totalWaitStdWeight,Total Wait Std Weight,7.3684,sumAvgWaitTimes,Sum of Average Wait Times (Final),2.114072500282159,1
arrivals_gt_departures,Arrivals > Departures,totalWaitStdWeight,Total Wait Std Weight,8.4211,sumAvgWaitTimes,Sum of Average Wait Times (Final),2.187138884563574,1
arrivals_gt_departures,Arrivals > Departures,totalWaitStdWeight,Total Wait Std Weight,9.4737,sumAvgWaitTimes,Sum of Average Wait Times (Final),2.1352851240053528,1
arrivals_gt_departures,Arrivals > Departures,totalWaitStdWeight,Total Wait Std Weight,10.5263,sumAvgWaitTimes,Sum of Average Wait Times (Final),2.26549540100852,1
arrivals_gt_departures,Arrivals > Departures,totalWaitStdWeight,Total Wait Std Weight,11.5789,sumAvgWaitTimes,Sum of Average Wait Times (Final),2.30495337843525,1
arrivals_gt_departures,Arrivals > Departures,totalWaitStdWeight,Total Wait Std Weight,12.6316,sumAvgWaitTimes,Sum of Average Wait Times (Final),2.2970317038462063,1
arrivals_gt_departures,Arrivals > Departures,totalWaitStdWeight,Total Wait Std Weight,13.6842,sumAvgWaitTimes,Sum of Average Wait Times (Final),2.343152561617684,1
arrivals_gt_departures,Arrivals > Departures,totalWaitStdWeight,Total Wait Std Weight,14.7368,sumAvgWaitTimes,Sum of Average Wait Times (Final),2.3022077324670143,1
arrivals_gt_departures,Arrivals > Departures,totalWaitStdWeight,Total Wait Std Weight,15.7895,sumAvgWaitTimes,Sum of Average Wait Times (Final),2.3366875037386357,1
arrivals_gt_departures,Arrivals > Departures,totalWaitStdWeight,Total Wait Std Weight,16.8421,sumAvgWaitTimes,Sum of Average Wait Times (Final),2.3512587458775918,1
arrivals_gt_departures,Arrivals > Departures,totalWaitStdWeight,Total Wait Std Weight,17.8947,sumAvgWaitTimes,Sum of Average Wait Times (Final),2.3406075260794186,1
arrivals_gt_departures,Arrivals > Departures,totalWaitStdWeight,Total Wait Std Weight,18.9474,sumAvgWaitTimes,Sum of Average Wait Times (Final),2.356328498925531,1
arrivals_gt_departures,Arrivals > Departures,totalWaitStdWeight,Total Wait Std Weight,20,sumAvgWaitTimes,Sum of Average Wait Times (Final),2.3437080915536996,1
arrivals_gt_departures,Arrivals > Departures,totalWaitStdWeight,Total Wait Std Weight,0,sumQueueSizes,Total Queue Size (Final),0.9385430748044926,1
arrivals_gt_departures,Arrivals > Departures,totalWaitStdWeight,Total Wait Std Weight,1.0526,sumQueueSizes,Total Queue Size (Final),0.9582730723321481,1
arrivals_gt_departures,Arrivals > Departures,totalWaitStdWeight,Total Wait Std Weight,2.1053,sumQueueSizes,Total Queue Size (Final),0.9686945428594885,1
arrivals_gt_departures,Arrivals > Departures,totalWaitStdWeight,Total Wait Std Weight,3.1579,sumQueueSizes,Total Queue Size (Final),0.9932077236080572,1
arrivals_gt_departures,Arrivals > Departures,totalWaitStdWeight,Total Wait Std Weight,4.2105,sumQueueSizes,Total Queue Size (Final),1.1365721434528775,1
arrivals_gt_departures,Arrivals > Departures,totalWaitStdWeight,Total Wait Std Weight,5.2632,sumQueueSizes,Total Queue Size (Final),1.1555343571730905,1
arrivals_gt_departures,Arrivals > Departures,totalWaitStdWeight,Total Wait Std Weight,6.3158,sumQueueSizes,Total Queue Size (Final),1.1620213350512534,1
arrivals_gt_departures,Arrivals > Departures,totalWaitStdWeight,Total Wait Std Weight,7.3684,sumQueueSizes,Total Queue Size (Final),1.1692202756129293,1
arrivals_gt_departures,Arrivals > Departures,totalWaitStdWeight,Total Wait Std Weight,8.4211,sumQueueSizes,Total Queue Size (Final),1.1699730683154421,1
arrivals_gt_departures,Arrivals > Departures,totalWaitStdWeight,Total Wait Std Weight,9.4737,sumQueueSizes,Total Queue Size (Final),1.1701069998357736,1
arrivals_gt_departures,Arrivals > Departures,totalWaitStdWeight,Total Wait Std Weight,10.5263,sumQueueSizes,Total Queue Size (Final),1.1714947123412438,1
arrivals_gt_departures,Arrivals > Departures,totalWaitStdWeight,Total Wait Std Weight,11.5789,sumQueueSizes,Total Queue Size (Final),1.1707884341918156,1
arrivals_gt_departures,Arrivals > Departures,totalWaitStdWeight,Total Wait Std Weight,12.6316,sumQueueSizes,Total Queue Size (Final),1.1714112391074938,1
arrivals_gt_departures,Arrivals > Departures,totalWaitStdWeight,Total Wait Std Weight,13.6842,sumQueueSizes,Total Queue Size (Final),1.1699025449404161,1
arrivals_gt_departures,Arrivals > Departures,totalWaitStdWeight,Total Wait Std Weight,14.7368,sumQueueSizes,Total Queue Size (Final),1.1723503527805175,1
arrivals_gt_departures,Arrivals > Departures,totalWaitStdWeight,Total Wait Std Weight,15.7895,sumQueueSizes,Total Queue Size (Final),1.1708343070810938,1
arrivals_gt_departures,Arrivals > Departures,totalWaitStdWeight,Total Wait Std Weight,16.8421,sumQueueSizes,Total Queue Size (Final),1.1707330930301558,1
arrivals_gt_departures,Arrivals > Departures,totalWaitStdWeight,Total Wait Std Weight,17.8947,sumQueueSizes,Total Queue Size (Final),1.17049676707144,1
arrivals_gt_departures,Arrivals > Departures,totalWaitStdWeight,Total Wait Std Weight,18.9474,sumQueueSizes,Total Queue Size (Final),1.1715009731806578,1
arrivals_gt_departures,Arrivals > Departures,totalWaitStdWeight,Total Wait Std Weight,20,sumQueueSizes,Total Queue Size (Final),1.1710831965660902,1
arrivals_gt_departures,Arrivals > Departures,totalWaitStdWeight,Total Wait Std Weight,0,sumStdTotalWaitTimes,Sum of Std Total Wait Times (Final),0.8149080932701808,1
arrivals_gt_departures,Arrivals > Departures,totalWaitStdWeight,Total Wait Std Weight,1.0526,sumStdTotalWaitTimes,Sum of Std Total Wait Times (Final),0.7194329596527914,1
arrivals_gt_departures,Arrivals > Departures,totalWaitStdWeight,Total Wait Std Weight,2.1053,sumStdTotalWaitTimes,Sum of Std Total Wait Times (Final),0.6671747779546164,1
arrivals_gt_departures,Arrivals > Departures,totalWaitStdWeight,Total Wait Std Weight,3.1579,sumStdTotalWaitTimes,Sum of Std Total Wait Times (Final),0.6330823741956532,1
arrivals_gt_departures,Arrivals > Departures,totalWaitStdWeight,Total Wait Std Weight,4.2105,sumStdTotalWaitTimes,Sum of Std Total Wait Times (Final),0.4433731026011459,1
arrivals_gt_departures,Arrivals > Departures,totalWaitStdWeight,Total Wait Std Weight,5.2632,sumStdTotalWaitTimes,Sum of Std Total Wait Times (Final),0.42253603468026446,1
arrivals_gt_departures,Arrivals > Departures,totalWaitStdWeight,Total Wait Std Weight,6.3158,sumStdTotalWaitTimes,Sum of Std Total Wait Times (Final),0.4240728281398923,1
arrivals_gt_departures,Arrivals > Departures,totalWaitStdWeight,Total Wait Std Weight,7.3684,sumStdTotalWaitTimes,Sum of Std Total Wait Times (Final),0.42939444900799717,1
arrivals_gt_departures,Arrivals > Departures,totalWaitStdWeight,Total Wait Std Weight,8.4211,sumStdTotalWaitTimes,Sum of Std Total Wait Times (Final),0.4497163107405314,1
arrivals_gt_departures,Arrivals > Departures,totalWaitStdWeight,Total Wait Std Weight,9.4737,sumStdTotalWaitTimes,Sum of Std Total Wait Times (Final),0.44171728593264764,1
arrivals_gt_departures,Arrivals > Departures,totalWaitStdWeight,Total Wait Std Weight,10.5263,sumStdTotalWaitTimes,Sum of Std Total Wait Times (Final),0.457226383514484,1
arrivals_gt_departures,Arrivals > Departures,totalWaitStdWeight,Total Wait Std Weight,11.5789,sumStdTotalWaitTimes,Sum of Std Total Wait Times (Final),0.4599678656967658,1
arrivals_gt_departures,Arrivals > Departures,totalWaitStdWeight,Total Wait Std Weight,12.6316,sumStdTotalWaitTimes,Sum of Std Total Wait Times (Final),0.46225915501002734,1
arrivals_gt_departures,Arrivals > Departures,totalWaitStdWeight,Total Wait Std Weight,13.6842,sumStdTotalWaitTimes,Sum of Std Total Wait Times (Final),0.4766214254451938,1
arrivals_gt_departures,Arrivals > Departures,totalWaitStdWeight,Total Wait Std Weight,14.7368,sumStdTotalWaitTimes,Sum of Std Total Wait Times (Final),0.47273213884431436,1
arrivals_gt_departures,Arrivals > Departures,totalWaitStdWeight,Total Wait Std Weight,15.7895,sumStdTotalWaitTimes,Sum of Std Total Wait Times (Final),0.46829347328599413,1
arrivals_gt_departures,Arrivals > Departures,totalWaitStdWeight,Total Wait Std Weight,16.8421,sumStdTotalWaitTimes,Sum of Std Total Wait Times (Final),0.47710453958243193,1
arrivals_gt_departures,Arrivals > Departures,totalWaitStdWeight,Total Wait Std Weight,17.8947,sumStdTotalWaitTimes,Sum of Std Total Wait Times (Final),0.47611644724654645,1
arrivals_gt_departures,Arrivals > Departures,totalWaitStdWeight,Total Wait Std Weight,18.9474,sumStdTotalWaitTimes,Sum of Std Total Wait Times (Final),0.4748971982692153,1
arrivals_gt_departures,Arrivals > Departures,totalWaitStdWeight,Total Wait Std Weight,20,sumStdTotalWaitTimes,Sum of Std Total Wait Times (Final),0.47789402447258417,1
arrivals_gt_departures,Arrivals > Departures,totalWaitStdWeight,Total Wait Std Weight,0,sumTotalWaitTimes,Sum of Total Wait Times (Final),0.8239575382188881,1
arrivals_gt_departures,Arrivals > Departures,totalWaitStdWeight,Total Wait Std Weight,1.0526,sumTotalWaitTimes,Sum of Total Wait Times (Final),0.8222510718731398,1
arrivals_gt_departures,Arrivals > Departures,totalWaitStdWeight,Total Wait Std Weight,2.1053,sumTotalWaitTimes,Sum of Total Wait Times (Final),0.8369239149790463,1
arrivals_gt_departures,Arrivals > Departures,totalWaitStdWeight,Total Wait Std Weight,3.1579,sumTotalWaitTimes,Sum of Total Wait Times (Final),0.858157161349758,1
arrivals_gt_departures,Arrivals > Departures,totalWaitStdWeight,Total Wait Std Weight,4.2105,sumTotalWaitTimes,Sum of Total Wait Times (Final),1.0691995881836156,1
arrivals_gt_departures,Arrivals > Departures,totalWaitStdWeight,Total Wait Std Weight,5.2632,sumTotalWaitTimes,Sum of Total Wait Times (Final),1.1029484359901824,1
arrivals_gt_departures,Arrivals > Departures,totalWaitStdWeight,Total Wait Std Weight,6.3158,sumTotalWaitTimes,Sum of Total Wait Times (Final),1.1093316602300833,1
arrivals_gt_departures,Arrivals > Departures,totalWaitStdWeight,Total Wait Std Weight,7.3684,sumTotalWaitTimes,Sum of Total Wait Times (Final),1.1374098739984588,1
arrivals_gt_departures,Arrivals > Departures,totalWaitStdWeight,Total Wait Std Weight,8.4211,sumTotalWaitTimes,Sum of Total Wait Times (Final),1.1360696528354606,1
arrivals_gt_departures,Arrivals > Departures,totalWaitStdWeight,Total Wait Std Weight,9.4737,sumTotalWaitTimes,Sum of Total Wait Times (Final),1.1307424325745268,1
arrivals_gt_departures,Arrivals > Departures,totalWaitStdWeight,Total Wait Std Weight,10.5263,sumTotalWaitTimes,Sum of Total Wait Times (Final),1.1510240908113183,1
arrivals_gt_departures,Arrivals > Departures,totalWaitStdWeight,Total Wait Std Weight,11.5789,sumTotalWaitTimes,Sum of Total Wait Times (Final),1.158279771474019,1
arrivals_gt_departures,Arrivals > Departures,totalWaitStdWeight,Total Wait Std Weight,12.6316,sumTotalWaitTimes,Sum of Total Wait Times (Final),1.1544504540171348,1
arrivals_gt_departures,Arrivals > Departures,totalWaitStdWeight,Total Wait Std Weight,13.6842,sumTotalWaitTimes,Sum of Total Wait Times (Final),1.1569150402477109,1
arrivals_gt_departures,Arrivals > Departures,totalWaitStdWeight,Total Wait Std Weight,14.7368,sumTotalWaitTimes,Sum of Total Wait Times (Final),1.1558801684906603,1
arrivals_gt_departures,Arrivals > Departures,totalWaitStdWeight,Total Wait Std Weight,15.7895,sumTotalWaitTimes,Sum of Total Wait Times (Final),1.1611919122416543,1
arrivals_gt_departures,Arrivals > Departures,totalWaitStdWeight,Total Wait Std Weight,16.8421,sumTotalWaitTimes,Sum of Total Wait Times (Final),1.1640190292798742,1
arrivals_gt_departures,Arrivals > Departures,totalWaitStdWeight,Total Wait Std Weight,17.8947,sumTotalWaitTimes,Sum of Total Wait Times (Final),1.162673695051884,1
arrivals_gt_departures,Arrivals > Departures,totalWaitStdWeight,Total Wait Std Weight,18.9474,sumTotalWaitTimes,Sum of Total Wait Times (Final),1.1693650153425441,1
arrivals_gt_departures,Arrivals > Departures,totalWaitStdWeight,Total Wait Std Weight,20,sumTotalWaitTimes,Sum of Total Wait Times (Final),1.1632535801011106,1
arrivals_gt_departures,Arrivals > Departures,totalWaitStdWeight,Total Wait Std Weight,0,throughput,Network Throughput (Final),1.2163426288777084,1
arrivals_gt_departures,Arrivals > Departures,totalWaitStdWeight,Total Wait Std Weight,1.0526,throughput,Network Throughput (Final),1.1394177215189873,1
arrivals_gt_departures,Arrivals > Departures,totalWaitStdWeight,Total Wait Std Weight,2.1053,throughput,Network Throughput (Final),1.0965489322943023,1
arrivals_gt_departures,Arrivals > Departures,totalWaitStdWeight,Total Wait Std Weight,3.1579,throughput,Network Throughput (Final),1.0033317347737196,1
arrivals_gt_departures,Arrivals > Departures,totalWaitStdWeight,Total Wait Std Weight,4.2105,throughput,Network Throughput (Final),0.43302377227073136,1
arrivals_gt_departures,Arrivals > Departures,totalWaitStdWeight,Total Wait Std Weight,5.2632,throughput,Network Throughput (Final),0.35682886160375926,1
arrivals_gt_departures,Arrivals > Departures,totalWaitStdWeight,Total Wait Std Weight,6.3158,throughput,Network Throughput (Final),0.3323645369995956,1
arrivals_gt_departures,Arrivals > Departures,totalWaitStdWeight,Total Wait Std Weight,7.3684,throughput,Network Throughput (Final),0.30749576260467,1
arrivals_gt_departures,Arrivals > Departures,totalWaitStdWeight,Total Wait Std Weight,8.4211,throughput,Network Throughput (Final),0.3062817994055715,1
arrivals_gt_departures,Arrivals > Departures,totalWaitStdWeight,Total Wait Std Weight,9.4737,throughput,Network Throughput (Final),0.3057339333569298,1
arrivals_gt_departures,Arrivals > Departures,totalWaitStdWeight,Total Wait Std Weight,10.5263,throughput,Network Throughput (Final),0.3076246039330081,1
arrivals_gt_departures,Arrivals > Departures,totalWaitStdWeight,Total Wait Std Weight,11.5789,throughput,Network Throughput (Final),0.3078669828934753,1
arrivals_gt_departures,Arrivals > Departures,totalWaitStdWeight,Total Wait Std Weight,12.6316,throughput,Network Throughput (Final),0.3063392721950235,1
arrivals_gt_departures,Arrivals > Departures,totalWaitStdWeight,Total Wait Std Weight,13.6842,throughput,Network Throughput (Final),0.3072539385036219,1
arrivals_gt_departures,Arrivals > Departures,totalWaitStdWeight,Total Wait Std Weight,14.7368,throughput,Network Throughput (Final),0.30452840637349915,1
arrivals_gt_departures,Arrivals > Departures,totalWaitStdWeight,Total Wait Std Weight,15.7895,throughput,Network Throughput (Final),0.306693281451348,1
arrivals_gt_departures,Arrivals > Departures,totalWaitStdWeight,Total Wait Std Weight,16.8421,throughput,Network Throughput (Final),0.30588503649635035,1
arrivals_gt_departures,Arrivals > Departures,totalWaitStdWeight,Total Wait Std Weight,17.8947,throughput,Network Throughput (Final),0.3046416503645741,1
arrivals_gt_departures,Arrivals > Departures,totalWaitStdWeight,Total Wait Std Weight,18.9474,throughput,Network Throughput (Final),0.3067760252365931,1
arrivals_gt_departures,Arrivals > Departures,totalWaitStdWeight,Total Wait Std Weight,20,throughput,Network Throughput (Final),0.3046673085694015,1
arrivals_gt_departures,Arrivals > Departures,totalWaitStdWeight,Total Wait Std Weight,0,totalVehiclesEntered,Total Vehicles Entered (Final),1,1
arrivals_gt_departures,Arrivals > Departures,totalWaitStdWeight,Total Wait Std Weight,1.0526,totalVehiclesEntered,Total Vehicles Entered (Final),1,1
arrivals_gt_departures,Arrivals > Departures,totalWaitStdWeight,Total Wait Std Weight,2.1053,totalVehiclesEntered,Total Vehicles Entered (Final),1,1
arrivals_gt_departures,Arrivals > Departures,totalWaitStdWeight,Total Wait Std Weight,3.1579,totalVehiclesEntered,Total Vehicles Entered (Final),1,1
arrivals_gt_departures,Arrivals > Departures,totalWaitStdWeight,Total Wait Std Weight,4.2105,totalVehiclesEntered,Total Vehicles Entered (Final),1,1
arrivals_gt_departures,Arrivals > Departures,totalWaitStdWeight,Total Wait Std Weight,5.2632,totalVehiclesEntered,Total Vehicles Entered (Final),1,1
arrivals_gt_departures,Arrivals > Departures,totalWaitStdWeight,Total Wait Std Weight,6.3158,totalVehiclesEntered,Total Vehicles Entered (Final),1,1
arrivals_gt_departures,Arrivals > Departures,totalWaitStdWeight,Total Wait Std Weight,7.3684,totalVehiclesEntered,Total Vehicles Entered (Final),1,1
arrivals_gt_departures,Arrivals > Departures,totalWaitStdWeight,Total Wait Std Weight,8.4211,totalVehiclesEntered,Total Vehicles Entered (Final),1,1
arrivals_gt_departures,Arrivals > Departures,totalWaitStdWeight,Total Wait Std Weight,9.4737,totalVehiclesEntered,Total Vehicles Entered (Final),1,1
arrivals_gt_departures,Arrivals > Departures,totalWaitStdWeight,Total Wait Std Weight,10.5263,totalVehiclesEntered,Total Vehicles Entered (Final),1,1
arrivals_gt_departures,Arrivals > Departures,totalWaitStdWeight,Total Wait Std Weight,11.5789,totalVehiclesEntered,Total Vehicles Entered (Final),1,1
arrivals_gt_departures,Arrivals > Departures,totalWaitStdWeight,Total Wait Std Weight,12.6316,totalVehiclesEntered,Total Vehicles Entered (Final),1,1
arrivals_gt_departures,Arrivals > Departures,totalWaitStdWeight,Total Wait Std Weight,13.6842,totalVehiclesEntered,Total Vehicles Entered (Final),1,1
arrivals_gt_departures,Arrivals > Departures,totalWaitStdWeight,Total Wait Std Weight,14.7368,totalVehiclesEntered,Total Vehicles Entered (Final),1,1
arrivals_gt_departures,Arrivals > Departures,totalWaitStdWeight,Total Wait Std Weight,15.7895,totalVehiclesEntered,Total Vehicles Entered (Final),1,1
arrivals_gt_departures,Arrivals > Departures,totalWaitStdWeight,Total Wait Std Weight,16.8421,totalVehiclesEntered,Total Vehicles Entered (Final),1,1
arrivals_gt_departures,Arrivals > Departures,totalWaitStdWeight,Total Wait Std Weight,17.8947,totalVehiclesEntered,Total Vehicles Entered (Final),1,1
arrivals_gt_departures,Arrivals > Departures,totalWaitStdWeight,Total Wait Std Weight,18.9474,totalVehiclesEntered,Total Vehicles Entered (Final),1,1
arrivals_gt_departures,Arrivals > Departures,totalWaitStdWeight,Total Wait Std Weight,20,totalVehiclesEntered,Total Vehicles Entered (Final),1,1
arrivals_gt_departures,Arrivals > Departures,totalWaitStdWeight,Total Wait Std Weight,0,vehiclesInNetwork,Vehicles In Network (Final),0.9463547968478663,1
arrivals_gt_departures,Arrivals > Departures,totalWaitStdWeight,Total Wait Std Weight,1.0526,vehiclesInNetwork,Vehicles In Network (Final),0.965487202627159,1
arrivals_gt_departures,Arrivals > Departures,totalWaitStdWeight,Total Wait Std Weight,2.1053,vehiclesInNetwork,Vehicles In Network (Final),0.976081233546446,1
arrivals_gt_departures,Arrivals > Departures,totalWaitStdWeight,Total Wait Std Weight,3.1579,vehiclesInNetwork,Vehicles In Network (Final),0.9991721283201104,1
arrivals_gt_departures,Arrivals > Departures,totalWaitStdWeight,Total Wait Std Weight,4.2105,vehiclesInNetwork,Vehicles In Network (Final),1.1409137094042825,1
arrivals_gt_departures,Arrivals > Departures,totalWaitStdWeight,Total Wait Std Weight,5.2632,vehiclesInNetwork,Vehicles In Network (Final),1.159629299858291,1
arrivals_gt_departures,Arrivals > Departures,totalWaitStdWeight,Total Wait Std Weight,6.3158,vehiclesInNetwork,Vehicles In Network (Final),1.165627978131113,1
arrivals_gt_departures,Arrivals > Departures,totalWaitStdWeight,Total Wait Std Weight,7.3684,vehiclesInNetwork,Vehicles In Network (Final),1.1715861723132854,1
arrivals_gt_departures,Arrivals > Departures,totalWaitStdWeight,Total Wait Std Weight,8.4211,vehiclesInNetwork,Vehicles In Network (Final),1.1728266462519297,1
arrivals_gt_departures,Arrivals > Departures,totalWaitStdWeight,Total Wait Std Weight,9.4737,vehiclesInNetwork,Vehicles In Network (Final),1.1721584853614193,1
arrivals_gt_departures,Arrivals > Departures,totalWaitStdWeight,Total Wait Std Weight,10.5263,vehiclesInNetwork,Vehicles In Network (Final),1.172839583673367,1
arrivals_gt_departures,Arrivals > Departures,totalWaitStdWeight,Total Wait Std Weight,11.5789,vehiclesInNetwork,Vehicles In Network (Final),1.172062974346108,1
arrivals_gt_departures,Arrivals > Departures,totalWaitStdWeight,Total Wait Std Weight,12.6316,vehiclesInNetwork,Vehicles In Network (Final),1.1723993025502075,1
arrivals_gt_departures,Arrivals > Departures,totalWaitStdWeight,Total Wait Std Weight,13.6842,vehiclesInNetwork,Vehicles In Network (Final),1.1713915103207129,1
arrivals_gt_departures,Arrivals > Departures,totalWaitStdWeight,Total Wait Std Weight,14.7368,vehiclesInNetwork,Vehicles In Network (Final),1.173399775318978,1
arrivals_gt_departures,Arrivals > Departures,totalWaitStdWeight,Total Wait Std Weight,15.7895,vehiclesInNetwork,Vehicles In Network (Final),1.1720453704690665,1
arrivals_gt_departures,Arrivals > Departures,totalWaitStdWeight,Total Wait Std Weight,16.8421,vehiclesInNetwork,Vehicles In Network (Final),1.1715891434013332,1
arrivals_gt_departures,Arrivals > Departures,totalWaitStdWeight,Total Wait Std Weight,17.8947,vehiclesInNetwork,Vehicles In Network (Final),1.1713806252856866,1
arrivals_gt_departures,Arrivals > Departures,totalWaitStdWeight,Total Wait Std Weight,18.9474,vehiclesInNetwork,Vehicles In Network (Final),1.1722853254222618,1
arrivals_gt_departures,Arrivals > Departures,totalWaitStdWeight,Total Wait Std Weight,20,vehiclesInNetwork,Vehicles In Network (Final),1.1719445105828394,1
arrivals_gt_departures,Arrivals > Departures,totalWaitWeight,Total Wait Weight,0,sumAvgWaitTimes,Sum of Average Wait Times (Final),2.353746980059368,1
arrivals_gt_departures,Arrivals > Departures,totalWaitWeight,Total Wait Weight,1.0526,sumAvgWaitTimes,Sum of Average Wait Times (Final),0.8795469407951304,1
arrivals_gt_departures,Arrivals > Departures,totalWaitWeight,Total Wait Weight,2.1053,sumAvgWaitTimes,Sum of Average Wait Times (Final),0.8388491690613782,1
arrivals_gt_departures,Arrivals > Departures,totalWaitWeight,Total Wait Weight,3.1579,sumAvgWaitTimes,Sum of Average Wait Times (Final),0.8162762548983941,1
arrivals_gt_departures,Arrivals > Departures,totalWaitWeight,Total Wait Weight,4.2105,sumAvgWaitTimes,Sum of Average Wait Times (Final),0.8053670646322144,1
arrivals_gt_departures,Arrivals > Departures,totalWaitWeight,Total Wait Weight,5.2632,sumAvgWaitTimes,Sum of Average Wait Times (Final),0.8005824999549451,1
arrivals_gt_departures,Arrivals > Departures,totalWaitWeight,Total Wait Weight,6.3158,sumAvgWaitTimes,Sum of Average Wait Times (Final),0.7928560427149277,1
arrivals_gt_departures,Arrivals > Departures,totalWaitWeight,Total Wait Weight,7.3684,sumAvgWaitTimes,Sum of Average Wait Times (Final),0.8046504728285439,1
arrivals_gt_departures,Arrivals > Departures,totalWaitWeight,Total Wait Weight,8.4211,sumAvgWaitTimes,Sum of Average Wait Times (Final),0.7917816544419711,1
arrivals_gt_departures,Arrivals > Departures,totalWaitWeight,Total Wait Weight,9.4737,sumAvgWaitTimes,Sum of Average Wait Times (Final),0.7892097951534507,1
arrivals_gt_departures,Arrivals > Departures,totalWaitWeight,Total Wait Weight,10.5263,sumAvgWaitTimes,Sum of Average Wait Times (Final),0.7851593111957242,1
arrivals_gt_departures,Arrivals > Departures,totalWaitWeight,Total Wait Weight,11.5789,sumAvgWaitTimes,Sum of Average Wait Times (Final),0.7911294768804469,1
arrivals_gt_departures,Arrivals > Departures,totalWaitWeight,Total Wait Weight,12.6316,sumAvgWaitTimes,Sum of Average Wait Times (Final),0.7986213664117678,1
arrivals_gt_departures,Arrivals > Departures,totalWaitWeight,Total Wait Weight,13.6842,sumAvgWaitTimes,Sum of Average Wait Times (Final),0.7900922976273045,1
arrivals_gt_departures,Arrivals > Departures,totalWaitWeight,Total Wait Weight,14.7368,sumAvgWaitTimes,Sum of Average Wait Times (Final),0.7844752213991876,1
arrivals_gt_departures,Arrivals > Departures,totalWaitWeight,Total Wait Weight,15.7895,sumAvgWaitTimes,Sum of Average Wait Times (Final),0.7845279129608569,1
arrivals_gt_departures,Arrivals > Departures,totalWaitWeight,Total Wait Weight,16.8421,sumAvgWaitTimes,Sum of Average Wait Times (Final),0.7822523703391682,1
arrivals_gt_departures,Arrivals > Departures,totalWaitWeight,Total Wait Weight,17.8947,sumAvgWaitTimes,Sum of Average Wait Times (Final),0.7840192772632855,1
arrivals_gt_departures,Arrivals > Departures,totalWaitWeight,Total Wait Weight,18.9474,sumAvgWaitTimes,Sum of Average Wait Times (Final),0.7859055670636649,1
arrivals_gt_departures,Arrivals > Departures,totalWaitWeight,Total Wait Weight,20,sumAvgWaitTimes,Sum of Average Wait Times (Final),0.7895109863498059,1
arrivals_gt_departures,Arrivals > Departures,totalWaitWeight,Total Wait Weight,0,sumQueueSizes,Total Queue Size (Final),1.1708841164837525,1
arrivals_gt_departures,Arrivals > Departures,totalWaitWeight,Total Wait Weight,1.0526,sumQueueSizes,Total Queue Size (Final),0.9547057039601708,1
arrivals_gt_departures,Arrivals > Departures,totalWaitWeight,Total Wait Weight,2.1053,sumQueueSizes,Total Queue Size (Final),0.9462755375919669,1
arrivals_gt_departures,Arrivals > Departures,totalWaitWeight,Total Wait Weight,3.1579,sumQueueSizes,Total Queue Size (Final),0.9440269761685253,1
arrivals_gt_departures,Arrivals > Departures,totalWaitWeight,Total Wait Weight,4.2105,sumQueueSizes,Total Queue Size (Final),0.9432275255889726,1
arrivals_gt_departures,Arrivals > Departures,totalWaitWeight,Total Wait Weight,5.2632,sumQueueSizes,Total Queue Size (Final),0.9413243393461674,1
arrivals_gt_departures,Arrivals > Departures,totalWaitWeight,Total Wait Weight,6.3158,sumQueueSizes,Total Queue Size (Final),0.9399384988413283,1
arrivals_gt_departures,Arrivals > Departures,totalWaitWeight,Total Wait Weight,7.3684,sumQueueSizes,Total Queue Size (Final),0.94209761031736,1
arrivals_gt_departures,Arrivals > Departures,totalWaitWeight,Total Wait Weight,8.4211,sumQueueSizes,Total Queue Size (Final),0.9404527434790294,1
arrivals_gt_departures,Arrivals > Departures,totalWaitWeight,Total Wait Weight,9.4737,sumQueueSizes,Total Queue Size (Final),0.9414760520662201,1
arrivals_gt_departures,Arrivals > Departures,totalWaitWeight,Total Wait Weight,10.5263,sumQueueSizes,Total Queue Size (Final),0.9397202311408633,1
arrivals_gt_departures,Arrivals > Departures,totalWaitWeight,Total Wait Weight,11.5789,sumQueueSizes,Total Queue Size (Final),0.9405323875397587,1
arrivals_gt_departures,Arrivals > Departures,totalWaitWeight,Total Wait Weight,12.6316,sumQueueSizes,Total Queue Size (Final),0.9403685663564746,1
arrivals_gt_departures,Arrivals > Departures,totalWaitWeight,Total Wait Weight,13.6842,sumQueueSizes,Total Queue Size (Final),0.939453433244743,1
arrivals_gt_departures,Arrivals > Departures,totalWaitWeight,Total Wait Weight,14.7368,sumQueueSizes,Total Queue Size (Final),0.9396999842096952,1
arrivals_gt_departures,Arrivals > Departures,totalWaitWeight,Total Wait Weight,15.7895,sumQueueSizes,Total Queue Size (Final),0.9375074951873008,1
arrivals_gt_departures,Arrivals > Departures,totalWaitWeight,Total Wait Weight,16.8421,sumQueueSizes,Total Queue Size (Final),0.9387261709380129,1
arrivals_gt_departures,Arrivals > Departures,totalWaitWeight,Total Wait Weight,17.8947,sumQueueSizes,Total Queue Size (Final),0.9400390267314165,1
arrivals_gt_departures,Arrivals > Departures,totalWaitWeight,Total Wait Weight,18.9474,sumQueueSizes,Total Queue Size (Final),0.9394431627848181,1
arrivals_gt_departures,Arrivals > Departures,totalWaitWeight,Total Wait Weight,20,sumQueueSizes,Total Queue Size (Final),0.9396911875312067,1
arrivals_gt_departures,Arrivals > Departures,totalWaitWeight,Total Wait Weight,0,sumStdTotalWaitTimes,Sum of Std Total Wait Times (Final),0.4532122519611552,1
arrivals_gt_departures,Arrivals > Departures,totalWaitWeight,Total Wait Weight,1.0526,sumStdTotalWaitTimes,Sum of Std Total Wait Times (Final),0.7255717861663864,1
arrivals_gt_departures,Arrivals > Departures,totalWaitWeight,Total Wait Weight,2.1053,sumStdTotalWaitTimes,Sum of Std Total Wait Times (Final),0.7655905220020466,1
arrivals_gt_departures,Arrivals > Departures,totalWaitWeight,Total Wait Weight,3.1579,sumStdTotalWaitTimes,Sum of Std Total Wait Times (Final),0.778973437125907,1
arrivals_gt_departures,Arrivals > Departures,totalWaitWeight,Total Wait Weight,4.2105,sumStdTotalWaitTimes,Sum of Std Total Wait Times (Final),0.7876179219936378,1
arrivals_gt_departures,Arrivals > Departures,totalWaitWeight,Total Wait Weight,5.2632,sumStdTotalWaitTimes,Sum of Std Total Wait Times (Final),0.7921614958280035,1
arrivals_gt_departures,Arrivals > Departures,totalWaitWeight,Total Wait Weight,6.3158,sumStdTotalWaitTimes,Sum of Std Total Wait Times (Final),0.7953540727698846,1
arrivals_gt_departures,Arrivals > Departures,totalWaitWeight,Total Wait Weight,7.3684,sumStdTotalWaitTimes,Sum of Std Total Wait Times (Final),0.7980894206381434,1
arrivals_gt_departures,Arrivals > Departures,totalWaitWeight,Total Wait Weight,8.4211,sumStdTotalWaitTimes,Sum of Std Total Wait Times (Final),0.8002854749756126,1
arrivals_gt_departures,Arrivals > Departures,totalWaitWeight,Total Wait Weight,9.4737,sumStdTotalWaitTimes,Sum of Std Total Wait Times (Final),0.8016487437132646,1
arrivals_gt_departures,Arrivals > Departures,totalWaitWeight,Total Wait Weight,10.5263,sumStdTotalWaitTimes,Sum of Std Total Wait Times (Final),0.8024425886473776,1
arrivals_gt_departures,Arrivals > Departures,totalWaitWeight,Total Wait Weight,11.5789,sumStdTotalWaitTimes,Sum of Std Total Wait Times (Final),0.8037616979054357,1
arrivals_gt_departures,Arrivals > Departures,totalWaitWeight,Total Wait Weight,12.6316,sumStdTotalWaitTimes,Sum of Std Total Wait Times (Final),0.804942645734834,1
arrivals_gt_departures,Arrivals > Departures,totalWaitWeight,Total Wait Weight,13.6842,sumStdTotalWaitTimes,Sum of Std Total Wait Times (Final),0.8020983721282664,1
arrivals_gt_departures,Arrivals > Departures,totalWaitWeight,Total Wait Weight,14.7368,sumStdTotalWaitTimes,Sum of Std Total Wait Times (Final),0.8057902772858477,1
arrivals_gt_departures,Arrivals > Departures,totalWaitWeight,Total Wait Weight,15.7895,sumStdTotalWaitTimes,Sum of Std Total Wait Times (Final),0.8070195025144294,1
arrivals_gt_departures,Arrivals > Departures,totalWaitWeight,Total Wait Weight,16.8421,sumStdTotalWaitTimes,Sum of Std Total Wait Times (Final),0.8065911614703954,1
arrivals_gt_departures,Arrivals > Departures,totalWaitWeight,Total Wait Weight,17.8947,sumStdTotalWaitTimes,Sum of Std Total Wait Times (Final),0.8066669662548667,1
arrivals_gt_departures,Arrivals > Departures,totalWaitWeight,Total Wait Weight,18.9474,sumStdTotalWaitTimes,Sum of Std Total Wait Times (Final),0.8084369971848556,1
arrivals_gt_departures,Arrivals > Departures,totalWaitWeight,Total Wait Weight,20,sumStdTotalWaitTimes,Sum of Std Total Wait Times (Final),0.808352130903744,1
arrivals_gt_departures,Arrivals > Departures,totalWaitWeight,Total Wait Weight,0,sumTotalWaitTimes,Sum of Total Wait Times (Final),1.175186219937454,1
arrivals_gt_departures,Arrivals > Departures,totalWaitWeight,Total Wait Weight,1.0526,sumTotalWaitTimes,Sum of Total Wait Times (Final),0.8208711530889425,1
arrivals_gt_departures,Arrivals > Departures,totalWaitWeight,Total Wait Weight,2.1053,sumTotalWaitTimes,Sum of Total Wait Times (Final),0.8180245135976301,1
arrivals_gt_departures,Arrivals > Departures,totalWaitWeight,Total Wait Weight,3.1579,sumTotalWaitTimes,Sum of Total Wait Times (Final),0.8192662529759933,1
arrivals_gt_departures,Arrivals > Departures,totalWaitWeight,Total Wait Weight,4.2105,sumTotalWaitTimes,Sum of Total Wait Times (Final),0.8200613166089481,1
arrivals_gt_departures,Arrivals > Departures,totalWaitWeight,Total Wait Weight,5.2632,sumTotalWaitTimes,Sum of Total Wait Times (Final),0.8203344517316293,1
arrivals_gt_departures,Arrivals > Departures,totalWaitWeight,Total Wait Weight,6.3158,sumTotalWaitTimes,Sum of Total Wait Times (Final),0.8199244742807907,1
arrivals_gt_departures,Arrivals > Departures,totalWaitWeight,Total Wait Weight,7.3684,sumTotalWaitTimes,Sum of Total Wait Times (Final),0.8214269381698328,1
arrivals_gt_departures,Arrivals > Departures,totalWaitWeight,Total Wait Weight,8.4211,sumTotalWaitTimes,Sum of Total Wait Times (Final),0.8215736571548464,1
arrivals_gt_departures,Arrivals > Departures,totalWaitWeight,Total Wait Weight,9.4737,sumTotalWaitTimes,Sum of Total Wait Times (Final),0.8220221838760954,1
arrivals_gt_departures,Arrivals > Departures,totalWaitWeight,Total Wait Weight,10.5263,sumTotalWaitTimes,Sum of Total Wait Times (Final),0.8214445394132405,1
arrivals_gt_departures,Arrivals > Departures,totalWaitWeight,Total Wait Weight,11.5789,sumTotalWaitTimes,Sum of Total Wait Times (Final),0.822492773865723,1
arrivals_gt_departures,Arrivals > Departures,totalWaitWeight,Total Wait Weight,12.6316,sumTotalWaitTimes,Sum of Total Wait Times (Final),0.8228010032585166,1
arrivals_gt_departures,Arrivals > Departures,totalWaitWeight,Total Wait Weight,13.6842,sumTotalWaitTimes,Sum of Total Wait Times (Final),0.8220808318687772,1
arrivals_gt_departures,Arrivals > Departures,totalWaitWeight,Total Wait Weight,14.7368,sumTotalWaitTimes,Sum of Total Wait Times (Final),0.8221934630146619,1
arrivals_gt_departures,Arrivals > Departures,totalWaitWeight,Total Wait Weight,15.7895,sumTotalWaitTimes,Sum of Total Wait Times (Final),0.8220829587644648,1
arrivals_gt_departures,Arrivals > Departures,totalWaitWeight,Total Wait Weight,16.8421,sumTotalWaitTimes,Sum of Total Wait Times (Final),0.822887488589081,1
arrivals_gt_departures,Arrivals > Departures,totalWaitWeight,Total Wait Weight,17.8947,sumTotalWaitTimes,Sum of Total Wait Times (Final),0.8225517896359111,1
arrivals_gt_departures,Arrivals > Departures,totalWaitWeight,Total Wait Weight,18.9474,sumTotalWaitTimes,Sum of Total Wait Times (Final),0.8227100179548749,1
arrivals_gt_departures,Arrivals > Departures,totalWaitWeight,Total Wait Weight,20,sumTotalWaitTimes,Sum of Total Wait Times (Final),0.8226079036296147,1
arrivals_gt_departures,Arrivals > Departures,totalWaitWeight,Total Wait Weight,0,throughput,Network Throughput (Final),0.3050954449045551,1
arrivals_gt_departures,Arrivals > Departures,totalWaitWeight,Total Wait Weight,1.0526,throughput,Network Throughput (Final),1.154267815191856,1
arrivals_gt_departures,Arrivals > Departures,totalWaitWeight,Total Wait Weight,2.1053,throughput,Network Throughput (Final),1.1845659651962768,1
arrivals_gt_departures,Arrivals > Departures,totalWaitWeight,Total Wait Weight,3.1579,throughput,Network Throughput (Final),1.1967254599286383,1
arrivals_gt_departures,Arrivals > Departures,totalWaitWeight,Total Wait Weight,4.2105,throughput,Network Throughput (Final),1.1990831032648617,1
arrivals_gt_departures,Arrivals > Departures,totalWaitWeight,Total Wait Weight,5.2632,throughput,Network Throughput (Final),1.2053844791376735,1
arrivals_gt_departures,Arrivals > Departures,totalWaitWeight,Total Wait Weight,6.3158,throughput,Network Throughput (Final),1.2089529590288315,1
arrivals_gt_departures,Arrivals > Departures,totalWaitWeight,Total Wait Weight,7.3684,throughput,Network Throughput (Final),1.2034811959998992,1
arrivals_gt_departures,Arrivals > Departures,totalWaitWeight,Total Wait Weight,8.4211,throughput,Network Throughput (Final),1.2080801944106927,1
arrivals_gt_departures,Arrivals > Departures,totalWaitWeight,Total Wait Weight,9.4737,throughput,Network Throughput (Final),1.204019795980204,1
arrivals_gt_departures,Arrivals > Departures,totalWaitWeight,Total Wait Weight,10.5263,throughput,Network Throughput (Final),1.2105449487925148,1
arrivals_gt_departures,Arrivals > Departures,totalWaitWeight,Total Wait Weight,11.5789,throughput,Network Throughput (Final),1.2077467468229206,1
arrivals_gt_departures,Arrivals > Departures,totalWaitWeight,Total Wait Weight,12.6316,throughput,Network Throughput (Final),1.2118768328445748,1
arrivals_gt_departures,Arrivals > Departures,totalWaitWeight,Total Wait Weight,13.6842,throughput,Network Throughput (Final),1.2158944088364199,1
arrivals_gt_departures,Arrivals > Departures,totalWaitWeight,Total Wait Weight,14.7368,throughput,Network Throughput (Final),1.2118119584712153,1
arrivals_gt_departures,Arrivals > Departures,totalWaitWeight,Total Wait Weight,15.7895,throughput,Network Throughput (Final),1.2199701031189034,1
arrivals_gt_departures,Arrivals > Departures,totalWaitWeight,Total Wait Weight,16.8421,throughput,Network Throughput (Final),1.2130457920478448,1
arrivals_gt_departures,Arrivals > Departures,totalWaitWeight,Total Wait Weight,17.8947,throughput,Network Throughput (Final),1.2117858589951378,1
arrivals_gt_departures,Arrivals > Departures,totalWaitWeight,Total Wait Weight,18.9474,throughput,Network Throughput (Final),1.2128582963262011,1
arrivals_gt_departures,Arrivals > Departures,totalWaitWeight,Total Wait Weight,20,throughput,Network Throughput (Final),1.2090526474961567,1
arrivals_gt_departures,Arrivals > Departures,totalWaitWeight,Total Wait Weight,0,totalVehiclesEntered,Total Vehicles Entered (Final),1,1
arrivals_gt_departures,Arrivals > Departures,totalWaitWeight,Total Wait Weight,1.0526,totalVehiclesEntered,Total Vehicles Entered (Final),1,1
arrivals_gt_departures,Arrivals > Departures,totalWaitWeight,Total Wait Weight,2.1053,totalVehiclesEntered,Total Vehicles Entered (Final),1,1
arrivals_gt_departures,Arrivals > Departures,totalWaitWeight,Total Wait Weight,3.1579,totalVehiclesEntered,Total Vehicles Entered (Final),1,1
arrivals_gt_departures,Arrivals > Departures,totalWaitWeight,Total Wait Weight,4.2105,totalVehiclesEntered,Total Vehicles Entered (Final),1,1
arrivals_gt_departures,Arrivals > Departures,totalWaitWeight,Total Wait Weight,5.2632,totalVehiclesEntered,Total Vehicles Entered (Final),1,1
arrivals_gt_departures,Arrivals > Departures,totalWaitWeight,Total Wait Weight,6.3158,totalVehiclesEntered,Total Vehicles Entered (Final),1,1
arrivals_gt_departures,Arrivals > Departures,totalWaitWeight,Total Wait Weight,7.3684,totalVehiclesEntered,Total Vehicles Entered (Final),1,1
arrivals_gt_departures,Arrivals > Departures,totalWaitWeight,Total Wait Weight,8.4211,totalVehiclesEntered,Total Vehicles Entered (Final),1,1
arrivals_gt_departures,Arrivals > Departures,totalWaitWeight,Total Wait Weight,9.4737,totalVehiclesEntered,Total Vehicles Entered (Final),1,1
arrivals_gt_departures,Arrivals > Departures,totalWaitWeight,Total Wait Weight,10.5263,totalVehiclesEntered,Total Vehicles Entered (Final),1,1
arrivals_gt_departures,Arrivals > Departures,totalWaitWeight,Total Wait Weight,11.5789,totalVehiclesEntered,Total Vehicles Entered (Final),1,1
arrivals_gt_departures,Arrivals > Departures,totalWaitWeight,Total Wait Weight,12.6316,totalVehiclesEntered,Total Vehicles Entered (Final),1,1
arrivals_gt_departures,Arrivals > Departures,totalWaitWeight,Total Wait Weight,13.6842,totalVehiclesEntered,Total Vehicles Entered (Final),1,1
arrivals_gt_departures,Arrivals > Departures,totalWaitWeight,Total Wait Weight,14.7368,totalVehiclesEntered,Total Vehicles Entered (Final),1,1
arrivals_gt_departures,Arrivals > Departures,totalWaitWeight,Total Wait Weight,15.7895,totalVehiclesEntered,Total Vehicles Entered (Final),1,1
arrivals_gt_departures,Arrivals > Departures,totalWaitWeight,Total Wait Weight,16.8421,totalVehiclesEntered,Total Vehicles Entered (Final),1,1
arrivals_gt_departures,Arrivals > Departures,totalWaitWeight,Total Wait Weight,17.8947,totalVehiclesEntered,Total Vehicles Entered (Final),1,1
arrivals_gt_departures,Arrivals > Departures,totalWaitWeight,Total Wait Weight,18.9474,totalVehiclesEntered,Total Vehicles Entered (Final),1,1
arrivals_gt_departures,Arrivals > Departures,totalWaitWeight,Total Wait Weight,20,totalVehiclesEntered,Total Vehicles Entered (Final),1,1
arrivals_gt_departures,Arrivals > Departures,totalWaitWeight,Total Wait Weight,0,vehiclesInNetwork,Vehicles In Network (Final),1.1725887369873322,1
arrivals_gt_departures,Arrivals > Departures,totalWaitWeight,Total Wait Weight,1.0526,vehiclesInNetwork,Vehicles In Network (Final),0.9617060767383384,1
arrivals_gt_departures,Arrivals > Departures,totalWaitWeight,Total Wait Weight,2.1053,vehiclesInNetwork,Vehicles In Network (Final),0.9542588134998244,1
arrivals_gt_departures,Arrivals > Departures,totalWaitWeight,Total Wait Weight,3.1579,vehiclesInNetwork,Vehicles In Network (Final),0.9512745460585282,1
arrivals_gt_departures,Arrivals > Departures,totalWaitWeight,Total Wait Weight,4.2105,vehiclesInNetwork,Vehicles In Network (Final),0.9507466334133335,1
arrivals_gt_departures,Arrivals > Departures,totalWaitWeight,Total Wait Weight,5.2632,vehiclesInNetwork,Vehicles In Network (Final),0.9491234338078136,1
arrivals_gt_departures,Arrivals > Departures,totalWaitWeight,Total Wait Weight,6.3158,vehiclesInNetwork,Vehicles In Network (Final),0.9482084200496477,1
arrivals_gt_departures,Arrivals > Departures,totalWaitWeight,Total Wait Weight,7.3684,vehiclesInNetwork,Vehicles In Network (Final),0.9493113293383114,1
arrivals_gt_departures,Arrivals > Departures,totalWaitWeight,Total Wait Weight,8.4211,vehiclesInNetwork,Vehicles In Network (Final),0.9484833291551767,1
arrivals_gt_departures,Arrivals > Departures,totalWaitWeight,Total Wait Weight,9.4737,vehiclesInNetwork,Vehicles In Network (Final),0.9493289853254735,1
arrivals_gt_departures,Arrivals > Departures,totalWaitWeight,Total Wait Weight,10.5263,vehiclesInNetwork,Vehicles In Network (Final),0.9478055905566108,1
arrivals_gt_departures,Arrivals > Departures,totalWaitWeight,Total Wait Weight,11.5789,vehiclesInNetwork,Vehicles In Network (Final),0.9486973897682927,1
arrivals_gt_departures,Arrivals > Departures,totalWaitWeight,Total Wait Weight,12.6316,vehiclesInNetwork,Vehicles In Network (Final),0.9474571808310555,1
arrivals_gt_departures,Arrivals > Departures,totalWaitWeight,Total Wait Weight,13.6842,vehiclesInNetwork,Vehicles In Network (Final),0.9466009988031907,1
arrivals_gt_departures,Arrivals > Departures,totalWaitWeight,Total Wait Weight,14.7368,vehiclesInNetwork,Vehicles In Network (Final),0.9474218852875336,1
arrivals_gt_departures,Arrivals > Departures,totalWaitWeight,Total Wait Weight,15.7895,vehiclesInNetwork,Vehicles In Network (Final),0.9455997994924653,1
arrivals_gt_departures,Arrivals > Departures,totalWaitWeight,Total Wait Weight,16.8421,vehiclesInNetwork,Vehicles In Network (Final),0.9473255515247208,1
arrivals_gt_departures,Arrivals > Departures,totalWaitWeight,Total Wait Weight,17.8947,vehiclesInNetwork,Vehicles In Network (Final),0.9475923697799168,1
arrivals_gt_departures,Arrivals > Departures,totalWaitWeight,Total Wait Weight,18.9474,vehiclesInNetwork,Vehicles In Network (Final),0.9470871594159266,1
arrivals_gt_departures,Arrivals > Departures,totalWaitWeight,Total Wait Weight,20,vehiclesInNetwork,Vehicles In Network (Final),0.9479562066693854,1