regime,factorKey,factorLabel,factorValue,seedRep,metricKey,metricLabel,fixedValue,greedyValue,ratio,arrivalsPerStep,departuresPerStep,gridSize,simDuration,arrivalMin,arrivalMax,departureRate,requestedFactorValue,runSeed,inflowSeedOffset
arrivals_gt_departures,arrivalUniformMax,Uniform Arrival Max (veh/step/boundary stream),40,0,throughput,Network Throughput (Final),39653,45186,1.13953547020402,400,160,5,500,0,40,8,40,2,0
arrivals_gt_departures,arrivalUniformMax,Uniform Arrival Max (veh/step/boundary stream),40,0,totalVehiclesEntered,Total Vehicles Entered (Final),199064,199064,1,400,160,5,500,0,40,8,40,2,0
arrivals_gt_departures,arrivalUniformMax,Uniform Arrival Max (veh/step/boundary stream),40,0,vehiclesInNetwork,Vehicles In Network (Final),159411,153878,0.9652909774105928,400,160,5,500,0,40,8,40,2,0
arrivals_gt_departures,arrivalUniformMax,Uniform Arrival Max (veh/step/boundary stream),40,0,sumQueueSizes,Total Queue Size (Final),158196,151631,0.9585008470504943,400,160,5,500,0,40,8,40,2,0
arrivals_gt_departures,arrivalUniformMax,Uniform Arrival Max (veh/step/boundary stream),40,0,sumAvgWaitTimes,Sum of Average Wait Times (Final),8482.29991760881,7585.735724005259,0.8943017575053752,400,160,5,500,0,40,8,40,2,0
arrivals_gt_departures,arrivalUniformMax,Uniform Arrival Max (veh/step/boundary stream),40,0,sumTotalWaitTimes,Sum of Total Wait Times (Final),28859351,23738339,0.8225527663459931,400,160,5,500,0,40,8,40,2,0
arrivals_gt_departures,arrivalUniformMax,Uniform Arrival Max (veh/step/boundary stream),40,0,sumStdTotalWaitTimes,Sum of Std Total Wait Times (Final),9029465.74203942,6497789.696250929,0.7196206156471135,400,160,5,500,0,40,8,40,2,0
arrivals_gt_departures,throughTurnProb,Through Turn Probability (T),0,0,throughput,Network Throughput (Final),84304,107296,1.2727272727272727,400,160,5,500,0,40,8,0,2,0
arrivals_gt_departures,throughTurnProb,Through Turn Probability (T),0,0,totalVehiclesEntered,Total Vehicles Entered (Final),199064,199064,1,400,160,5,500,0,40,8,0,2,0
arrivals_gt_departures,throughTurnProb,Through Turn Probability (T),0,0,vehiclesInNetwork,Vehicles In Network (Final),114760,91768,0.7996514464970373,400,160,5,500,0,40,8,0,2,0
arrivals_gt_departures,throughTurnProb,Through Turn Probability (T),0,0,sumQueueSizes,Total Queue Size (Final),110453,85570,0.7747186586149765,400,160,5,500,0,40,8,0,2,0
arrivals_gt_departures,throughTurnProb,Through Turn Probability (T),0,0,sumAvgWaitTimes,Sum of Average Wait Times (Final),6744.637327320349,5208.836175640698,0.7722929970661853,400,160,5,500,0,40,8,0,2,0
arrivals_gt_departures,throughTurnProb,Through Turn Probability (T),0,0,sumTotalWaitTimes,Sum of Total Wait Times (Final),20502573,10682775,0.5210455780354982,400,160,5,500,0,40,8,0,2,0
arrivals_gt_departures,throughTurnProb,Through Turn Probability (T),0,0,sumStdTotalWaitTimes,Sum of Std Total Wait Times (Final),5208877.502404956,2522636.5430155364,0.4842956168293124,400,160,5,500,0,40,8,0,2,0
arrivals_gt_departures,throughTurnProb,Through Turn Probability (T),0.0526,0,throughput,Network Throughput (Final),85838,100429,1.1699829912160116,400,160,5,500,0,40,8,0.0526,2,0
arrivals_gt_departures,throughTurnProb,Through Turn Probability (T),0.0526,0,totalVehiclesEntered,Total Vehicles Entered (Final),199064,199064,1,400,160,5,500,0,40,8,0.0526,2,0
arrivals_gt_departures,throughTurnProb,Through Turn Probability (T),0.0526,0,vehiclesInNetwork,Vehicles In Network (Final),113226,98635,0.8711338385176549,400,160,5,500,0,40,8,0.0526,2,0
arrivals_gt_departures,throughTurnProb,Through Turn Probability (T),0.0526,0,sumQueueSizes,Total Queue Size (Final),108562,92978,0.8564506917706012,400,160,5,500,0,40,8,0.0526,2,0
arrivals_gt_departures,throughTurnProb,Through Turn Probability (T),0.0526,0,sumAvgWaitTimes,Sum of Average Wait Times (Final),7425.098829330862,5825.006836674857,0.784502263278265,400,160,5,500,0,40,8,0.0526,2,0
arrivals_gt_departures,throughTurnProb,Through Turn Probability (T),0.0526,0,sumTotalWaitTimes,Sum of Total Wait Times (Final),19163021,11835293,0.6176110228131566,400,160,5,500,0,40,8,0.0526,2,0
arrivals_gt_departures,throughTurnProb,Through Turn Probability (T),0.0526,0,sumStdTotalWaitTimes,Sum of Std Total Wait Times (Final),4825732.052007366,2794396.0291024656,0.5790615804994969,400,160,5,500,0,40,8,0.0526,2,0
arrivals_gt_departures,throughTurnProb,Through Turn Probability (T),0.1053,0,throughput,Network Throughput (Final),86406,94786,1.0969840057403422,400,160,5,500,0,40,8,0.1053,2,0
arrivals_gt_departures,throughTurnProb,Through Turn Probability (T),0.1053,0,totalVehiclesEntered,Total Vehicles Entered (Final),199064,199064,1,400,160,5,500,0,40,8,0.1053,2,0
arrivals_gt_departures,throughTurnProb,Through Turn Probability (T),0.1053,0,vehiclesInNetwork,Vehicles In Network (Final),112658,104278,0.9256155798966784,400,160,5,500,0,40,8,0.1053,2,0
arrivals_gt_departures,throughTurnProb,Through Turn Probability (T),0.1053,0,sumQueueSizes,Total Queue Size (Final),107915,99238,0.9195941250057916,400,160,5,500,0,40,8,0.1053,2,0
arrivals_gt_departures,throughTurnProb,Through Turn Probability (T),0.1053,0,sumAvgWaitTimes,Sum of Average Wait Times (Final),7894.885936140124,5921.3734239750465,0.7500264692703155,400,160,5,500,0,40,8,0.1053,2,0
arrivals_gt_departures,throughTurnProb,Through Turn Probability (T),0.1053,0,sumTotalWaitTimes,Sum of Total Wait Times (Final),17912057,12997111,0.7256068356638213,400,160,5,500,0,40,8,0.1053,2,0
arrivals_gt_departures,throughTurnProb,Through Turn Probability (T),0.1053,0,sumStdTotalWaitTimes,Sum of Std Total Wait Times (Final),4478876.161908199,3092756.8717083037,0.6905207377715602,400,160,5,500,0,40,8,0.1053,2,0
arrivals_gt_departures,throughTurnProb,Through Turn Probability (T),0.1579,0,throughput,Network Throughput (Final),85830,89499,1.0427472911569382,400,160,5,500,0,40,8,0.1579,2,0
arrivals_gt_departures,throughTurnProb,Through Turn Probability (T),0.1579,0,totalVehiclesEntered,Total Vehicles Entered (Final),199064,199064,1,400,160,5,500,0,40,8,0.1579,2,0
arrivals_gt_departures,throughTurnProb,Through Turn Probability (T),0.1579,0,vehiclesInNetwork,Vehicles In Network (Final),113234,109565,0.9675980712506844,400,160,5,500,0,40,8,0.1579,2,0
arrivals_gt_departures,throughTurnProb,Through Turn Probability (T),0.1579,0,sumQueueSizes,Total Queue Size (Final),108782,104875,0.964084131565884,400,160,5,500,0,40,8,0.1579,2,0
arrivals_gt_departures,throughTurnProb,Through Turn Probability (T),0.1579,0,sumAvgWaitTimes,Sum of Average Wait Times (Final),7217.689607783271,6019.535006058348,0.8339974885546643,400,160,5,500,0,40,8,0.1579,2,0
arrivals_gt_departures,throughTurnProb,Through Turn Probability (T),0.1579,0,sumTotalWaitTimes,Sum of Total Wait Times (Final),17013480,14180436,0.8334823916094767,400,160,5,500,0,40,8,0.1579,2,0
arrivals_gt_departures,throughTurnProb,Through Turn Probability (T),0.1579,0,sumStdTotalWaitTimes,Sum of Std Total Wait Times (Final),4404350.508447881,3391273.639137868,0.7699826870348184,400,160,5,500,0,40,8,0.1579,2,0
arrivals_gt_departures,throughTurnProb,Through Turn Probability (T),0.2105,0,throughput,Network Throughput (Final),83116,84376,1.0151595360700707,400,160,5,500,0,40,8,0.2105,2,0
arrivals_gt_departures,throughTurnProb,Through Turn Probability (T),0.2105,0,totalVehiclesEntered,Total Vehicles Entered (Final),199064,199064,1,400,160,5,500,0,40,8,0.2105,2,0
arrivals_gt_departures,throughTurnProb,Through Turn Probability (T),0.2105,0,vehiclesInNetwork,Vehicles In Network (Final),115948,114688,0.9891330596474281,400,160,5,500,0,40,8,0.2105,2,0
arrivals_gt_departures,throughTurnProb,Through Turn Probability (T),0.2105,0,sumQueueSizes,Total Queue Size (Final),111824,110380,0.9870868507654886,400,160,5,500,0,40,8,0.2105,2,0
arrivals_gt_departures,throughTurnProb,Through Turn Probability (T),0.2105,0,sumAvgWaitTimes,Sum of Average Wait Times (Final),6450.508770719184,6148.52176103195,0.9531840013832638,400,160,5,500,0,40,8,0.2105,2,0
arrivals_gt_departures,throughTurnProb,Through Turn Probability (T),0.2105,0,sumTotalWaitTimes,Sum of Total Wait Times (Final),16908424,15283003,0.9038691601298856,400,160,5,500,0,40,8,0.2105,2,0
arrivals_gt_departures,throughTurnProb,Through Turn Probability (T),0.2105,0,sumStdTotalWaitTimes,Sum of Std Total Wait Times (Final),4610466.232875818,3687388.5749266846,0.7997864833350365,400,160,5,500,0,40,8,0.2105,2,0
arrivals_gt_departures,throughTurnProb,Through Turn Probability (T),0.2632,0,throughput,Network Throughput (Final),80421,79594,0.9897166163066861,400,160,5,500,0,40,8,0.2632,2,0
arrivals_gt_departures,throughTurnProb,Through Turn Probability (T),0.2632,0,totalVehiclesEntered,Total Vehicles Entered (Final),199064,199064,1,400,160,5,500,0,40,8,0.2632,2,0
arrivals_gt_departures,throughTurnProb,Through Turn Probability (T),0.2632,0,vehiclesInNetwork,Vehicles In Network (Final),118643,119470,1.0069704913058504,400,160,5,500,0,40,8,0.2632,2,0
arrivals_gt_departures,throughTurnProb,Through Turn Probability (T),0.2632,0,sumQueueSizes,Total Queue Size (Final),114804,115454,1.0056618236298387,400,160,5,500,0,40,8,0.2632,2,0
arrivals_gt_departures,throughTurnProb,Through Turn Probability (T),0.2632,0,sumAvgWaitTimes,Sum of Average Wait Times (Final),5884.872199427755,6306.299395291831,1.0716119537659723,400,160,5,500,0,40,8,0.2632,2,0
arrivals_gt_departures,throughTurnProb,Through Turn Probability (T),0.2632,0,sumTotalWaitTimes,Sum of Total Wait Times (Final),17332163,16314975,0.9413121143621832,400,160,5,500,0,40,8,0.2632,2,0
arrivals_gt_departures,throughTurnProb,Through Turn Probability (T),0.2632,0,sumStdTotalWaitTimes,Sum of Std Total Wait Times (Final),4931136.47214681,3967956.329494159,0.8046738012437683,400,160,5,500,0,40,8,0.2632,2,0
arrivals_gt_departures,throughTurnProb,Through Turn Probability (T),0.3158,0,throughput,Network Throughput (Final),77493,75046,0.9684229543313589,400,160,5,500,0,40,8,0.3158,2,0
arrivals_gt_departures,throughTurnProb,Through Turn Probability (T),0.3158,0,totalVehiclesEntered,Total Vehicles Entered (Final),199064,199064,1,400,160,5,500,0,40,8,0.3158,2,0
arrivals_gt_departures,throughTurnProb,Through Turn Probability (T),0.3158,0,vehiclesInNetwork,Vehicles In Network (Final),121571,124018,1.0201281555634156,400,160,5,500,0,40,8,0.3158,2,0
arrivals_gt_departures,throughTurnProb,Through Turn Probability (T),0.3158,0,sumQueueSizes,Total Queue Size (Final),117885,120376,1.0211307630317683,400,160,5,500,0,40,8,0.3158,2,0
arrivals_gt_departures,throughTurnProb,Through Turn Probability (T),0.3158,0,sumAvgWaitTimes,Sum of Average Wait Times (Final),5620.670420893321,6414.564784289267,1.1412454927876323,400,160,5,500,0,40,8,0.3158,2,0
arrivals_gt_departures,throughTurnProb,Through Turn Probability (T),0.3158,0,sumTotalWaitTimes,Sum of Total Wait Times (Final),18158111,17369265,0.9565568246608912,400,160,5,500,0,40,8,0.3158,2,0
arrivals_gt_departures,throughTurnProb,Through Turn Probability (T),0.3158,0,sumStdTotalWaitTimes,Sum of Std Total Wait Times (Final),5291169.901577033,4273364.054931166,0.8076406795513199,400,160,5,500,0,40,8,0.3158,2,0
arrivals_gt_departures,throughTurnProb,Through Turn Probability (T),0.3684,0,throughput,Network Throughput (Final),72871,70527,0.9678335689094427,400,160,5,500,0,40,8,0.3684,2,0
arrivals_gt_departures,throughTurnProb,Through Turn Probability (T),0.3684,0,totalVehiclesEntered,Total Vehicles Entered (Final),199064,199064,1,400,160,5,500,0,40,8,0.3684,2,0
arrivals_gt_departures,throughTurnProb,Through Turn Probability (T),0.3684,0,vehiclesInNetwork,Vehicles In Network (Final),126193,128537,1.0185747228451658,400,160,5,500,0,40,8,0.3684,2,0
arrivals_gt_departures,throughTurnProb,Through Turn Probability (T),0.3684,0,sumQueueSizes,Total Queue Size (Final),122942,125098,1.0175367246343805,400,160,5,500,0,40,8,0.3684,2,0
arrivals_gt_departures,throughTurnProb,Through Turn Probability (T),0.3684,0,sumAvgWaitTimes,Sum of Average Wait Times (Final),6060.009311503777,6549.425051470632,1.0807615491675553,400,160,5,500,0,40,8,0.3684,2,0
arrivals_gt_departures,throughTurnProb,Through Turn Probability (T),0.3684,0,sumTotalWaitTimes,Sum of Total Wait Times (Final),19184757,18316928,0.9547646602977562,400,160,5,500,0,40,8,0.3684,2,0
arrivals_gt_departures,throughTurnProb,Through Turn Probability (T),0.3684,0,sumStdTotalWaitTimes,Sum of Std Total Wait Times (Final),5727310.18836627,4568947.181963124,0.7977474646377463,400,160,5,500,0,40,8,0.3684,2,0
arrivals_gt_departures,throughTurnProb,Through Turn Probability (T),0.4211,0,throughput,Network Throughput (Final),66771,66129,0.9903850474008177,400,160,5,500,0,40,8,0.4211,2,0
arrivals_gt_departures,throughTurnProb,Through Turn Probability (T),0.4211,0,totalVehiclesEntered,Total Vehicles Entered (Final),199064,199064,1,400,160,5,500,0,40,8,0.4211,2,0
arrivals_gt_departures,throughTurnProb,Through Turn Probability (T),0.4211,0,vehiclesInNetwork,Vehicles In Network (Final),132293,132935,1.0048528644750667,400,160,5,500,0,40,8,0.4211,2,0
arrivals_gt_departures,throughTurnProb,Through Turn Probability (T),0.4211,0,sumQueueSizes,Total Queue Size (Final),129423,129732,1.0023875199925825,400,160,5,500,0,40,8,0.4211,2,0
arrivals_gt_departures,throughTurnProb,Through Turn Probability (T),0.4211,0,sumAvgWaitTimes,Sum of Average Wait Times (Final),6835.997093200449,6725.394556310445,0.9838205699355816,400,160,5,500,0,40,8,0.4211,2,0
arrivals_gt_departures,throughTurnProb,Through Turn Probability (T),0.4211,0,sumTotalWaitTimes,Sum of Total Wait Times (Final),20458405,19246229,0.9407492421818807,400,160,5,500,0,40,8,0.4211,2,0
arrivals_gt_departures,throughTurnProb,Through Turn Probability (T),0.4211,0,sumStdTotalWaitTimes,Sum of Std Total Wait Times (Final),6216168.68494353,4869642.363366921,0.7833832397698454,400,160,5,500,0,40,8,0.4211,2,0
arrivals_gt_departures,throughTurnProb,Through Turn Probability (T),0.4737,0,throughput,Network Throughput (Final),60915,61866,1.0156119182467374,400,160,5,500,0,40,8,0.4737,2,0
arrivals_gt_departures,throughTurnProb,Through Turn Probability (T),0.4737,0,totalVehiclesEntered,Total Vehicles Entered (Final),199064,199064,1,400,160,5,500,0,40,8,0.4737,2,0
arrivals_gt_departures,throughTurnProb,Through Turn Probability (T),0.4737,0,vehiclesInNetwork,Vehicles In Network (Final),138149,137198,0.9931161282383514,400,160,5,500,0,40,8,0.4737,2,0
arrivals_gt_departures,throughTurnProb,Through Turn Probability (T),0.4737,0,sumQueueSizes,Total Queue Size (Final),135711,134309,0.9896692235706759,400,160,5,500,0,40,8,0.4737,2,0
arrivals_gt_departures,throughTurnProb,Through Turn Probability (T),0.4737,0,sumAvgWaitTimes,Sum of Average Wait Times (Final),7513.795738675135,6830.247750046881,0.9090276057000214,400,160,5,500,0,40,8,0.4737,2,0
arrivals_gt_departures,throughTurnProb,Through Turn Probability (T),0.4737,0,sumTotalWaitTimes,Sum of Total Wait Times (Final),21972341,20152742,0.9171868395816358,400,160,5,500,0,40,8,0.4737,2,0
arrivals_gt_departures,throughTurnProb,Through Turn Probability (T),0.4737,0,sumStdTotalWaitTimes,Sum of Std Total Wait Times (Final),6694949.389629298,5168509.6631341865,0.7720013046163399,400,160,5,500,0,40,8,0.4737,2,0
arrivals_gt_departures,throughTurnProb,Through Turn Probability (T),0.5263,0,throughput,Network Throughput (Final),55445,58229,1.0502119217242312,400,160,5,500,0,40,8,0.5263,2,0
arrivals_gt_departures,throughTurnProb,Through Turn Probability (T),0.5263,0,totalVehiclesEntered,Total Vehicles Entered (Final),199064,199064,1,400,160,5,500,0,40,8,0.5263,2,0
arrivals_gt_departures,throughTurnProb,Through Turn Probability (T),0.5263,0,vehiclesInNetwork,Vehicles In Network (Final),143619,140835,0.9806153781881227,400,160,5,500,0,40,8,0.5263,2,0
arrivals_gt_departures,throughTurnProb,Through Turn Probability (T),0.5263,0,sumQueueSizes,Total Queue Size (Final),141477,138058,0.9758335277112181,400,160,5,500,0,40,8,0.5263,2,0
arrivals_gt_departures,throughTurnProb,Through Turn Probability (T),0.5263,0,sumAvgWaitTimes,Sum of Average Wait Times (Final),8079.762617434436,6947.055465332825,0.8598093526092628,400,160,5,500,0,40,8,0.5263,2,0
arrivals_gt_departures,throughTurnProb,Through Turn Probability (T),0.5263,0,sumTotalWaitTimes,Sum of Total Wait Times (Final),23594509,21010061,0.8904640058413591,400,160,5,500,0,40,8,0.5263,2,0
arrivals_gt_departures,throughTurnProb,Through Turn Probability (T),0.5263,0,sumStdTotalWaitTimes,Sum of Std Total Wait Times (Final),7191771.938792826,5490295.506737667,0.7634134610307513,400,160,5,500,0,40,8,0.5263,2,0
arrivals_gt_departures,throughTurnProb,Through Turn Probability (T),0.5789,0,throughput,Network Throughput (Final),50173,54163,1.079524844039623,400,160,5,500,0,40,8,0.5789,2,0
arrivals_gt_departures,throughTurnProb,Through Turn Probability (T),0.5789,0,totalVehiclesEntered,Total Vehicles Entered (Final),199064,199064,1,400,160,5,500,0,40,8,0.5789,2,0
arrivals_gt_departures,throughTurnProb,Through Turn Probability (T),0.5789,0,vehiclesInNetwork,Vehicles In Network (Final),148891,144901,0.973201872510763,400,160,5,500,0,40,8,0.5789,2,0
arrivals_gt_departures,throughTurnProb,Through Turn Probability (T),0.5789,0,sumQueueSizes,Total Queue Size (Final),147030,142353,0.9681901652723934,400,160,5,500,0,40,8,0.5789,2,0
arrivals_gt_departures,throughTurnProb,Through Turn Probability (T),0.5789,0,sumAvgWaitTimes,Sum of Average Wait Times (Final),8372.18173284905,7124.742939737852,0.8510019451421182,400,160,5,500,0,40,8,0.5789,2,0
arrivals_gt_departures,throughTurnProb,Through Turn Probability (T),0.5789,0,sumTotalWaitTimes,Sum of Total Wait Times (Final),25152753,21834357,0.8680702665032333,400,160,5,500,0,40,8,0.5789,2,0
arrivals_gt_departures,throughTurnProb,Through Turn Probability (T),0.5789,0,sumStdTotalWaitTimes,Sum of Std Total Wait Times (Final),7685099.618662617,5775526.731983711,0.7515226891735184,400,160,5,500,0,40,8,0.5789,2,0
arrivals_gt_departures,throughTurnProb,Through Turn Probability (T),0.6316,0,throughput,Network Throughput (Final),45488,50477,1.1096772775237425,400,160,5,500,0,40,8,0.6316,2,0
arrivals_gt_departures,throughTurnProb,Through Turn Probability (T),0.6316,0,totalVehiclesEntered,Total Vehicles Entered (Final),199064,199064,1,400,160,5,500,0,40,8,0.6316,2,0
arrivals_gt_departures,throughTurnProb,Through Turn Probability (T),0.6316,0,vehiclesInNetwork,Vehicles In Network (Final),153576,148587,0.9675144553836537,400,160,5,500,0,40,8,0.6316,2,0
arrivals_gt_departures,throughTurnProb,Through Turn Probability (T),0.6316,0,sumQueueSizes,Total Queue Size (Final),152057,146152,0.9611658785850044,400,160,5,500,0,40,8,0.6316,2,0
arrivals_gt_departures,throughTurnProb,Through Turn Probability (T),0.6316,0,sumAvgWaitTimes,Sum of Average Wait Times (Final),8394.829013845876,7309.47980904133,0.8707121725749931,400,160,5,500,0,40,8,0.6316,2,0
arrivals_gt_departures,throughTurnProb,Through Turn Probability (T),0.6316,0,sumTotalWaitTimes,Sum of Total Wait Times (Final),26698144,22607935,0.8467980021382759,400,160,5,500,0,40,8,0.6316,2,0
arrivals_gt_departures,throughTurnProb,Through Turn Probability (T),0.6316,0,sumStdTotalWaitTimes,Sum of Std Total Wait Times (Final),8212962.271451802,6085544.838727673,0.7409683178359388,400,160,5,500,0,40,8,0.6316,2,0
arrivals_gt_departures,throughTurnProb,Through Turn Probability (T),0.6842,0,throughput,Network Throughput (Final),40868,46503,1.1378829401977097,400,160,5,500,0,40,8,0.6842,2,0
arrivals_gt_departures,throughTurnProb,Through Turn Probability (T),0.6842,0,totalVehiclesEntered,Total Vehicles Entered (Final),199064,199064,1,400,160,5,500,0,40,8,0.6842,2,0
arrivals_gt_departures,throughTurnProb,Through Turn Probability (T),0.6842,0,vehiclesInNetwork,Vehicles In Network (Final),158196,152561,0.9643796303319933,400,160,5,500,0,40,8,0.6842,2,0
arrivals_gt_departures,throughTurnProb,Through Turn Probability (T),0.6842,0,sumQueueSizes,Total Queue Size (Final),156950,150295,0.9575979611341191,400,160,5,500,0,40,8,0.6842,2,0
arrivals_gt_departures,throughTurnProb,Through Turn Probability (T),0.6842,0,sumAvgWaitTimes,Sum of Average Wait Times (Final),8452.39557834453,7505.509552040851,0.8879742414411306,400,160,5,500,0,40,8,0.6842,2,0
arrivals_gt_departures,throughTurnProb,Through Turn Probability (T),0.6842,0,sumTotalWaitTimes,Sum of Total Wait Times (Final),28375502,23491289,0.8278721905959584,400,160,5,500,0,40,8,0.6842,2,0
arrivals_gt_departures,throughTurnProb,Through Turn Probability (T),0.6842,0,sumStdTotalWaitTimes,Sum of Std Total Wait Times (Final),8831451.120197292,6408054.598213949,0.7255947534555108,400,160,5,500,0,40,8,0.6842,2,0
arrivals_gt_departures,throughTurnProb,Through Turn Probability (T),0.7368,0,throughput,Network Throughput (Final),36997,42907,1.159742681839068,400,160,5,500,0,40,8,0.7368,2,0
arrivals_gt_departures,throughTurnProb,Through Turn Probability (T),0.7368,0,totalVehiclesEntered,Total Vehicles Entered (Final),199064,199064,1,400,160,5,500,0,40,8,0.7368,2,0
arrivals_gt_departures,throughTurnProb,Through Turn Probability (T),0.7368,0,vehiclesInNetwork,Vehicles In Network (Final),162067,156157,0.96353360030111,400,160,5,500,0,40,8,0.7368,2,0
arrivals_gt_departures,throughTurnProb,Through Turn Probability (T),0.7368,0,sumQueueSizes,Total Queue Size (Final),161023,153871,0.9555839848965676,400,160,5,500,0,40,8,0.7368,2,0
arrivals_gt_departures,throughTurnProb,Through Turn Probability (T),0.7368,0,sumAvgWaitTimes,Sum of Average Wait Times (Final),8428.41095950182,7648.311803742358,0.9074441007317029,400,160,5,500,0,40,8,0.7368,2,0
arrivals_gt_departures,throughTurnProb,Through Turn Probability (T),0.7368,0,sumTotalWaitTimes,Sum of Total Wait Times (Final),30124650,24281754,0.8060426926121963,400,160,5,500,0,40,8,0.7368,2,0
arrivals_gt_departures,throughTurnProb,Through Turn Probability (T),0.7368,0,sumStdTotalWaitTimes,Sum of Std Total Wait Times (Final),9501354.562747044,6745264.084242834,0.7099265730688229,400,160,5,500,0,40,8,0.7368,2,0
arrivals_gt_departures,throughTurnProb,Through Turn Probability (T),0.7895,0,throughput,Network Throughput (Final),32927,38923,1.1820997965195736,400,160,5,500,0,40,8,0.7895,2,0
arrivals_gt_departures,throughTurnProb,Through Turn Probability (T),0.7895,0,totalVehiclesEntered,Total Vehicles Entered (Final),199064,199064,1,400,160,5,500,0,40,8,0.7895,2,0
arrivals_gt_departures,throughTurnProb,Through Turn Probability (T),0.7895,0,vehiclesInNetwork,Vehicles In Network (Final),166137,160141,0.9639093037673727,400,160,5,500,0,40,8,0.7895,2,0
arrivals_gt_departures,throughTurnProb,Through Turn Probability (T),0.7895,0,sumQueueSizes,Total Queue Size (Final),165249,158013,0.956211535319427,400,160,5,500,0,40,8,0.7895,2,0
arrivals_gt_departures,throughTurnProb,Through Turn Probability (T),0.7895,0,sumAvgWaitTimes,Sum of Average Wait Times (Final),8399.412043024795,7932.3583110885775,0.9443944731436199,400,160,5,500,0,40,8,0.7895,2,0
arrivals_gt_departures,throughTurnProb,Through Turn Probability (T),0.7895,0,sumTotalWaitTimes,Sum of Total Wait Times (Final),32178091,25124058,0.7807814950862063,400,160,5,500,0,40,8,0.7895,2,0
arrivals_gt_departures,throughTurnProb,Through Turn Probability (T),0.7895,0,sumStdTotalWaitTimes,Sum of Std Total Wait Times (Final),10301186.626326423,7084527.794615631,0.6877390005254271,400,160,5,500,0,40,8,0.7895,2,0
arrivals_gt_departures,throughTurnProb,Through Turn Probability (T),0.8421,0,throughput,Network Throughput (Final),28409,34715,1.221971910310113,400,160,5,500,0,40,8,0.8421,2,0
arrivals_gt_departures,throughTurnProb,Through Turn Probability (T),0.8421,0,totalVehiclesEntered,Total Vehicles Entered (Final),199064,199064,1,400,160,5,500,0,40,8,0.8421,2,0
arrivals_gt_departures,throughTurnProb,Through Turn Probability (T),0.8421,0,vehiclesInNetwork,Vehicles In Network (Final),170655,164349,0.9630482552518238,400,160,5,500,0,40,8,0.8421,2,0
arrivals_gt_departures,throughTurnProb,Through Turn Probability (T),0.8421,0,sumQueueSizes,Total Queue Size (Final),170032,162356,0.9548555566011104,400,160,5,500,0,40,8,0.8421,2,0
arrivals_gt_departures,throughTurnProb,Through Turn Probability (T),0.8421,0,sumAvgWaitTimes,Sum of Average Wait Times (Final),8007.363713382987,8418.993574065691,1.0514064148222382,400,160,5,500,0,40,8,0.8421,2,0
arrivals_gt_departures,throughTurnProb,Through Turn Probability (T),0.8421,0,sumTotalWaitTimes,Sum of Total Wait Times (Final),34069502,26031131,0.7640596272877719,400,160,5,500,0,40,8,0.8421,2,0
arrivals_gt_departures,throughTurnProb,Through Turn Probability (T),0.8421,0,sumStdTotalWaitTimes,Sum of Std Total Wait Times (Final),11310601.167310212,7426403.625884015,0.656587878577819,400,160,5,500,0,40,8,0.8421,2,0
arrivals_gt_departures,throughTurnProb,Through Turn Probability (T),0.8947,0,throughput,Network Throughput (Final),24076,30226,1.2554411031732846,400,160,5,500,0,40,8,0.8947,2,0
arrivals_gt_departures,throughTurnProb,Through Turn Probability (T),0.8947,0,totalVehiclesEntered,Total Vehicles Entered (Final),199064,199064,1,400,160,5,500,0,40,8,0.8947,2,0
arrivals_gt_departures,throughTurnProb,Through Turn Probability (T),0.8947,0,vehiclesInNetwork,Vehicles In Network (Final),174988,168838,0.96485473289597,400,160,5,500,0,40,8,0.8947,2,0
arrivals_gt_departures,throughTurnProb,Through Turn Probability (T),0.8947,0,sumQueueSizes,Total Queue Size (Final),174566,166992,0.9566123987488973,400,160,5,500,0,40,8,0.8947,2,0
arrivals_gt_departures,throughTurnProb,Through Turn Probability (T),0.8947,0,sumAvgWaitTimes,Sum of Average Wait Times (Final),7363.883459428706,9039.10319537583,1.2274913427373941,400,160,5,500,0,40,8,0.8947,2,0
arrivals_gt_departures,throughTurnProb,Through Turn Probability (T),0.8947,0,sumTotalWaitTimes,Sum of Total Wait Times (Final),35877350,26991894,0.7523380071270592,400,160,5,500,0,40,8,0.8947,2,0
arrivals_gt_departures,throughTurnProb,Through Turn Probability (T),0.8947,0,sumStdTotalWaitTimes,Sum of Std Total Wait Times (Final),12334315.504721312,7791513.6504907925,0.6316940447573575,400,160,5,500,0,40,8,0.8947,2,0
arrivals_gt_departures,throughTurnProb,Through Turn Probability (T),0.9474,0,throughput,Network Throughput (Final),20243,25522,1.2607815047176802,400,160,5,500,0,40,8,0.9474,2,0
arrivals_gt_departures,throughTurnProb,Through Turn Probability (T),0.9474,0,totalVehiclesEntered,Total Vehicles Entered (Final),199064,199064,1,400,160,5,500,0,40,8,0.9474,2,0
arrivals_gt_departures,throughTurnProb,Through Turn Probability (T),0.9474,0,vehiclesInNetwork,Vehicles In Network (Final),178821,173542,0.9704788587470151,400,160,5,500,0,40,8,0.9474,2,0
arrivals_gt_departures,throughTurnProb,Through Turn Probability (T),0.9474,0,sumQueueSizes,Total Queue Size (Final),178652,171841,0.9618756017285001,400,160,5,500,0,40,8,0.9474,2,0
arrivals_gt_departures,throughTurnProb,Through Turn Probability (T),0.9474,0,sumAvgWaitTimes,Sum of Average Wait Times (Final),6479.766317906016,9631.061027995502,1.486328450052478,400,160,5,500,0,40,8,0.9474,2,0
arrivals_gt_departures,throughTurnProb,Through Turn Probability (T),0.9474,0,sumTotalWaitTimes,Sum of Total Wait Times (Final),37776554,28102434,0.7439120571982294,400,160,5,500,0,40,8,0.9474,2,0
arrivals_gt_departures,throughTurnProb,Through Turn Probability (T),0.9474,0,sumStdTotalWaitTimes,Sum of Std Total Wait Times (Final),13357579.1987661,8067591.68692745,0.6039710913840354,400,160,5,500,0,40,8,0.9474,2,0
arrivals_gt_departures,throughTurnProb,Through Turn Probability (T),1,0,throughput,Network Throughput (Final),16775,19593,1.1679880774962743,400,160,5,500,0,40,8,1,2,0
arrivals_gt_departures,throughTurnProb,Through Turn Probability (T),1,0,totalVehiclesEntered,Total Vehicles Entered (Final),199064,199064,1,400,160,5,500,0,40,8,1,2,0
arrivals_gt_departures,throughTurnProb,Through Turn Probability (T),1,0,vehiclesInNetwork,Vehicles In Network (Final),182289,179471,0.9845410310002249,400,160,5,500,0,40,8,1,2,0
arrivals_gt_departures,throughTurnProb,Through Turn Probability (T),1,0,sumQueueSizes,Total Queue Size (Final),182289,177895,0.9758954188129838,400,160,5,500,0,40,8,1,2,0
arrivals_gt_departures,throughTurnProb,Through Turn Probability (T),1,0,sumAvgWaitTimes,Sum of Average Wait Times (Final),5142.471966510731,8095.41036372184,1.5742254729712675,400,160,5,500,0,40,8,1,2,0
arrivals_gt_departures,throughTurnProb,Through Turn Probability (T),1,0,sumTotalWaitTimes,Sum of Total Wait Times (Final),39982473,29426950,0.7359962451547206,400,160,5,500,0,40,8,1,2,0
arrivals_gt_departures,throughTurnProb,Through Turn Probability (T),1,0,sumStdTotalWaitTimes,Sum of Std Total Wait Times (Final),14345504.030452743,8427657.283859802,0.587477251825346,400,160,5,500,0,40,8,1,2,0
arrivals_gt_departures,leftTurnProb,Left Turn Probability (L),0,0,throughput,Network Throughput (Final),33360,27902,0.8363908872901679,400,160,5,500,0,40,8,0,2,0
arrivals_gt_departures,leftTurnProb,Left Turn Probability (L),0,0,totalVehiclesEntered,Total Vehicles Entered (Final),199064,199064,1,400,160,5,500,0,40,8,0,2,0
arrivals_gt_departures,leftTurnProb,Left Turn Probability (L),0,0,vehiclesInNetwork,Vehicles In Network (Final),165704,171162,1.0329382513397383,400,160,5,500,0,40,8,0,2,0
arrivals_gt_departures,leftTurnProb,Left Turn Probability (L),0,0,sumQueueSizes,Total Queue Size (Final),163933,169362,1.0331171881195367,400,160,5,500,0,40,8,0,2,0
arrivals_gt_departures,leftTurnProb,Left Turn Probability (L),0,0,sumAvgWaitTimes,Sum of Average Wait Times (Final),4780.638419706803,7119.460095141956,1.489227895963442,400,160,5,500,0,40,8,0,2,0
arrivals_gt_departures,leftTurnProb,Left Turn Probability (L),0,0,sumTotalWaitTimes,Sum of Total Wait Times (Final),31569858,29187410,0.9245340919810282,400,160,5,500,0,40,8,0,2,0
arrivals_gt_departures,leftTurnProb,Left Turn Probability (L),0,0,sumStdTotalWaitTimes,Sum of Std Total Wait Times (Final),11310235.440707797,8468394.853857482,0.7487372741488685,400,160,5,500,0,40,8,0,2,0
arrivals_gt_departures,leftTurnProb,Left Turn Probability (L),0.0526,0,throughput,Network Throughput (Final),39766,34129,0.8582457375647539,400,160,5,500,0,40,8,0.0526,2,0
arrivals_gt_departures,leftTurnProb,Left Turn Probability (L),0.0526,0,totalVehiclesEntered,Total Vehicles Entered (Final),199064,199064,1,400,160,5,500,0,40,8,0.0526,2,0
arrivals_gt_departures,leftTurnProb,Left Turn Probability (L),0.0526,0,vehiclesInNetwork,Vehicles In Network (Final),159298,164935,1.035386508305189,400,160,5,500,0,40,8,0.0526,2,0
arrivals_gt_departures,leftTurnProb,Left Turn Probability (L),0.0526,0,sumQueueSizes,Total Queue Size (Final),157308,162931,1.0357451623566507,400,160,5,500,0,40,8,0.0526,2,0
arrivals_gt_departures,leftTurnProb,Left Turn Probability (L),0.0526,0,sumAvgWaitTimes,Sum of Average Wait Times (Final),5086.695692913438,7080.562064993329,1.3919767354783301,400,160,5,500,0,40,8,0.0526,2,0
arrivals_gt_departures,leftTurnProb,Left Turn Probability (L),0.0526,0,sumTotalWaitTimes,Sum of Total Wait Times (Final),29246677,27514602,0.940777032549715,400,160,5,500,0,40,8,0.0526,2,0
arrivals_gt_departures,leftTurnProb,Left Turn Probability (L),0.0526,0,sumStdTotalWaitTimes,Sum of Std Total Wait Times (Final),10379847.632922318,7800502.188352844,0.7515044983523239,400,160,5,500,0,40,8,0.0526,2,0
arrivals_gt_departures,leftTurnProb,Left Turn Probability (L),0.1053,0,throughput,Network Throughput (Final),45057,39976,0.8872317286992032,400,160,5,500,0,40,8,0.1053,2,0
arrivals_gt_departures,leftTurnProb,Left Turn Probability (L),0.1053,0,totalVehiclesEntered,Total Vehicles Entered (Final),199064,199064,1,400,160,5,500,0,40,8,0.1053,2,0
arrivals_gt_departures,leftTurnProb,Left Turn Probability (L),0.1053,0,vehiclesInNetwork,Vehicles In Network (Final),154007,159088,1.0329920068568312,400,160,5,500,0,40,8,0.1053,2,0
arrivals_gt_departures,leftTurnProb,Left Turn Probability (L),0.1053,0,sumQueueSizes,Total Queue Size (Final),151812,156963,1.0339301241008616,400,160,5,500,0,40,8,0.1053,2,0
arrivals_gt_departures,leftTurnProb,Left Turn Probability (L),0.1053,0,sumAvgWaitTimes,Sum of Average Wait Times (Final),5347.382452406885,7059.886234711659,1.320250851242923,400,160,5,500,0,40,8,0.1053,2,0
arrivals_gt_departures,leftTurnProb,Left Turn Probability (L),0.1053,0,sumTotalWaitTimes,Sum of Total Wait Times (Final),27227987,25878282,0.9504294974138191,400,160,5,500,0,40,8,0.1053,2,0
arrivals_gt_departures,leftTurnProb,Left Turn Probability (L),0.1053,0,sumStdTotalWaitTimes,Sum of Std Total Wait Times (Final),9433781.117542686,7148878.592043174,0.7577956816010287,400,160,5,500,0,40,8,0.1053,2,0
arrivals_gt_departures,leftTurnProb,Left Turn Probability (L),0.1579,0,throughput,Network Throughput (Final),50949,46282,0.9083985946731045,400,160,5,500,0,40,8,0.1579,2,0
arrivals_gt_departures,leftTurnProb,Left Turn Probability (L),0.1579,0,totalVehiclesEntered,Total Vehicles Entered (Final),199064,199064,1,400,160,5,500,0,40,8,0.1579,2,0
arrivals_gt_departures,leftTurnProb,Left Turn Probability (L),0.1579,0,vehiclesInNetwork,Vehicles In Network (Final),148115,152782,1.031509300205921,400,160,5,500,0,40,8,0.1579,2,0
arrivals_gt_departures,leftTurnProb,Left Turn Probability (L),0.1579,0,sumQueueSizes,Total Queue Size (Final),145685,150245,1.031300408415417,400,160,5,500,0,40,8,0.1579,2,0
arrivals_gt_departures,leftTurnProb,Left Turn Probability (L),0.1579,0,sumAvgWaitTimes,Sum of Average Wait Times (Final),5557.672061151029,7003.805085738867,1.2602048139357713,400,160,5,500,0,40,8,0.1579,2,0
arrivals_gt_departures,leftTurnProb,Left Turn Probability (L),0.1579,0,sumTotalWaitTimes,Sum of Total Wait Times (Final),25272699,24118134,0.9543157222740634,400,160,5,500,0,40,8,0.1579,2,0
arrivals_gt_departures,leftTurnProb,Left Turn Probability (L),0.1579,0,sumStdTotalWaitTimes,Sum of Std Total Wait Times (Final),8474477.197785426,6486432.584332641,0.7654079930768701,400,160,5,500,0,40,8,0.1579,2,0
arrivals_gt_departures,leftTurnProb,Left Turn Probability (L),0.2105,0,throughput,Network Throughput (Final),57393,53317,0.9289808861707873,400,160,5,500,0,40,8,0.2105,2,0
arrivals_gt_departures,leftTurnProb,Left Turn Probability (L),0.2105,0,totalVehiclesEntered,Total Vehicles Entered (Final),199064,199064,1,400,160,5,500,0,40,8,0.2105,2,0
arrivals_gt_departures,leftTurnProb,Left Turn Probability (L),0.2105,0,vehiclesInNetwork,Vehicles In Network (Final),141671,145747,1.028770884655293,400,160,5,500,0,40,8,0.2105,2,0
arrivals_gt_departures,leftTurnProb,Left Turn Probability (L),0.2105,0,sumQueueSizes,Total Queue Size (Final),138954,143131,1.0300603077277373,400,160,5,500,0,40,8,0.2105,2,0
arrivals_gt_departures,leftTurnProb,Left Turn Probability (L),0.2105,0,sumAvgWaitTimes,Sum of Average Wait Times (Final),5700.4855139780075,6901.763677829572,1.210732605302819,400,160,5,500,0,40,8,0.2105,2,0
arrivals_gt_departures,leftTurnProb,Left Turn Probability (L),0.2105,0,sumTotalWaitTimes,Sum of Total Wait Times (Final),23344302,22314116,0.9558699163504653,400,160,5,500,0,40,8,0.2105,2,0
arrivals_gt_departures,leftTurnProb,Left Turn Probability (L),0.2105,0,sumStdTotalWaitTimes,Sum of Std Total Wait Times (Final),7539552.086291269,5824440.875248754,0.7725181560638061,400,160,5,500,0,40,8,0.2105,2,0
arrivals_gt_departures,leftTurnProb,Left Turn Probability (L),0.2632,0,throughput,Network Throughput (Final),64999,61277,0.9427375805781627,400,160,5,500,0,40,8,0.2632,2,0
arrivals_gt_departures,leftTurnProb,Left Turn Probability (L),0.2632,0,totalVehiclesEntered,Total Vehicles Entered (Final),199064,199064,1,400,160,5,500,0,40,8,0.2632,2,0
arrivals_gt_departures,leftTurnProb,Left Turn Probability (L),0.2632,0,vehiclesInNetwork,Vehicles In Network (Final),134065,137787,1.0277626524447097,400,160,5,500,0,40,8,0.2632,2,0
arrivals_gt_departures,leftTurnProb,Left Turn Probability (L),0.2632,0,sumQueueSizes,Total Queue Size (Final),131074,134704,1.0276942795672674,400,160,5,500,0,40,8,0.2632,2,0
arrivals_gt_departures,leftTurnProb,Left Turn Probability (L),0.2632,0,sumAvgWaitTimes,Sum of Average Wait Times (Final),5712.192941419189,6792.96459111606,1.1892043319930916,400,160,5,500,0,40,8,0.2632,2,0
arrivals_gt_departures,leftTurnProb,Left Turn Probability (L),0.2632,0,sumTotalWaitTimes,Sum of Total Wait Times (Final),21298571,20408987,0.9582326908223091,400,160,5,500,0,40,8,0.2632,2,0
arrivals_gt_departures,leftTurnProb,Left Turn Probability (L),0.2632,0,sumStdTotalWaitTimes,Sum of Std Total Wait Times (Final),6610836.558425634,5196624.641878398,0.7860767084394491,400,160,5,500,0,40,8,0.2632,2,0
arrivals_gt_departures,leftTurnProb,Left Turn Probability (L),0.3158,0,throughput,Network Throughput (Final),73535,70365,0.956891276263004,400,160,5,500,0,40,8,0.3158,2,0
arrivals_gt_departures,leftTurnProb,Left Turn Probability (L),0.3158,0,totalVehiclesEntered,Total Vehicles Entered (Final),199064,199064,1,400,160,5,500,0,40,8,0.3158,2,0
arrivals_gt_departures,leftTurnProb,Left Turn Probability (L),0.3158,0,vehiclesInNetwork,Vehicles In Network (Final),125529,128699,1.0252531287590916,400,160,5,500,0,40,8,0.3158,2,0
arrivals_gt_departures,leftTurnProb,Left Turn Probability (L),0.3158,0,sumQueueSizes,Total Queue Size (Final),122116,125261,1.025754200923712,400,160,5,500,0,40,8,0.3158,2,0
arrivals_gt_departures,leftTurnProb,Left Turn Probability (L),0.3158,0,sumAvgWaitTimes,Sum of Average Wait Times (Final),5661.500276756284,6540.157594806395,1.1551986708642414,400,160,5,500,0,40,8,0.3158,2,0
arrivals_gt_departures,leftTurnProb,Left Turn Probability (L),0.3158,0,sumTotalWaitTimes,Sum of Total Wait Times (Final),19181319,18364172,0.9573988107908533,400,160,5,500,0,40,8,0.3158,2,0
arrivals_gt_departures,leftTurnProb,Left Turn Probability (L),0.3158,0,sumStdTotalWaitTimes,Sum of Std Total Wait Times (Final),5722491.325717365,4561074.633544406,0.7970435207208697,400,160,5,500,0,40,8,0.3158,2,0
arrivals_gt_departures,leftTurnProb,Left Turn Probability (L),0.3684,0,throughput,Network Throughput (Final),82425,79841,0.968650288140734,400,160,5,500,0,40,8,0.3684,2,0
arrivals_gt_departures,leftTurnProb,Left Turn Probability (L),0.3684,0,totalVehiclesEntered,Total Vehicles Entered (Final),199064,199064,1,400,160,5,500,0,40,8,0.3684,2,0
arrivals_gt_departures,leftTurnProb,Left Turn Probability (L),0.3684,0,vehiclesInNetwork,Vehicles In Network (Final),116639,119223,1.0221538250499405,400,160,5,500,0,40,8,0.3684,2,0
arrivals_gt_departures,leftTurnProb,Left Turn Probability (L),0.3684,0,sumQueueSizes,Total Queue Size (Final),112789,115153,1.020959490730479,400,160,5,500,0,40,8,0.3684,2,0
arrivals_gt_departures,leftTurnProb,Left Turn Probability (L),0.3684,0,sumAvgWaitTimes,Sum of Average Wait Times (Final),5596.788521378847,6286.179859118376,1.1231762349258263,400,160,5,500,0,40,8,0.3684,2,0
arrivals_gt_departures,leftTurnProb,Left Turn Probability (L),0.3684,0,sumTotalWaitTimes,Sum of Total Wait Times (Final),16971780,16241385,0.956964148722173,400,160,5,500,0,40,8,0.3684,2,0
arrivals_gt_departures,leftTurnProb,Left Turn Probability (L),0.3684,0,sumStdTotalWaitTimes,Sum of Std Total Wait Times (Final),4871702.506226091,3954643.208182796,0.811757943579009,400,160,5,500,0,40,8,0.3684,2,0
arrivals_gt_departures,leftTurnProb,Left Turn Probability (L),0.4211,0,throughput,Network Throughput (Final),92327,90377,0.9788794177217932,400,160,5,500,0,40,8,0.4211,2,0
arrivals_gt_departures,leftTurnProb,Left Turn Probability (L),0.4211,0,totalVehiclesEntered,Total Vehicles Entered (Final),199064,199064,1,400,160,5,500,0,40,8,0.4211,2,0
arrivals_gt_departures,leftTurnProb,Left Turn Probability (L),0.4211,0,vehiclesInNetwork,Vehicles In Network (Final),106737,108687,1.0182692037437815,400,160,5,500,0,40,8,0.4211,2,0
arrivals_gt_departures,leftTurnProb,Left Turn Probability (L),0.4211,0,sumQueueSizes,Total Queue Size (Final),102183,103858,1.0163921591654188,400,160,5,500,0,40,8,0.4211,2,0
arrivals_gt_departures,leftTurnProb,Left Turn Probability (L),0.4211,0,sumAvgWaitTimes,Sum of Average Wait Times (Final),5434.251160277506,5958.749544532625,1.0965171407771912,400,160,5,500,0,40,8,0.4211,2,0
arrivals_gt_departures,leftTurnProb,Left Turn Probability (L),0.4211,0,sumTotalWaitTimes,Sum of Total Wait Times (Final),14678210,13997199,0.9536039476203161,400,160,5,500,0,40,8,0.4211,2,0
arrivals_gt_departures,leftTurnProb,Left Turn Probability (L),0.4211,0,sumStdTotalWaitTimes,Sum of Std Total Wait Times (Final),4081148.8784175105,3388901.382698606,0.8303792592865841,400,160,5,500,0,40,8,0.4211,2,0
arrivals_gt_departures,leftTurnProb,Left Turn Probability (L),0.4737,0,throughput,Network Throughput (Final),102404,101246,0.9886918479746885,400,160,5,500,0,40,8,0.4737,2,0
arrivals_gt_departures,leftTurnProb,Left Turn Probability (L),0.4737,0,totalVehiclesEntered,Total Vehicles Entered (Final),199064,199064,1,400,160,5,500,0,40,8,0.4737,2,0
arrivals_gt_departures,leftTurnProb,Left Turn Probability (L),0.4737,0,vehiclesInNetwork,Vehicles In Network (Final),96660,97818,1.011980136561142,400,160,5,500,0,40,8,0.4737,2,0
arrivals_gt_departures,leftTurnProb,Left Turn Probability (L),0.4737,0,sumQueueSizes,Total Queue Size (Final),91313,92084,1.008443485593508,400,160,5,500,0,40,8,0.4737,2,0
arrivals_gt_departures,leftTurnProb,Left Turn Probability (L),0.4737,0,sumAvgWaitTimes,Sum of Average Wait Times (Final),5244.974027149408,5627.996757924342,1.0730266210647192,400,160,5,500,0,40,8,0.4737,2,0
arrivals_gt_departures,leftTurnProb,Left Turn Probability (L),0.4737,0,sumTotalWaitTimes,Sum of Total Wait Times (Final),12306160,11705243,0.9511694143420856,400,160,5,500,0,40,8,0.4737,2,0
arrivals_gt_departures,leftTurnProb,Left Turn Probability (L),0.4737,0,sumStdTotalWaitTimes,Sum of Std Total Wait Times (Final),3317442.514285547,2800252.5476045567,0.8440997954135239,400,160,5,500,0,40,8,0.4737,2,0
arrivals_gt_departures,leftTurnProb,Left Turn Probability (L),0.5263,0,throughput,Network Throughput (Final),113329,112622,0.9937615261760009,400,160,5,500,0,40,8,0.5263,2,0
arrivals_gt_departures,leftTurnProb,Left Turn Probability (L),0.5263,0,totalVehiclesEntered,Total Vehicles Entered (Final),199064,199064,1,400,160,5,500,0,40,8,0.5263,2,0
arrivals_gt_departures,leftTurnProb,Left Turn Probability (L),0.5263,0,vehiclesInNetwork,Vehicles In Network (Final),85735,86442,1.0082463404677202,400,160,5,500,0,40,8,0.5263,2,0
arrivals_gt_departures,leftTurnProb,Left Turn Probability (L),0.5263,0,sumQueueSizes,Total Queue Size (Final),79297,79435,1.0017402928231838,400,160,5,500,0,40,8,0.5263,2,0
arrivals_gt_departures,leftTurnProb,Left Turn Probability (L),0.5263,0,sumAvgWaitTimes,Sum of Average Wait Times (Final),4979.798887983777,5230.515251039672,1.0503466844134755,400,160,5,500,0,40,8,0.5263,2,0
arrivals_gt_departures,leftTurnProb,Left Turn Probability (L),0.5263,0,sumTotalWaitTimes,Sum of Total Wait Times (Final),9903431,9370865,0.946224091428516,400,160,5,500,0,40,8,0.5263,2,0
arrivals_gt_departures,leftTurnProb,Left Turn Probability (L),0.5263,0,sumStdTotalWaitTimes,Sum of Std Total Wait Times (Final),2582949.56074865,2223842.698951524,0.86097023834525,400,160,5,500,0,40,8,0.5263,2,0
arrivals_gt_departures,leftTurnProb,Left Turn Probability (L),0.5789,0,throughput,Network Throughput (Final),124896,124876,0.9998398667691519,400,160,5,500,0,40,8,0.5789,2,0
arrivals_gt_departures,leftTurnProb,Left Turn Probability (L),0.5789,0,totalVehiclesEntered,Total Vehicles Entered (Final),199064,199064,1,400,160,5,500,0,40,8,0.5789,2,0
arrivals_gt_departures,leftTurnProb,Left Turn Probability (L),0.5789,0,vehiclesInNetwork,Vehicles In Network (Final),74168,74188,1.0002696580735628,400,160,5,500,0,40,8,0.5789,2,0
arrivals_gt_departures,leftTurnProb,Left Turn Probability (L),0.5789,0,sumQueueSizes,Total Queue Size (Final),66341,65907,0.9934580425377971,400,160,5,500,0,40,8,0.5789,2,0
arrivals_gt_departures,leftTurnProb,Left Turn Probability (L),0.5789,0,sumAvgWaitTimes,Sum of Average Wait Times (Final),4575.62268484246,4700.734968599188,1.0273432256927966,400,160,5,500,0,40,8,0.5789,2,0
arrivals_gt_departures,leftTurnProb,Left Turn Probability (L),0.5789,0,sumTotalWaitTimes,Sum of Total Wait Times (Final),7451724,7008859,0.9405687864982654,400,160,5,500,0,40,8,0.5789,2,0
arrivals_gt_departures,leftTurnProb,Left Turn Probability (L),0.5789,0,sumStdTotalWaitTimes,Sum of Std Total Wait Times (Final),1903398.7986799835,1661023.1069629244,0.8726616346058703,400,160,5,500,0,40,8,0.5789,2,0
arrivals_gt_departures,leftTurnProb,Left Turn Probability (L),0.6316,0,throughput,Network Throughput (Final),137156,137202,1.0003353845256495,400,160,5,500,0,40,8,0.6316,2,0
arrivals_gt_departures,leftTurnProb,Left Turn Probability (L),0.6316,0,totalVehiclesEntered,Total Vehicles Entered (Final),199064,199064,1,400,160,5,500,0,40,8,0.6316,2,0
arrivals_gt_departures,leftTurnProb,Left Turn Probability (L),0.6316,0,vehiclesInNetwork,Vehicles In Network (Final),61908,61862,0.9992569619435291,400,160,5,500,0,40,8,0.6316,2,0
arrivals_gt_departures,leftTurnProb,Left Turn Probability (L),0.6316,0,sumQueueSizes,Total Queue Size (Final),52297,51701,0.9886035527850546,400,160,5,500,0,40,8,0.6316,2,0
arrivals_gt_departures,leftTurnProb,Left Turn Probability (L),0.6316,0,sumAvgWaitTimes,Sum of Average Wait Times (Final),4073.628417237938,4100.200563814706,1.0065229676973788,400,160,5,500,0,40,8,0.6316,2,0
arrivals_gt_departures,leftTurnProb,Left Turn Probability (L),0.6316,0,sumTotalWaitTimes,Sum of Total Wait Times (Final),5052463,4745413,0.9392276598561929,400,160,5,500,0,40,8,0.6316,2,0
arrivals_gt_departures,leftTurnProb,Left Turn Probability (L),0.6316,0,sumStdTotalWaitTimes,Sum of Std Total Wait Times (Final),1263501.746834958,1114993.7172151997,0.8824631386606568,400,160,5,500,0,40,8,0.6316,2,0
arrivals_gt_departures,leftTurnProb,Left Turn Probability (L),0.6842,0,throughput,Network Throughput (Final),149608,149345,0.9982420726164376,400,160,5,500,0,40,8,0.6842,2,0
arrivals_gt_departures,leftTurnProb,Left Turn Probability (L),0.6842,0,totalVehiclesEntered,Total Vehicles Entered (Final),199064,199064,1,400,160,5,500,0,40,8,0.6842,2,0
arrivals_gt_departures,leftTurnProb,Left Turn Probability (L),0.6842,0,vehiclesInNetwork,Vehicles In Network (Final),49456,49719,1.0053178582982853,400,160,5,500,0,40,8,0.6842,2,0
arrivals_gt_departures,leftTurnProb,Left Turn Probability (L),0.6842,0,sumQueueSizes,Total Queue Size (Final),37890,37518,0.9901821060965954,400,160,5,500,0,40,8,0.6842,2,0
arrivals_gt_departures,leftTurnProb,Left Turn Probability (L),0.6842,0,sumAvgWaitTimes,Sum of Average Wait Times (Final),3370.2398767769055,3373.2487083190617,1.0008927648037427,400,160,5,500,0,40,8,0.6842,2,0
arrivals_gt_departures,leftTurnProb,Left Turn Probability (L),0.6842,0,sumTotalWaitTimes,Sum of Total Wait Times (Final),2881934,2697561,0.9360245585082795,400,160,5,500,0,40,8,0.6842,2,0
arrivals_gt_departures,leftTurnProb,Left Turn Probability (L),0.6842,0,sumStdTotalWaitTimes,Sum of Std Total Wait Times (Final),711043.0290333267,623121.0123902855,0.8763478255843778,400,160,5,500,0,40,8,0.6842,2,0
arrivals_gt_departures,leftTurnProb,Left Turn Probability (L),0.7368,0,throughput,Network Throughput (Final),162377,162180,0.998786773988927,400,160,5,500,0,40,8,0.7368,2,0
arrivals_gt_departures,leftTurnProb,Left Turn Probability (L),0.7368,0,totalVehiclesEntered,Total Vehicles Entered (Final),199064,199064,1,400,160,5,500,0,40,8,0.7368,2,0
arrivals_gt_departures,leftTurnProb,Left Turn Probability (L),0.7368,0,vehiclesInNetwork,Vehicles In Network (Final),36687,36884,1.0053697495025486,400,160,5,500,0,40,8,0.7368,2,0
arrivals_gt_departures,leftTurnProb,Left Turn Probability (L),0.7368,0,sumQueueSizes,Total Queue Size (Final),22480,22294,0.9917259786476869,400,160,5,500,0,40,8,0.7368,2,0
arrivals_gt_departures,leftTurnProb,Left Turn Probability (L),0.7368,0,sumAvgWaitTimes,Sum of Average Wait Times (Final),2369.8007657058006,2338.385915351458,0.986743674485654,400,160,5,500,0,40,8,0.7368,2,0
arrivals_gt_departures,leftTurnProb,Left Turn Probability (L),0.7368,0,sumTotalWaitTimes,Sum of Total Wait Times (Final),1093175,1023377,0.9361511194456514,400,160,5,500,0,40,8,0.7368,2,0
arrivals_gt_departures,leftTurnProb,Left Turn Probability (L),0.7368,0,sumStdTotalWaitTimes,Sum of Std Total Wait Times (Final),275880.1367744131,238486.16252094108,0.8644557209131405,400,160,5,500,0,40,8,0.7368,2,0
arrivals_gt_departures,leftTurnProb,Left Turn Probability (L),0.7895,0,throughput,Network Throughput (Final),174363,174170,0.9988931137913434,400,160,5,500,0,40,8,0.7895,2,0
arrivals_gt_departures,leftTurnProb,Left Turn Probability (L),0.7895,0,totalVehiclesEntered,Total Vehicles Entered (Final),199064,199064,1,400,160,5,500,0,40,8,0.7895,2,0
arrivals_gt_departures,leftTurnProb,Left Turn Probability (L),0.7895,0,vehiclesInNetwork,Vehicles In Network (Final),24701,24894,1.0078134488482247,400,160,5,500,0,40,8,0.7895,2,0
arrivals_gt_departures,leftTurnProb,Left Turn Probability (L),0.7895,0,sumQueueSizes,Total Queue Size (Final),7522,7623,1.0134272799787292,400,160,5,500,0,40,8,0.7895,2,0
arrivals_gt_departures,leftTurnProb,Left Turn Probability (L),0.7895,0,sumAvgWaitTimes,Sum of Average Wait Times (Final),1058.1180590983959,1028.645329605291,0.9721460859308855,400,160,5,500,0,40,8,0.7895,2,0
arrivals_gt_departures,leftTurnProb,Left Turn Probability (L),0.7895,0,sumTotalWaitTimes,Sum of Total Wait Times (Final),120794,107887,0.8931486663244863,400,160,5,500,0,40,8,0.7895,2,0
arrivals_gt_departures,leftTurnProb,Left Turn Probability (L),0.7895,0,sumStdTotalWaitTimes,Sum of Std Total Wait Times (Final),29685.548918889806,20832.595124238305,0.7017756411093985,400,160,5,500,0,40,8,0.7895,2,0
arrivals_gt_departures,leftTurnProb,Left Turn Probability (L),0.8421,0,throughput,Network Throughput (Final),179768,179637,0.999271282986961,400,160,5,500,0,40,8,0.8421,2,0
arrivals_gt_departures,leftTurnProb,Left Turn Probability (L),0.8421,0,totalVehiclesEntered,Total Vehicles Entered (Final),199064,199064,1,400,160,5,500,0,40,8,0.8421,2,0
arrivals_gt_departures,leftTurnProb,Left Turn Probability (L),0.8421,0,vehiclesInNetwork,Vehicles In Network (Final),19296,19427,1.0067889718076286,400,160,5,500,0,40,8,0.8421,2,0
arrivals_gt_departures,leftTurnProb,Left Turn Probability (L),0.8421,0,sumQueueSizes,Total Queue Size (Final),2249,2416,1.0742552245442418,400,160,5,500,0,40,8,0.8421,2,0
arrivals_gt_departures,leftTurnProb,Left Turn Probability (L),0.8421,0,sumAvgWaitTimes,Sum of Average Wait Times (Final),558.8765631421817,494.16330975396096,0.8842083249575143,400,160,5,500,0,40,8,0.8421,2,0
arrivals_gt_departures,leftTurnProb,Left Turn Probability (L),0.8421,0,sumTotalWaitTimes,Sum of Total Wait Times (Final),14112,13373,0.9476332199546486,400,160,5,500,0,40,8,0.8421,2,0
arrivals_gt_departures,leftTurnProb,Left Turn Probability (L),0.8421,0,sumStdTotalWaitTimes,Sum of Std Total Wait Times (Final),2367.566149841842,2002.6930851315115,0.8458868552691949,400,160,5,500,0,40,8,0.8421,2,0
arrivals_gt_departures,leftTurnProb,Left Turn Probability (L),0.8947,0,throughput,Network Throughput (Final),183900,183832,0.9996302338227298,400,160,5,500,0,40,8,0.8947,2,0
arrivals_gt_departures,leftTurnProb,Left Turn Probability (L),0.8947,0,totalVehiclesEntered,Total Vehicles Entered (Final),199064,199064,1,400,160,5,500,0,40,8,0.8947,2,0
arrivals_gt_departures,leftTurnProb,Left Turn Probability (L),0.8947,0,vehiclesInNetwork,Vehicles In Network (Final),15164,15232,1.0044843049327354,400,160,5,500,0,40,8,0.8947,2,0
arrivals_gt_departures,leftTurnProb,Left Turn Probability (L),0.8947,0,sumQueueSizes,Total Queue Size (Final),1177,1063,0.903143585386576,400,160,5,500,0,40,8,0.8947,2,0
arrivals_gt_departures,leftTurnProb,Left Turn Probability (L),0.8947,0,sumAvgWaitTimes,Sum of Average Wait Times (Final),543.2798704037501,409.45732265604994,0.7536765946283872,400,160,5,500,0,40,8,0.8947,2,0
arrivals_gt_departures,leftTurnProb,Left Turn Probability (L),0.8947,0,sumTotalWaitTimes,Sum of Total Wait Times (Final),7132,4850,0.6800336511497476,400,160,5,500,0,40,8,0.8947,2,0
arrivals_gt_departures,leftTurnProb,Left Turn Probability (L),0.8947,0,sumStdTotalWaitTimes,Sum of Std Total Wait Times (Final),1394.9170600146824,907.1640866025947,0.6503355020928959,400,160,5,500,0,40,8,0.8947,2,0
arrivals_gt_departures,leftTurnProb,Left Turn Probability (L),0.9474,0,throughput,Network Throughput (Final),189704,189694,0.9999472862986547,400,160,5,500,0,40,8,0.9474,2,0
arrivals_gt_departures,leftTurnProb,Left Turn Probability (L),0.9474,0,totalVehiclesEntered,Total Vehicles Entered (Final),199064,199064,1,400,160,5,500,0,40,8,0.9474,2,0
arrivals_gt_departures,leftTurnProb,Left Turn Probability (L),0.9474,0,vehiclesInNetwork,Vehicles In Network (Final),9360,9370,1.001068376068376,400,160,5,500,0,40,8,0.9474,2,0
arrivals_gt_departures,leftTurnProb,Left Turn Probability (L),0.9474,0,sumQueueSizes,Total Queue Size (Final),446,346,0.7757847533632287,400,160,5,500,0,40,8,0.9474,2,0
arrivals_gt_departures,leftTurnProb,Left Turn Probability (L),0.9474,0,sumAvgWaitTimes,Sum of Average Wait Times (Final),478.0650002775002,370.19556277056284,0.774362403764503,400,160,5,500,0,40,8,0.9474,2,0
arrivals_gt_departures,leftTurnProb,Left Turn Probability (L),0.9474,0,sumTotalWaitTimes,Sum of Total Wait Times (Final),2723,1337,0.4910025706940874,400,160,5,500,0,40,8,0.9474,2,0
arrivals_gt_departures,leftTurnProb,Left Turn Probability (L),0.9474,0,sumStdTotalWaitTimes,Sum of Std Total Wait Times (Final),617.4262410228614,305.8072397218804,0.49529355800502384,400,160,5,500,0,40,8,0.9474,2,0
arrivals_gt_departures,leftTurnProb,Left Turn Probability (L),1,0,throughput,Network Throughput (Final),197271,197271,1,400,160,5,500,0,40,8,1,2,0
arrivals_gt_departures,leftTurnProb,Left Turn Probability (L),1,0,totalVehiclesEntered,Total Vehicles Entered (Final),199064,199064,1,400,160,5,500,0,40,8,1,2,0
arrivals_gt_departures,leftTurnProb,Left Turn Probability (L),1,0,vehiclesInNetwork,Vehicles In Network (Final),1793,1793,1,400,160,5,500,0,40,8,1,2,0
arrivals_gt_departures,leftTurnProb,Left Turn Probability (L),1,0,sumQueueSizes,Total Queue Size (Final),0,0,,400,160,5,500,0,40,8,1,2,0
arrivals_gt_departures,leftTurnProb,Left Turn Probability (L),1,0,sumAvgWaitTimes,Sum of Average Wait Times (Final),0,0,,400,160,5,500,0,40,8,1,2,0
arrivals_gt_departures,leftTurnProb,Left Turn Probability (L),1,0,sumTotalWaitTimes,Sum of Total Wait Times (Final),0,0,,400,160,5,500,0,40,8,1,2,0
arrivals_gt_departures,leftTurnProb,Left Turn Probability (L),1,0,sumStdTotalWaitTimes,Sum of Std Total Wait Times (Final),0,0,,400,160,5,500,0,40,8,1,2,0
arrivals_gt_departures,rightTurnProb,Right Turn Probability (R),0,0,throughput,Network Throughput (Final),82242,107409,1.3060115269570292,400,160,5,500,0,40,8,0,2,0
arrivals_gt_departures,rightTurnProb,Right Turn Probability (R),0,0,totalVehiclesEntered,Total Vehicles Entered (Final),199064,199064,1,400,160,5,500,0,40,8,0,2,0
arrivals_gt_departures,rightTurnProb,Right Turn Probability (R),0,0,vehiclesInNetwork,Vehicles In Network (Final),116822,91655,0.7845696872164489,400,160,5,500,0,40,8,0,2,0
arrivals_gt_departures,rightTurnProb,Right Turn Probability (R),0,0,sumQueueSizes,Total Queue Size (Final),114278,85221,0.745734087050876,400,160,5,500,0,40,8,0,2,0
arrivals_gt_departures,rightTurnProb,Right Turn Probability (R),0,0,sumAvgWaitTimes,Sum of Average Wait Times (Final),7238.4215813422215,5276.516448521124,0.7289595375491654,400,160,5,500,0,40,8,0,2,0
arrivals_gt_departures,rightTurnProb,Right Turn Probability (R),0,0,sumTotalWaitTimes,Sum of Total Wait Times (Final),21031750,10501048,0.49929501824622297,400,160,5,500,0,40,8,0,2,0
arrivals_gt_departures,rightTurnProb,Right Turn Probability (R),0,0,sumStdTotalWaitTimes,Sum of Std Total Wait Times (Final),5207359.835027289,2524855.2662273496,0.48486283764066374,400,160,5,500,0,40,8,0,2,0
arrivals_gt_departures,rightTurnProb,Right Turn Probability (R),0.0526,0,throughput,Network Throughput (Final),85222,100849,1.1833681443758655,400,160,5,500,0,40,8,0.0526,2,0
arrivals_gt_departures,rightTurnProb,Right Turn Probability (R),0.0526,0,totalVehiclesEntered,Total Vehicles Entered (Final),199064,199064,1,400,160,5,500,0,40,8,0.0526,2,0
arrivals_gt_departures,rightTurnProb,Right Turn Probability (R),0.0526,0,vehiclesInNetwork,Vehicles In Network (Final),113842,98215,0.8627308023400854,400,160,5,500,0,40,8,0.0526,2,0
arrivals_gt_departures,rightTurnProb,Right Turn Probability (R),0.0526,0,sumQueueSizes,Total Queue Size (Final),110615,92584,0.8369931745242508,400,160,5,500,0,40,8,0.0526,2,0
arrivals_gt_departures,rightTurnProb,Right Turn Probability (R),0.0526,0,sumAvgWaitTimes,Sum of Average Wait Times (Final),8075.109188724895,6000.964227575184,0.7431434160610737,400,160,5,500,0,40,8,0.0526,2,0
arrivals_gt_departures,rightTurnProb,Right Turn Probability (R),0.0526,0,sumTotalWaitTimes,Sum of Total Wait Times (Final),19230602,11620079,0.6042493625524568,400,160,5,500,0,40,8,0.0526,2,0
arrivals_gt_departures,rightTurnProb,Right Turn Probability (R),0.0526,0,sumStdTotalWaitTimes,Sum of Std Total Wait Times (Final),4795852.928929074,2788313.210531996,0.5814009002887904,400,160,5,500,0,40,8,0.0526,2,0
arrivals_gt_departures,rightTurnProb,Right Turn Probability (R),0.1053,0,throughput,Network Throughput (Final),86175,95198,1.1047055410501885,400,160,5,500,0,40,8,0.1053,2,0
arrivals_gt_departures,rightTurnProb,Right Turn Probability (R),0.1053,0,totalVehiclesEntered,Total Vehicles Entered (Final),199064,199064,1,400,160,5,500,0,40,8,0.1053,2,0
arrivals_gt_departures,rightTurnProb,Right Turn Probability (R),0.1053,0,vehiclesInNetwork,Vehicles In Network (Final),112889,103866,0.9200719290630619,400,160,5,500,0,40,8,0.1053,2,0
arrivals_gt_departures,rightTurnProb,Right Turn Probability (R),0.1053,0,sumQueueSizes,Total Queue Size (Final),109167,98621,0.9033957148222448,400,160,5,500,0,40,8,0.1053,2,0
arrivals_gt_departures,rightTurnProb,Right Turn Probability (R),0.1053,0,sumAvgWaitTimes,Sum of Average Wait Times (Final),8715.907167933537,6025.796977373017,0.6913562594542502,400,160,5,500,0,40,8,0.1053,2,0
arrivals_gt_departures,rightTurnProb,Right Turn Probability (R),0.1053,0,sumTotalWaitTimes,Sum of Total Wait Times (Final),17808768,12745326,0.7156770193199216,400,160,5,500,0,40,8,0.1053,2,0
arrivals_gt_departures,rightTurnProb,Right Turn Probability (R),0.1053,0,sumStdTotalWaitTimes,Sum of Std Total Wait Times (Final),4396866.92787387,3064559.986095963,0.6969872039265578,400,160,5,500,0,40,8,0.1053,2,0
arrivals_gt_departures,rightTurnProb,Right Turn Probability (R),0.1579,0,throughput,Network Throughput (Final),84807,90020,1.061468982513236,400,160,5,500,0,40,8,0.1579,2,0
arrivals_gt_departures,rightTurnProb,Right Turn Probability (R),0.1579,0,totalVehiclesEntered,Total Vehicles Entered (Final),199064,199064,1,400,160,5,500,0,40,8,0.1579,2,0
arrivals_gt_departures,rightTurnProb,Right Turn Probability (R),0.1579,0,vehiclesInNetwork,Vehicles In Network (Final),114257,109044,0.9543747866651496,400,160,5,500,0,40,8,0.1579,2,0
arrivals_gt_departures,rightTurnProb,Right Turn Probability (R),0.1579,0,sumQueueSizes,Total Queue Size (Final),110450,104326,0.9445540968764147,400,160,5,500,0,40,8,0.1579,2,0
arrivals_gt_departures,rightTurnProb,Right Turn Probability (R),0.1579,0,sumAvgWaitTimes,Sum of Average Wait Times (Final),8224.815071911145,6097.302293093457,0.7413300165150908,400,160,5,500,0,40,8,0.1579,2,0
arrivals_gt_departures,rightTurnProb,Right Turn Probability (R),0.1579,0,sumTotalWaitTimes,Sum of Total Wait Times (Final),16869587,13902839,0.8241362992466857,400,160,5,500,0,40,8,0.1579,2,0
arrivals_gt_departures,rightTurnProb,Right Turn Probability (R),0.1579,0,sumStdTotalWaitTimes,Sum of Std Total Wait Times (Final),4350330.197041677,3363437.0742121255,0.7731452376877825,400,160,5,500,0,40,8,0.1579,2,0
arrivals_gt_departures,rightTurnProb,Right Turn Probability (R),0.2105,0,throughput,Network Throughput (Final),83045,85407,1.0284424107411645,400,160,5,500,0,40,8,0.2105,2,0
arrivals_gt_departures,rightTurnProb,Right Turn Probability (R),0.2105,0,totalVehiclesEntered,Total Vehicles Entered (Final),199064,199064,1,400,160,5,500,0,40,8,0.2105,2,0
arrivals_gt_departures,rightTurnProb,Right Turn Probability (R),0.2105,0,vehiclesInNetwork,Vehicles In Network (Final),116019,113657,0.9796412656547634,400,160,5,500,0,40,8,0.2105,2,0
arrivals_gt_departures,rightTurnProb,Right Turn Probability (R),0.2105,0,sumQueueSizes,Total Queue Size (Final),112372,109259,0.9722973694514648,400,160,5,500,0,40,8,0.2105,2,0
arrivals_gt_departures,rightTurnProb,Right Turn Probability (R),0.2105,0,sumAvgWaitTimes,Sum of Average Wait Times (Final),7395.4059040555485,6177.298852808531,0.8352886823184346,400,160,5,500,0,40,8,0.2105,2,0
arrivals_gt_departures,rightTurnProb,Right Turn Probability (R),0.2105,0,sumTotalWaitTimes,Sum of Total Wait Times (Final),16673544,14968414,0.8977343988776472,400,160,5,500,0,40,8,0.2105,2,0
arrivals_gt_departures,rightTurnProb,Right Turn Probability (R),0.2105,0,sumStdTotalWaitTimes,Sum of Std Total Wait Times (Final),4603757.911855854,3667540.897314294,0.7966406938708567,400,160,5,500,0,40,8,0.2105,2,0
arrivals_gt_departures,rightTurnProb,Right Turn Probability (R),0.2632,0,throughput,Network Throughput (Final),80703,80198,0.9937424878876869,400,160,5,500,0,40,8,0.2632,2,0
arrivals_gt_departures,rightTurnProb,Right Turn Probability (R),0.2632,0,totalVehiclesEntered,Total Vehicles Entered (Final),199064,199064,1,400,160,5,500,0,40,8,0.2632,2,0
arrivals_gt_departures,rightTurnProb,Right Turn Probability (R),0.2632,0,vehiclesInNetwork,Vehicles In Network (Final),118361,118866,1.004266608088813,400,160,5,500,0,40,8,0.2632,2,0
arrivals_gt_departures,rightTurnProb,Right Turn Probability (R),0.2632,0,sumQueueSizes,Total Queue Size (Final),114738,114769,1.0002701807596437,400,160,5,500,0,40,8,0.2632,2,0
arrivals_gt_departures,rightTurnProb,Right Turn Probability (R),0.2632,0,sumAvgWaitTimes,Sum of Average Wait Times (Final),6516.460023208855,6284.262570057315,0.9643675473609059,400,160,5,500,0,40,8,0.2632,2,0
arrivals_gt_departures,rightTurnProb,Right Turn Probability (R),0.2632,0,sumTotalWaitTimes,Sum of Total Wait Times (Final),17128277,16140499,0.9423305683344565,400,160,5,500,0,40,8,0.2632,2,0
arrivals_gt_departures,rightTurnProb,Right Turn Probability (R),0.2632,0,sumStdTotalWaitTimes,Sum of Std Total Wait Times (Final),4920423.849815726,3967384.7625301694,0.8063095545475724,400,160,5,500,0,40,8,0.2632,2,0
arrivals_gt_departures,rightTurnProb,Right Turn Probability (R),0.3158,0,throughput,Network Throughput (Final),77830,75293,0.967403314917127,400,160,5,500,0,40,8,0.3158,2,0
arrivals_gt_departures,rightTurnProb,Right Turn Probability (R),0.3158,0,totalVehiclesEntered,Total Vehicles Entered (Final),199064,199064,1,400,160,5,500,0,40,8,0.3158,2,0
arrivals_gt_departures,rightTurnProb,Right Turn Probability (R),0.3158,0,vehiclesInNetwork,Vehicles In Network (Final),121234,123771,1.0209264727716647,400,160,5,500,0,40,8,0.3158,2,0
arrivals_gt_departures,rightTurnProb,Right Turn Probability (R),0.3158,0,sumQueueSizes,Total Queue Size (Final),117695,120137,1.0207485449679257,400,160,5,500,0,40,8,0.3158,2,0
arrivals_gt_departures,rightTurnProb,Right Turn Probability (R),0.3158,0,sumAvgWaitTimes,Sum of Average Wait Times (Final),5791.670009414095,6371.850846719476,1.1001750507819548,400,160,5,500,0,40,8,0.3158,2,0
arrivals_gt_departures,rightTurnProb,Right Turn Probability (R),0.3158,0,sumTotalWaitTimes,Sum of Total Wait Times (Final),18074584,17288692,0.956519497212218,400,160,5,500,0,40,8,0.3158,2,0
arrivals_gt_departures,rightTurnProb,Right Turn Probability (R),0.3158,0,sumStdTotalWaitTimes,Sum of Std Total Wait Times (Final),5298832.762427092,4254429.60266695,0.8028993918876276,400,160,5,500,0,40,8,0.3158,2,0
arrivals_gt_departures,rightTurnProb,Right Turn Probability (R),0.3684,0,throughput,Network Throughput (Final),72836,70521,0.9682162666813114,400,160,5,500,0,40,8,0.3684,2,0
arrivals_gt_departures,rightTurnProb,Right Turn Probability (R),0.3684,0,totalVehiclesEntered,Total Vehicles Entered (Final),199064,199064,1,400,160,5,500,0,40,8,0.3684,2,0
arrivals_gt_departures,rightTurnProb,Right Turn Probability (R),0.3684,0,vehiclesInNetwork,Vehicles In Network (Final),126228,128543,1.0183398295148463,400,160,5,500,0,40,8,0.3684,2,0
arrivals_gt_departures,rightTurnProb,Right Turn Probability (R),0.3684,0,sumQueueSizes,Total Queue Size (Final),122804,125182,1.019364190091528,400,160,5,500,0,40,8,0.3684,2,0
arrivals_gt_departures,rightTurnProb,Right Turn Probability (R),0.3684,0,sumAvgWaitTimes,Sum of Average Wait Times (Final),5700.293372085786,6530.098673156212,1.1455723849467054,400,160,5,500,0,40,8,0.3684,2,0
arrivals_gt_departures,rightTurnProb,Right Turn Probability (R),0.3684,0,sumTotalWaitTimes,Sum of Total Wait Times (Final),19280349,18410979,0.9549090112424832,400,160,5,500,0,40,8,0.3684,2,0
arrivals_gt_departures,rightTurnProb,Right Turn Probability (R),0.3684,0,sumStdTotalWaitTimes,Sum of Std Total Wait Times (Final),5735225.977390512,4588482.449978449,0.8000525991595151,400,160,5,500,0,40,8,0.3684,2,0
arrivals_gt_departures,rightTurnProb,Right Turn Probability (R),0.4211,0,throughput,Network Throughput (Final),66669,65251,0.9787307444239451,400,160,5,500,0,40,8,0.4211,2,0
arrivals_gt_departures,rightTurnProb,Right Turn Probability (R),0.4211,0,totalVehiclesEntered,Total Vehicles Entered (Final),199064,199064,1,400,160,5,500,0,40,8,0.4211,2,0
arrivals_gt_departures,rightTurnProb,Right Turn Probability (R),0.4211,0,vehiclesInNetwork,Vehicles In Network (Final),132395,133813,1.0107103742588466,400,160,5,500,0,40,8,0.4211,2,0
arrivals_gt_departures,rightTurnProb,Right Turn Probability (R),0.4211,0,sumQueueSizes,Total Queue Size (Final),129223,130645,1.0110042329925788,400,160,5,500,0,40,8,0.4211,2,0
arrivals_gt_departures,rightTurnProb,Right Turn Probability (R),0.4211,0,sumAvgWaitTimes,Sum of Average Wait Times (Final),6132.43557034388,6673.41450994917,1.0882160005433135,400,160,5,500,0,40,8,0.4211,2,0
arrivals_gt_departures,rightTurnProb,Right Turn Probability (R),0.4211,0,sumTotalWaitTimes,Sum of Total Wait Times (Final),20647784,19526570,0.9456980952532242,400,160,5,500,0,40,8,0.4211,2,0
arrivals_gt_departures,rightTurnProb,Right Turn Probability (R),0.4211,0,sumStdTotalWaitTimes,Sum of Std Total Wait Times (Final),6206844.593642525,4876872.922334907,0.7857249925880427,400,160,5,500,0,40,8,0.4211,2,0
arrivals_gt_departures,rightTurnProb,Right Turn Probability (R),0.4737,0,throughput,Network Throughput (Final),61075,60929,0.9976094965206713,400,160,5,500,0,40,8,0.4737,2,0
arrivals_gt_departures,rightTurnProb,Right Turn Probability (R),0.4737,0,totalVehiclesEntered,Total Vehicles Entered (Final),199064,199064,1,400,160,5,500,0,40,8,0.4737,2,0
arrivals_gt_departures,rightTurnProb,Right Turn Probability (R),0.4737,0,vehiclesInNetwork,Vehicles In Network (Final),137989,138135,1.0010580553522381,400,160,5,500,0,40,8,0.4737,2,0
arrivals_gt_departures,rightTurnProb,Right Turn Probability (R),0.4737,0,sumQueueSizes,Total Queue Size (Final),135045,135213,1.001244029767855,400,160,5,500,0,40,8,0.4737,2,0
arrivals_gt_departures,rightTurnProb,Right Turn Probability (R),0.4737,0,sumAvgWaitTimes,Sum of Average Wait Times (Final),6675.089301860826,6784.966973098821,1.0164608541203133,400,160,5,500,0,40,8,0.4737,2,0
arrivals_gt_departures,rightTurnProb,Right Turn Probability (R),0.4737,0,sumTotalWaitTimes,Sum of Total Wait Times (Final),22158946,20571182,0.9283465919362771,400,160,5,500,0,40,8,0.4737,2,0
arrivals_gt_departures,rightTurnProb,Right Turn Probability (R),0.4737,0,sumStdTotalWaitTimes,Sum of Std Total Wait Times (Final),6688684.950392232,5195837.750945295,0.7768100589998046,400,160,5,500,0,40,8,0.4737,2,0
arrivals_gt_departures,rightTurnProb,Right Turn Probability (R),0.5263,0,throughput,Network Throughput (Final),55399,56176,1.0140255239264246,400,160,5,500,0,40,8,0.5263,2,0
arrivals_gt_departures,rightTurnProb,Right Turn Probability (R),0.5263,0,totalVehiclesEntered,Total Vehicles Entered (Final),199064,199064,1,400,160,5,500,0,40,8,0.5263,2,0
arrivals_gt_departures,rightTurnProb,Right Turn Probability (R),0.5263,0,vehiclesInNetwork,Vehicles In Network (Final),143665,142888,0.9945915845891483,400,160,5,500,0,40,8,0.5263,2,0
arrivals_gt_departures,rightTurnProb,Right Turn Probability (R),0.5263,0,sumQueueSizes,Total Queue Size (Final),140859,140156,0.9950091935907539,400,160,5,500,0,40,8,0.5263,2,0
arrivals_gt_departures,rightTurnProb,Right Turn Probability (R),0.5263,0,sumAvgWaitTimes,Sum of Average Wait Times (Final),7202.29725485025,6913.091640466317,0.9598453654229318,400,160,5,500,0,40,8,0.5263,2,0
arrivals_gt_departures,rightTurnProb,Right Turn Probability (R),0.5263,0,sumTotalWaitTimes,Sum of Total Wait Times (Final),23841568,21603873,0.9061431278345451,400,160,5,500,0,40,8,0.5263,2,0
arrivals_gt_departures,rightTurnProb,Right Turn Probability (R),0.5263,0,sumStdTotalWaitTimes,Sum of Std Total Wait Times (Final),7194361.97049892,5495445.080320316,0.7638544047206474,400,160,5,500,0,40,8,0.5263,2,0
arrivals_gt_departures,rightTurnProb,Right Turn Probability (R),0.5789,0,throughput,Network Throughput (Final),49590,51826,1.0450897358338376,400,160,5,500,0,40,8,0.5789,2,0
arrivals_gt_departures,rightTurnProb,Right Turn Probability (R),0.5789,0,totalVehiclesEntered,Total Vehicles Entered (Final),199064,199064,1,400,160,5,500,0,40,8,0.5789,2,0
arrivals_gt_departures,rightTurnProb,Right Turn Probability (R),0.5789,0,vehiclesInNetwork,Vehicles In Network (Final),149474,147238,0.9850408766742043,400,160,5,500,0,40,8,0.5789,2,0
arrivals_gt_departures,rightTurnProb,Right Turn Probability (R),0.5789,0,sumQueueSizes,Total Queue Size (Final),146814,144736,0.9858460364815345,400,160,5,500,0,40,8,0.5789,2,0
arrivals_gt_departures,rightTurnProb,Right Turn Probability (R),0.5789,0,sumAvgWaitTimes,Sum of Average Wait Times (Final),7519.684504522337,7028.822372734941,0.9347230417057801,400,160,5,500,0,40,8,0.5789,2,0
arrivals_gt_departures,rightTurnProb,Right Turn Probability (R),0.5789,0,sumTotalWaitTimes,Sum of Total Wait Times (Final),25474762,22622654,0.8880418195859887,400,160,5,500,0,40,8,0.5789,2,0
arrivals_gt_departures,rightTurnProb,Right Turn Probability (R),0.5789,0,sumStdTotalWaitTimes,Sum of Std Total Wait Times (Final),7758404.328790932,5830934.347477586,0.751563607717552,400,160,5,500,0,40,8,0.5789,2,0
arrivals_gt_departures,rightTurnProb,Right Turn Probability (R),0.6316,0,throughput,Network Throughput (Final),43991,47606,1.0821758996158306,400,160,5,500,0,40,8,0.6316,2,0
arrivals_gt_departures,rightTurnProb,Right Turn Probability (R),0.6316,0,totalVehiclesEntered,Total Vehicles Entered (Final),199064,199064,1,400,160,5,500,0,40,8,0.6316,2,0
arrivals_gt_departures,rightTurnProb,Right Turn Probability (R),0.6316,0,vehiclesInNetwork,Vehicles In Network (Final),155073,151458,0.9766883983672205,400,160,5,500,0,40,8,0.6316,2,0
arrivals_gt_departures,rightTurnProb,Right Turn Probability (R),0.6316,0,sumQueueSizes,Total Queue Size (Final),152563,149113,0.9773863911957683,400,160,5,500,0,40,8,0.6316,2,0
arrivals_gt_departures,rightTurnProb,Right Turn Probability (R),0.6316,0,sumAvgWaitTimes,Sum of Average Wait Times (Final),7759.688137046745,7146.7889637189555,0.9210149734753319,400,160,5,500,0,40,8,0.6316,2,0
arrivals_gt_departures,rightTurnProb,Right Turn Probability (R),0.6316,0,sumTotalWaitTimes,Sum of Total Wait Times (Final),27098519,23667048,0.8733705336442925,400,160,5,500,0,40,8,0.6316,2,0
arrivals_gt_departures,rightTurnProb,Right Turn Probability (R),0.6316,0,sumStdTotalWaitTimes,Sum of Std Total Wait Times (Final),8373375.625028093,6156199.221115985,0.7352111617583537,400,160,5,500,0,40,8,0.6316,2,0
arrivals_gt_departures,rightTurnProb,Right Turn Probability (R),0.6842,0,throughput,Network Throughput (Final),39010,43842,1.1238656754678287,400,160,5,500,0,40,8,0.6842,2,0
arrivals_gt_departures,rightTurnProb,Right Turn Probability (R),0.6842,0,totalVehiclesEntered,Total Vehicles Entered (Final),199064,199064,1,400,160,5,500,0,40,8,0.6842,2,0
arrivals_gt_departures,rightTurnProb,Right Turn Probability (R),0.6842,0,vehiclesInNetwork,Vehicles In Network (Final),160054,155222,0.9698101890611919,400,160,5,500,0,40,8,0.6842,2,0
arrivals_gt_departures,rightTurnProb,Right Turn Probability (R),0.6842,0,sumQueueSizes,Total Queue Size (Final),157643,153184,0.9717145702631896,400,160,5,500,0,40,8,0.6842,2,0
arrivals_gt_departures,rightTurnProb,Right Turn Probability (R),0.6842,0,sumAvgWaitTimes,Sum of Average Wait Times (Final),7958.291164113811,7242.459684838428,0.9100521123801967,400,160,5,500,0,40,8,0.6842,2,0
arrivals_gt_departures,rightTurnProb,Right Turn Probability (R),0.6842,0,sumTotalWaitTimes,Sum of Total Wait Times (Final),28753434,24594455,0.8553571375161659,400,160,5,500,0,40,8,0.6842,2,0
arrivals_gt_departures,rightTurnProb,Right Turn Probability (R),0.6842,0,sumStdTotalWaitTimes,Sum of Std Total Wait Times (Final),9037382.287811121,6514850.613153257,0.7208780602254652,400,160,5,500,0,40,8,0.6842,2,0
arrivals_gt_departures,rightTurnProb,Right Turn Probability (R),0.7368,0,throughput,Network Throughput (Final),34667,40449,1.1667868578186749,400,160,5,500,0,40,8,0.7368,2,0
arrivals_gt_departures,rightTurnProb,Right Turn Probability (R),0.7368,0,totalVehiclesEntered,Total Vehicles Entered (Final),199064,199064,1,400,160,5,500,0,40,8,0.7368,2,0
arrivals_gt_departures,rightTurnProb,Right Turn Probability (R),0.7368,0,vehiclesInNetwork,Vehicles In Network (Final),164397,158615,0.964829041892492,400,160,5,500,0,40,8,0.7368,2,0
arrivals_gt_departures,rightTurnProb,Right Turn Probability (R),0.7368,0,sumQueueSizes,Total Queue Size (Final),162123,156701,0.966556256669319,400,160,5,500,0,40,8,0.7368,2,0
arrivals_gt_departures,rightTurnProb,Right Turn Probability (R),0.7368,0,sumAvgWaitTimes,Sum of Average Wait Times (Final),8076.86734052805,7325.904681350576,0.9070230291626434,400,160,5,500,0,40,8,0.7368,2,0
arrivals_gt_departures,rightTurnProb,Right Turn Probability (R),0.7368,0,sumTotalWaitTimes,Sum of Total Wait Times (Final),30479039,25559435,0.8385905802345015,400,160,5,500,0,40,8,0.7368,2,0
arrivals_gt_departures,rightTurnProb,Right Turn Probability (R),0.7368,0,sumStdTotalWaitTimes,Sum of Std Total Wait Times (Final),9758883.674160935,6860881.156212466,0.7030395468672662,400,160,5,500,0,40,8,0.7368,2,0
arrivals_gt_departures,rightTurnProb,Right Turn Probability (R),0.7895,0,throughput,Network Throughput (Final),30764,37022,1.203419581328826,400,160,5,500,0,40,8,0.7895,2,0
arrivals_gt_departures,rightTurnProb,Right Turn Probability (R),0.7895,0,totalVehiclesEntered,Total Vehicles Entered (Final),199064,199064,1,400,160,5,500,0,40,8,0.7895,2,0
arrivals_gt_departures,rightTurnProb,Right Turn Probability (R),0.7895,0,vehiclesInNetwork,Vehicles In Network (Final),168300,162042,0.9628163992869875,400,160,5,500,0,40,8,0.7895,2,0
arrivals_gt_departures,rightTurnProb,Right Turn Probability (R),0.7895,0,sumQueueSizes,Total Queue Size (Final),166139,160306,0.9648908444134129,400,160,5,500,0,40,8,0.7895,2,0
arrivals_gt_departures,rightTurnProb,Right Turn Probability (R),0.7895,0,sumAvgWaitTimes,Sum of Average Wait Times (Final),8103.01732511806,7318.8859045490635,0.9032296996159301,400,160,5,500,0,40,8,0.7895,2,0
arrivals_gt_departures,rightTurnProb,Right Turn Probability (R),0.7895,0,sumTotalWaitTimes,Sum of Total Wait Times (Final),32438548,26544646,0.8183056158987141,400,160,5,500,0,40,8,0.7895,2,0
arrivals_gt_departures,rightTurnProb,Right Turn Probability (R),0.7895,0,sumStdTotalWaitTimes,Sum of Std Total Wait Times (Final),10623358.016596813,7223723.21446307,0.6799849165562798,400,160,5,500,0,40,8,0.7895,2,0
arrivals_gt_departures,rightTurnProb,Right Turn Probability (R),0.8421,0,throughput,Network Throughput (Final),27295,33879,1.241216339989009,400,160,5,500,0,40,8,0.8421,2,0
arrivals_gt_departures,rightTurnProb,Right Turn Probability (R),0.8421,0,totalVehiclesEntered,Total Vehicles Entered (Final),199064,199064,1,400,160,5,500,0,40,8,0.8421,2,0
arrivals_gt_departures,rightTurnProb,Right Turn Probability (R),0.8421,0,vehiclesInNetwork,Vehicles In Network (Final),171769,165185,0.9616694514143995,400,160,5,500,0,40,8,0.8421,2,0
arrivals_gt_departures,rightTurnProb,Right Turn Probability (R),0.8421,0,sumQueueSizes,Total Queue Size (Final),169794,163596,0.9634969433548889,400,160,5,500,0,40,8,0.8421,2,0
arrivals_gt_departures,rightTurnProb,Right Turn Probability (R),0.8421,0,sumAvgWaitTimes,Sum of Average Wait Times (Final),7698.905975554326,7431.759557790474,0.9653007299203161,400,160,5,500,0,40,8,0.8421,2,0
arrivals_gt_departures,rightTurnProb,Right Turn Probability (R),0.8421,0,sumTotalWaitTimes,Sum of Total Wait Times (Final),34179577,27514675,0.8050033796497833,400,160,5,500,0,40,8,0.8421,2,0
arrivals_gt_departures,rightTurnProb,Right Turn Probability (R),0.8421,0,sumStdTotalWaitTimes,Sum of Std Total Wait Times (Final),11542936.153854396,7568651.982662706,0.6556955597588916,400,160,5,500,0,40,8,0.8421,2,0
arrivals_gt_departures,rightTurnProb,Right Turn Probability (R),0.8947,0,throughput,Network Throughput (Final),24137,30852,1.2782035878526743,400,160,5,500,0,40,8,0.8947,2,0
arrivals_gt_departures,rightTurnProb,Right Turn Probability (R),0.8947,0,totalVehiclesEntered,Total Vehicles Entered (Final),199064,199064,1,400,160,5,500,0,40,8,0.8947,2,0
arrivals_gt_departures,rightTurnProb,Right Turn Probability (R),0.8947,0,vehiclesInNetwork,Vehicles In Network (Final),174927,168212,0.9616125583814963,400,160,5,500,0,40,8,0.8947,2,0
arrivals_gt_departures,rightTurnProb,Right Turn Probability (R),0.8947,0,sumQueueSizes,Total Queue Size (Final),173125,166892,0.9639971119133574,400,160,5,500,0,40,8,0.8947,2,0
arrivals_gt_departures,rightTurnProb,Right Turn Probability (R),0.8947,0,sumAvgWaitTimes,Sum of Average Wait Times (Final),7015.6206356429575,7422.540046076485,1.0580019119571784,400,160,5,500,0,40,8,0.8947,2,0
arrivals_gt_departures,rightTurnProb,Right Turn Probability (R),0.8947,0,sumTotalWaitTimes,Sum of Total Wait Times (Final),35855627,28592781,0.7974419468386371,400,160,5,500,0,40,8,0.8947,2,0
arrivals_gt_departures,rightTurnProb,Right Turn Probability (R),0.8947,0,sumStdTotalWaitTimes,Sum of Std Total Wait Times (Final),12465422.252477594,7940108.943412084,0.6369707164820614,400,160,5,500,0,40,8,0.8947,2,0
arrivals_gt_departures,rightTurnProb,Right Turn Probability (R),0.9474,0,throughput,Network Throughput (Final),21451,26920,1.254953149037341,400,160,5,500,0,40,8,0.9474,2,0
arrivals_gt_departures,rightTurnProb,Right Turn Probability (R),0.9474,0,totalVehiclesEntered,Total Vehicles Entered (Final),199064,199064,1,400,160,5,500,0,40,8,0.9474,2,0
arrivals_gt_departures,rightTurnProb,Right Turn Probability (R),0.9474,0,vehiclesInNetwork,Vehicles In Network (Final),177613,172144,0.9692083349754804,400,160,5,500,0,40,8,0.9474,2,0
arrivals_gt_departures,rightTurnProb,Right Turn Probability (R),0.9474,0,sumQueueSizes,Total Queue Size (Final),175962,170971,0.9716359213921187,400,160,5,500,0,40,8,0.9474,2,0
arrivals_gt_departures,rightTurnProb,Right Turn Probability (R),0.9474,0,sumAvgWaitTimes,Sum of Average Wait Times (Final),6031.01442877818,8321.392622100397,1.3797666578931105,400,160,5,500,0,40,8,0.9474,2,0
arrivals_gt_departures,rightTurnProb,Right Turn Probability (R),0.9474,0,sumTotalWaitTimes,Sum of Total Wait Times (Final),37695520,29929821,0.79398880821912,400,160,5,500,0,40,8,0.9474,2,0
arrivals_gt_departures,rightTurnProb,Right Turn Probability (R),0.9474,0,sumStdTotalWaitTimes,Sum of Std Total Wait Times (Final),13406775.67853099,8202010.711821711,0.6117810059995293,400,160,5,500,0,40,8,0.9474,2,0
arrivals_gt_departures,rightTurnProb,Right Turn Probability (R),1,0,throughput,Network Throughput (Final),19616,22216,1.1325448613376836,400,160,5,500,0,40,8,1,2,0
arrivals_gt_departures,rightTurnProb,Right Turn Probability (R),1,0,totalVehiclesEntered,Total Vehicles Entered (Final),199064,199064,1,400,160,5,500,0,40,8,1,2,0
arrivals_gt_departures,rightTurnProb,Right Turn Probability (R),1,0,vehiclesInNetwork,Vehicles In Network (Final),179448,176848,0.9855111229994205,400,160,5,500,0,40,8,1,2,0
arrivals_gt_departures,rightTurnProb,Right Turn Probability (R),1,0,sumQueueSizes,Total Queue Size (Final),179064,176208,0.984050395389358,400,160,5,500,0,40,8,1,2,0
arrivals_gt_departures,rightTurnProb,Right Turn Probability (R),1,0,sumAvgWaitTimes,Sum of Average Wait Times (Final),4461.834787690878,6249.40745304588,1.4006362293571428,400,160,5,500,0,40,8,1,2,0
arrivals_gt_departures,rightTurnProb,Right Turn Probability (R),1,0,sumTotalWaitTimes,Sum of Total Wait Times (Final),39944082,31833433,0.7969499211422608,400,160,5,500,0,40,8,1,2,0
arrivals_gt_departures,rightTurnProb,Right Turn Probability (R),1,0,sumStdTotalWaitTimes,Sum of Std Total Wait Times (Final),14342204.227135263,8362099.368133358,0.5830414374041875,400,160,5,500,0,40,8,1,2,0
arrivals_gt_departures,defaultRoadSpeed,Default Road Speed (cells/step),1,0,throughput,Network Throughput (Final),38957,44060,1.1309905793567268,400,160,5,500,0,40,8,1,2,0
arrivals_gt_departures,defaultRoadSpeed,Default Road Speed (cells/step),1,0,totalVehiclesEntered,Total Vehicles Entered (Final),199064,199064,1,400,160,5,500,0,40,8,1,2,0
arrivals_gt_departures,defaultRoadSpeed,Default Road Speed (cells/step),1,0,vehiclesInNetwork,Vehicles In Network (Final),160107,155004,0.9681275646911128,400,160,5,500,0,40,8,1,2,0
arrivals_gt_departures,defaultRoadSpeed,Default Road Speed (cells/step),1,0,sumQueueSizes,Total Queue Size (Final),157121,150479,0.9577268474615106,400,160,5,500,0,40,8,1,2,0
arrivals_gt_departures,defaultRoadSpeed,Default Road Speed (cells/step),1,0,sumAvgWaitTimes,Sum of Average Wait Times (Final),8185.585996274401,7546.730376455505,0.9219535876711008,400,160,5,500,0,40,8,1,2,0
arrivals_gt_departures,defaultRoadSpeed,Default Road Speed (cells/step),1,0,sumTotalWaitTimes,Sum of Total Wait Times (Final),28689424,23482631,0.8185117623832392,400,160,5,500,0,40,8,1,2,0
arrivals_gt_departures,defaultRoadSpeed,Default Road Speed (cells/step),1,0,sumStdTotalWaitTimes,Sum of Std Total Wait Times (Final),9044110.78765703,6444438.577283736,0.7125563506009677,400,160,5,500,0,40,8,1,2,0
arrivals_gt_departures,defaultRoadSpeed,Default Road Speed (cells/step),2,0,throughput,Network Throughput (Final),39653,45186,1.13953547020402,400,160,5,500,0,40,8,2,2,0
arrivals_gt_departures,defaultRoadSpeed,Default Road Speed (cells/step),2,0,totalVehiclesEntered,Total Vehicles Entered (Final),199064,199064,1,400,160,5,500,0,40,8,2,2,0
arrivals_gt_departures,defaultRoadSpeed,Default Road Speed (cells/step),2,0,vehiclesInNetwork,Vehicles In Network (Final),159411,153878,0.9652909774105928,400,160,5,500,0,40,8,2,2,0
arrivals_gt_departures,defaultRoadSpeed,Default Road Speed (cells/step),2,0,sumQueueSizes,Total Queue Size (Final),158196,151631,0.9585008470504943,400,160,5,500,0,40,8,2,2,0
arrivals_gt_departures,defaultRoadSpeed,Default Road Speed (cells/step),2,0,sumAvgWaitTimes,Sum of Average Wait Times (Final),8482.29991760881,7585.735724005259,0.8943017575053752,400,160,5,500,0,40,8,2,2,0
arrivals_gt_departures,defaultRoadSpeed,Default Road Speed (cells/step),2,0,sumTotalWaitTimes,Sum of Total Wait Times (Final),28859351,23738339,0.8225527663459931,400,160,5,500,0,40,8,2,2,0
arrivals_gt_departures,defaultRoadSpeed,Default Road Speed (cells/step),2,0,sumStdTotalWaitTimes,Sum of Std Total Wait Times (Final),9029465.74203942,6497789.696250929,0.7196206156471135,400,160,5,500,0,40,8,2,2,0
arrivals_gt_departures,defaultRoadSpeed,Default Road Speed (cells/step),3,0,throughput,Network Throughput (Final),39964,45620,1.1415273746371735,400,160,5,500,0,40,8,3,2,0
arrivals_gt_departures,defaultRoadSpeed,Default Road Speed (cells/step),3,0,totalVehiclesEntered,Total Vehicles Entered (Final),199064,199064,1,400,160,5,500,0,40,8,3,2,0
arrivals_gt_departures,defaultRoadSpeed,Default Road Speed (cells/step),3,0,vehiclesInNetwork,Vehicles In Network (Final),159100,153444,0.9644500314267757,400,160,5,500,0,40,8,3,2,0
arrivals_gt_departures,defaultRoadSpeed,Default Road Speed (cells/step),3,0,sumQueueSizes,Total Queue Size (Final),158450,151950,0.9589775954559798,400,160,5,500,0,40,8,3,2,0
arrivals_gt_departures,defaultRoadSpeed,Default Road Speed (cells/step),3,0,sumAvgWaitTimes,Sum of Average Wait Times (Final),8476.179294920592,7592.4187802436,0.8957359815162721,400,160,5,500,0,40,8,3,2,0
arrivals_gt_departures,defaultRoadSpeed,Default Road Speed (cells/step),3,0,sumTotalWaitTimes,Sum of Total Wait Times (Final),28933567,23863205,0.8247584889896223,400,160,5,500,0,40,8,3,2,0
arrivals_gt_departures,defaultRoadSpeed,Default Road Speed (cells/step),3,0,sumStdTotalWaitTimes,Sum of Std Total Wait Times (Final),9014429.72560946,6517606.255593544,0.7230192540164144,400,160,5,500,0,40,8,3,2,0
arrivals_gt_departures,defaultRoadSpeed,Default Road Speed (cells/step),4,0,throughput,Network Throughput (Final),40313,46066,1.1427083074938604,400,160,5,500,0,40,8,4,2,0
arrivals_gt_departures,defaultRoadSpeed,Default Road Speed (cells/step),4,0,totalVehiclesEntered,Total Vehicles Entered (Final),199064,199064,1,400,160,5,500,0,40,8,4,2,0
arrivals_gt_departures,defaultRoadSpeed,Default Road Speed (cells/step),4,0,vehiclesInNetwork,Vehicles In Network (Final),158751,152998,0.9637608581993184,400,160,5,500,0,40,8,4,2,0
arrivals_gt_departures,defaultRoadSpeed,Default Road Speed (cells/step),4,0,sumQueueSizes,Total Queue Size (Final),158338,151813,0.9587906882744509,400,160,5,500,0,40,8,4,2,0
arrivals_gt_departures,defaultRoadSpeed,Default Road Speed (cells/step),4,0,sumAvgWaitTimes,Sum of Average Wait Times (Final),8477.67703323923,7566.493998309491,0.8925197278267175,400,160,5,500,0,40,8,4,2,0
arrivals_gt_departures,defaultRoadSpeed,Default Road Speed (cells/step),4,0,sumTotalWaitTimes,Sum of Total Wait Times (Final),28936427,23812562,0.8229268250706973,400,160,5,500,0,40,8,4,2,0
arrivals_gt_departures,defaultRoadSpeed,Default Road Speed (cells/step),4,0,sumStdTotalWaitTimes,Sum of Std Total Wait Times (Final),9008526.223484242,6567948.575044476,0.7290813627119775,400,160,5,500,0,40,8,4,2,0
arrivals_gt_departures,defaultRoadSpeed,Default Road Speed (cells/step),5,0,throughput,Network Throughput (Final),40609,46157,1.1366199610923686,400,160,5,500,0,40,8,5,2,0
arrivals_gt_departures,defaultRoadSpeed,Default Road Speed (cells/step),5,0,totalVehiclesEntered,Total Vehicles Entered (Final),199064,199064,1,400,160,5,500,0,40,8,5,2,0
arrivals_gt_departures,defaultRoadSpeed,Default Road Speed (cells/step),5,0,vehiclesInNetwork,Vehicles In Network (Final),158455,152907,0.9649869047994699,400,160,5,500,0,40,8,5,2,0
arrivals_gt_departures,defaultRoadSpeed,Default Road Speed (cells/step),5,0,sumQueueSizes,Total Queue Size (Final),158208,152179,0.961891939724919,400,160,5,500,0,40,8,5,2,0
arrivals_gt_departures,defaultRoadSpeed,Default Road Speed (cells/step),5,0,sumAvgWaitTimes,Sum of Average Wait Times (Final),8492.21342358015,7596.065328292231,0.8944741434783536,400,160,5,500,0,40,8,5,2,0
arrivals_gt_departures,defaultRoadSpeed,Default Road Speed (cells/step),5,0,sumTotalWaitTimes,Sum of Total Wait Times (Final),28973766,23890943,0.8245715451695165,400,160,5,500,0,40,8,5,2,0
arrivals_gt_departures,defaultRoadSpeed,Default Road Speed (cells/step),5,0,sumStdTotalWaitTimes,Sum of Std Total Wait Times (Final),9006884.861828605,6555448.628824709,0.7278264049545985,400,160,5,500,0,40,8,5,2,0
arrivals_gt_departures,defaultRoadSpeed,Default Road Speed (cells/step),6,0,throughput,Network Throughput (Final),40609,46157,1.1366199610923686,400,160,5,500,0,40,8,6,2,0
arrivals_gt_departures,defaultRoadSpeed,Default Road Speed (cells/step),6,0,totalVehiclesEntered,Total Vehicles Entered (Final),199064,199064,1,400,160,5,500,0,40,8,6,2,0
arrivals_gt_departures,defaultRoadSpeed,Default Road Speed (cells/step),6,0,vehiclesInNetwork,Vehicles In Network (Final),158455,152907,0.9649869047994699,400,160,5,500,0,40,8,6,2,0
arrivals_gt_departures,defaultRoadSpeed,Default Road Speed (cells/step),6,0,sumQueueSizes,Total Queue Size (Final),158208,152179,0.961891939724919,400,160,5,500,0,40,8,6,2,0
arrivals_gt_departures,defaultRoadSpeed,Default Road Speed (cells/step),6,0,sumAvgWaitTimes,Sum of Average Wait Times (Final),8492.21342358015,7596.065328292231,0.8944741434783536,400,160,5,500,0,40,8,6,2,0
arrivals_gt_departures,defaultRoadSpeed,Default Road Speed (cells/step),6,0,sumTotalWaitTimes,Sum of Total Wait Times (Final),28973766,23890943,0.8245715451695165,400,160,5,500,0,40,8,6,2,0
arrivals_gt_departures,defaultRoadSpeed,Default Road Speed (cells/step),6,0,sumStdTotalWaitTimes,Sum of Std Total Wait Times (Final),9006884.861828605,6555448.628824709,0.7278264049545985,400,160,5,500,0,40,8,6,2,0
arrivals_gt_departures,defaultRoadSpeed,Default Road Speed (cells/step),7,0,throughput,Network Throughput (Final),40609,46157,1.1366199610923686,400,160,5,500,0,40,8,7,2,0
arrivals_gt_departures,defaultRoadSpeed,Default Road Speed (cells/step),7,0,totalVehiclesEntered,Total Vehicles Entered (Final),199064,199064,1,400,160,5,500,0,40,8,7,2,0
arrivals_gt_departures,defaultRoadSpeed,Default Road Speed (cells/step),7,0,vehiclesInNetwork,Vehicles In Network (Final),158455,152907,0.9649869047994699,400,160,5,500,0,40,8,7,2,0
arrivals_gt_departures,defaultRoadSpeed,Default Road Speed (cells/step),7,0,sumQueueSizes,Total Queue Size (Final),158208,152179,0.961891939724919,400,160,5,500,0,40,8,7,2,0
arrivals_gt_departures,defaultRoadSpeed,Default Road Speed (cells/step),7,0,sumAvgWaitTimes,Sum of Average Wait Times (Final),8492.21342358015,7596.065328292231,0.8944741434783536,400,160,5,500,0,40,8,7,2,0
arrivals_gt_departures,defaultRoadSpeed,Default Road Speed (cells/step),7,0,sumTotalWaitTimes,Sum of Total Wait Times (Final),28973766,23890943,0.8245715451695165,400,160,5,500,0,40,8,7,2,0
arrivals_gt_departures,defaultRoadSpeed,Default Road Speed (cells/step),7,0,sumStdTotalWaitTimes,Sum of Std Total Wait Times (Final),9006884.861828605,6555448.628824709,0.7278264049545985,400,160,5,500,0,40,8,7,2,0
arrivals_gt_departures,defaultRoadSpeed,Default Road Speed (cells/step),8,0,throughput,Network Throughput (Final),40609,46157,1.1366199610923686,400,160,5,500,0,40,8,8,2,0
arrivals_gt_departures,defaultRoadSpeed,Default Road Speed (cells/step),8,0,totalVehiclesEntered,Total Vehicles Entered (Final),199064,199064,1,400,160,5,500,0,40,8,8,2,0
arrivals_gt_departures,defaultRoadSpeed,Default Road Speed (cells/step),8,0,vehiclesInNetwork,Vehicles In Network (Final),158455,152907,0.9649869047994699,400,160,5,500,0,40,8,8,2,0
arrivals_gt_departures,defaultRoadSpeed,Default Road Speed (cells/step),8,0,sumQueueSizes,Total Queue Size (Final),158208,152179,0.961891939724919,400,160,5,500,0,40,8,8,2,0
arrivals_gt_departures,defaultRoadSpeed,Default Road Speed (cells/step),8,0,sumAvgWaitTimes,Sum of Average Wait Times (Final),8492.21342358015,7596.065328292231,0.8944741434783536,400,160,5,500,0,40,8,8,2,0
arrivals_gt_departures,defaultRoadSpeed,Default Road Speed (cells/step),8,0,sumTotalWaitTimes,Sum of Total Wait Times (Final),28973766,23890943,0.8245715451695165,400,160,5,500,0,40,8,8,2,0
arrivals_gt_departures,defaultRoadSpeed,Default Road Speed (cells/step),8,0,sumStdTotalWaitTimes,Sum of Std Total Wait Times (Final),9006884.861828605,6555448.628824709,0.7278264049545985,400,160,5,500,0,40,8,8,2,0
arrivals_gt_departures,defaultRoadSpeed,Default Road Speed (cells/step),9,0,throughput,Network Throughput (Final),40992,46609,1.137026736924278,400,160,5,500,0,40,8,9,2,0
arrivals_gt_departures,defaultRoadSpeed,Default Road Speed (cells/step),9,0,totalVehiclesEntered,Total Vehicles Entered (Final),199064,199064,1,400,160,5,500,0,40,8,9,2,0
arrivals_gt_departures,defaultRoadSpeed,Default Road Speed (cells/step),9,0,vehiclesInNetwork,Vehicles In Network (Final),158072,152455,0.9644655599979756,400,160,5,500,0,40,8,9,2,0
arrivals_gt_departures,defaultRoadSpeed,Default Road Speed (cells/step),9,0,sumQueueSizes,Total Queue Size (Final),157948,152083,0.9628675260212222,400,160,5,500,0,40,8,9,2,0
arrivals_gt_departures,defaultRoadSpeed,Default Road Speed (cells/step),9,0,sumAvgWaitTimes,Sum of Average Wait Times (Final),8498.100464405174,7674.553635712165,0.9030904809677779,400,160,5,500,0,40,8,9,2,0
arrivals_gt_departures,defaultRoadSpeed,Default Road Speed (cells/step),9,0,sumTotalWaitTimes,Sum of Total Wait Times (Final),28956715,23887017,0.8249215078436901,400,160,5,500,0,40,8,9,2,0
arrivals_gt_departures,defaultRoadSpeed,Default Road Speed (cells/step),9,0,sumStdTotalWaitTimes,Sum of Std Total Wait Times (Final),9007159.216311758,6562303.721860342,0.7285653072476126,400,160,5,500,0,40,8,9,2,0
arrivals_gt_departures,defaultRoadSpeed,Default Road Speed (cells/step),10,0,throughput,Network Throughput (Final),40992,46609,1.137026736924278,400,160,5,500,0,40,8,10,2,0
arrivals_gt_departures,defaultRoadSpeed,Default Road Speed (cells/step),10,0,totalVehiclesEntered,Total Vehicles Entered (Final),199064,199064,1,400,160,5,500,0,40,8,10,2,0
arrivals_gt_departures,defaultRoadSpeed,Default Road Speed (cells/step),10,0,vehiclesInNetwork,Vehicles In Network (Final),158072,152455,0.9644655599979756,400,160,5,500,0,40,8,10,2,0
arrivals_gt_departures,defaultRoadSpeed,Default Road Speed (cells/step),10,0,sumQueueSizes,Total Queue Size (Final),157948,152083,0.9628675260212222,400,160,5,500,0,40,8,10,2,0
arrivals_gt_departures,defaultRoadSpeed,Default Road Speed (cells/step),10,0,sumAvgWaitTimes,Sum of Average Wait Times (Final),8498.100464405174,7674.553635712165,0.9030904809677779,400,160,5,500,0,40,8,10,2,0
arrivals_gt_departures,defaultRoadSpeed,Default Road Speed (cells/step),10,0,sumTotalWaitTimes,Sum of Total Wait Times (Final),28956715,23887017,0.8249215078436901,400,160,5,500,0,40,8,10,2,0
arrivals_gt_departures,defaultRoadSpeed,Default Road Speed (cells/step),10,0,sumStdTotalWaitTimes,Sum of Std Total Wait Times (Final),9007159.216311758,6562303.721860342,0.7285653072476126,400,160,5,500,0,40,8,10,2,0
arrivals_gt_departures,defaultRoadSpeed,Default Road Speed (cells/step),11,0,throughput,Network Throughput (Final),40992,46609,1.137026736924278,400,160,5,500,0,40,8,11,2,0
arrivals_gt_departures,defaultRoadSpeed,Default Road Speed (cells/step),11,0,totalVehiclesEntered,Total Vehicles Entered (Final),199064,199064,1,400,160,5,500,0,40,8,11,2,0
arrivals_gt_departures,defaultRoadSpeed,Default Road Speed (cells/step),11,0,vehiclesInNetwork,Vehicles In Network (Final),158072,152455,0.9644655599979756,400,160,5,500,0,40,8,11,2,0
arrivals_gt_departures,defaultRoadSpeed,Default Road Speed (cells/step),11,0,sumQueueSizes,Total Queue Size (Final),157948,152083,0.9628675260212222,400,160,5,500,0,40,8,11,2,0
arrivals_gt_departures,defaultRoadSpeed,Default Road Speed (cells/step),11,0,sumAvgWaitTimes,Sum of Average Wait Times (Final),8498.100464405174,7674.553635712165,0.9030904809677779,400,160,5,500,0,40,8,11,2,0
arrivals_gt_departures,defaultRoadSpeed,Default Road Speed (cells/step),11,0,sumTotalWaitTimes,Sum of Total Wait Times (Final),28956715,23887017,0.8249215078436901,400,160,5,500,0,40,8,11,2,0
arrivals_gt_departures,defaultRoadSpeed,Default Road Speed (cells/step),11,0,sumStdTotalWaitTimes,Sum of Std Total Wait Times (Final),9007159.216311758,6562303.721860342,0.7285653072476126,400,160,5,500,0,40,8,11,2,0
arrivals_gt_departures,defaultRoadSpeed,Default Road Speed (cells/step),12,0,throughput,Network Throughput (Final),40992,46609,1.137026736924278,400,160,5,500,0,40,8,12,2,0
arrivals_gt_departures,defaultRoadSpeed,Default Road Speed (cells/step),12,0,totalVehiclesEntered,Total Vehicles Entered (Final),199064,199064,1,400,160,5,500,0,40,8,12,2,0
arrivals_gt_departures,defaultRoadSpeed,Default Road Speed (cells/step),12,0,vehiclesInNetwork,Vehicles In Network (Final),158072,152455,0.9644655599979756,400,160,5,500,0,40,8,12,2,0
arrivals_gt_departures,defaultRoadSpeed,Default Road Speed (cells/step),12,0,sumQueueSizes,Total Queue Size (Final),157948,152083,0.9628675260212222,400,160,5,500,0,40,8,12,2,0
arrivals_gt_departures,defaultRoadSpeed,Default Road Speed (cells/step),12,0,sumAvgWaitTimes,Sum of Average Wait Times (Final),8498.100464405174,7674.553635712165,0.9030904809677779,400,160,5,500,0,40,8,12,2,0
arrivals_gt_departures,defaultRoadSpeed,Default Road Speed (cells/step),12,0,sumTotalWaitTimes,Sum of Total Wait Times (Final),28956715,23887017,0.8249215078436901,400,160,5,500,0,40,8,12,2,0
arrivals_gt_departures,defaultRoadSpeed,Default Road Speed (cells/step),12,0,sumStdTotalWaitTimes,Sum of Std Total Wait Times (Final),9007159.216311758,6562303.721860342,0.7285653072476126,400,160,5,500,0,40,8,12,2,0
arrivals_gt_departures,defaultRoadSpeed,Default Road Speed (cells/step),13,0,throughput,Network Throughput (Final),40992,46609,1.137026736924278,400,160,5,500,0,40,8,13,2,0
arrivals_gt_departures,defaultRoadSpeed,Default Road Speed (cells/step),13,0,totalVehiclesEntered,Total Vehicles Entered (Final),199064,199064,1,400,160,5,500,0,40,8,13,2,0
arrivals_gt_departures,defaultRoadSpeed,Default Road Speed (cells/step),13,0,vehiclesInNetwork,Vehicles In Network (Final),158072,152455,0.9644655599979756,400,160,5,500,0,40,8,13,2,0
arrivals_gt_departures,defaultRoadSpeed,Default Road Speed (cells/step),13,0,sumQueueSizes,Total Queue Size (Final),157948,152083,0.9628675260212222,400,160,5,500,0,40,8,13,2,0
arrivals_gt_departures,defaultRoadSpeed,Default Road Speed (cells/step),13,0,sumAvgWaitTimes,Sum of Average Wait Times (Final),8498.100464405174,7674.553635712165,0.9030904809677779,400,160,5,500,0,40,8,13,2,0
arrivals_gt_departures,defaultRoadSpeed,Default Road Speed (cells/step),13,0,sumTotalWaitTimes,Sum of Total Wait Times (Final),28956715,23887017,0.8249215078436901,400,160,5,500,0,40,8,13,2,0
arrivals_gt_departures,defaultRoadSpeed,Default Road Speed (cells/step),13,0,sumStdTotalWaitTimes,Sum of Std Total Wait Times (Final),9007159.216311758,6562303.721860342,0.7285653072476126,400,160,5,500,0,40,8,13,2,0
arrivals_gt_departures,defaultRoadSpeed,Default Road Speed (cells/step),14,0,throughput,Network Throughput (Final),40992,46609,1.137026736924278,400,160,5,500,0,40,8,14,2,0
arrivals_gt_departures,defaultRoadSpeed,Default Road Speed (cells/step),14,0,totalVehiclesEntered,Total Vehicles Entered (Final),199064,199064,1,400,160,5,500,0,40,8,14,2,0
arrivals_gt_departures,defaultRoadSpeed,Default Road Speed (cells/step),14,0,vehiclesInNetwork,Vehicles In Network (Final),158072,152455,0.9644655599979756,400,160,5,500,0,40,8,14,2,0
arrivals_gt_departures,defaultRoadSpeed,Default Road Speed (cells/step),14,0,sumQueueSizes,Total Queue Size (Final),157948,152083,0.9628675260212222,400,160,5,500,0,40,8,14,2,0
arrivals_gt_departures,defaultRoadSpeed,Default Road Speed (cells/step),14,0,sumAvgWaitTimes,Sum of Average Wait Times (Final),8498.100464405174,7674.553635712165,0.9030904809677779,400,160,5,500,0,40,8,14,2,0
arrivals_gt_departures,defaultRoadSpeed,Default Road Speed (cells/step),14,0,sumTotalWaitTimes,Sum of Total Wait Times (Final),28956715,23887017,0.8249215078436901,400,160,5,500,0,40,8,14,2,0
arrivals_gt_departures,defaultRoadSpeed,Default Road Speed (cells/step),14,0,sumStdTotalWaitTimes,Sum of Std Total Wait Times (Final),9007159.216311758,6562303.721860342,0.7285653072476126,400,160,5,500,0,40,8,14,2,0
arrivals_gt_departures,defaultRoadSpeed,Default Road Speed (cells/step),15,0,throughput,Network Throughput (Final),40992,46609,1.137026736924278,400,160,5,500,0,40,8,15,2,0
arrivals_gt_departures,defaultRoadSpeed,Default Road Speed (cells/step),15,0,totalVehiclesEntered,Total Vehicles Entered (Final),199064,199064,1,400,160,5,500,0,40,8,15,2,0
arrivals_gt_departures,defaultRoadSpeed,Default Road Speed (cells/step),15,0,vehiclesInNetwork,Vehicles In Network (Final),158072,152455,0.9644655599979756,400,160,5,500,0,40,8,15,2,0
arrivals_gt_departures,defaultRoadSpeed,Default Road Speed (cells/step),15,0,sumQueueSizes,Total Queue Size (Final),157948,152083,0.9628675260212222,400,160,5,500,0,40,8,15,2,0
arrivals_gt_departures,defaultRoadSpeed,Default Road Speed (cells/step),15,0,sumAvgWaitTimes,Sum of Average Wait Times (Final),8498.100464405174,7674.553635712165,0.9030904809677779,400,160,5,500,0,40,8,15,2,0
arrivals_gt_departures,defaultRoadSpeed,Default Road Speed (cells/step),15,0,sumTotalWaitTimes,Sum of Total Wait Times (Final),28956715,23887017,0.8249215078436901,400,160,5,500,0,40,8,15,2,0
arrivals_gt_departures,defaultRoadSpeed,Default Road Speed (cells/step),15,0,sumStdTotalWaitTimes,Sum of Std Total Wait Times (Final),9007159.216311758,6562303.721860342,0.7285653072476126,400,160,5,500,0,40,8,15,2,0
arrivals_gt_departures,defaultRoadSpeed,Default Road Speed (cells/step),16,0,throughput,Network Throughput (Final),40992,46609,1.137026736924278,400,160,5,500,0,40,8,16,2,0
arrivals_gt_departures,defaultRoadSpeed,Default Road Speed (cells/step),16,0,totalVehiclesEntered,Total Vehicles Entered (Final),199064,199064,1,400,160,5,500,0,40,8,16,2,0
arrivals_gt_departures,defaultRoadSpeed,Default Road Speed (cells/step),16,0,vehiclesInNetwork,Vehicles In Network (Final),158072,152455,0.9644655599979756,400,160,5,500,0,40,8,16,2,0
arrivals_gt_departures,defaultRoadSpeed,Default Road Speed (cells/step),16,0,sumQueueSizes,Total Queue Size (Final),157948,152083,0.9628675260212222,400,160,5,500,0,40,8,16,2,0
arrivals_gt_departures,defaultRoadSpeed,Default Road Speed (cells/step),16,0,sumAvgWaitTimes,Sum of Average Wait Times (Final),8498.100464405174,7674.553635712165,0.9030904809677779,400,160,5,500,0,40,8,16,2,0
arrivals_gt_departures,defaultRoadSpeed,Default Road Speed (cells/step),16,0,sumTotalWaitTimes,Sum of Total Wait Times (Final),28956715,23887017,0.8249215078436901,400,160,5,500,0,40,8,16,2,0
arrivals_gt_departures,defaultRoadSpeed,Default Road Speed (cells/step),16,0,sumStdTotalWaitTimes,Sum of Std Total Wait Times (Final),9007159.216311758,6562303.721860342,0.7285653072476126,400,160,5,500,0,40,8,16,2,0
arrivals_gt_departures,defaultRoadSpeed,Default Road Speed (cells/step),17,0,throughput,Network Throughput (Final),40992,46609,1.137026736924278,400,160,5,500,0,40,8,17,2,0
arrivals_gt_departures,defaultRoadSpeed,Default Road Speed (cells/step),17,0,totalVehiclesEntered,Total Vehicles Entered (Final),199064,199064,1,400,160,5,500,0,40,8,17,2,0
arrivals_gt_departures,defaultRoadSpeed,Default Road Speed (cells/step),17,0,vehiclesInNetwork,Vehicles In Network (Final),158072,152455,0.9644655599979756,400,160,5,500,0,40,8,17,2,0
arrivals_gt_departures,defaultRoadSpeed,Default Road Speed (cells/step),17,0,sumQueueSizes,Total Queue Size (Final),157948,152083,0.9628675260212222,400,160,5,500,0,40,8,17,2,0
arrivals_gt_departures,defaultRoadSpeed,Default Road Speed (cells/step),17,0,sumAvgWaitTimes,Sum of Average Wait Times (Final),8498.100464405174,7674.553635712165,0.9030904809677779,400,160,5,500,0,40,8,17,2,0
arrivals_gt_departures,defaultRoadSpeed,Default Road Speed (cells/step),17,0,sumTotalWaitTimes,Sum of Total Wait Times (Final),28956715,23887017,0.8249215078436901,400,160,5,500,0,40,8,17,2,0
arrivals_gt_departures,defaultRoadSpeed,Default Road Speed (cells/step),17,0,sumStdTotalWaitTimes,Sum of Std Total Wait Times (Final),9007159.216311758,6562303.721860342,0.7285653072476126,400,160,5,500,0,40,8,17,2,0
arrivals_gt_departures,defaultRoadSpeed,Default Road Speed (cells/step),18,0,throughput,Network Throughput (Final),40992,46609,1.137026736924278,400,160,5,500,0,40,8,18,2,0
arrivals_gt_departures,defaultRoadSpeed,Default Road Speed (cells/step),18,0,totalVehiclesEntered,Total Vehicles Entered (Final),199064,199064,1,400,160,5,500,0,40,8,18,2,0
arrivals_gt_departures,defaultRoadSpeed,Default Road Speed (cells/step),18,0,vehiclesInNetwork,Vehicles In Network (Final),158072,152455,0.9644655599979756,400,160,5,500,0,40,8,18,2,0
arrivals_gt_departures,defaultRoadSpeed,Default Road Speed (cells/step),18,0,sumQueueSizes,Total Queue Size (Final),157948,152083,0.9628675260212222,400,160,5,500,0,40,8,18,2,0
arrivals_gt_departures,defaultRoadSpeed,Default Road Speed (cells/step),18,0,sumAvgWaitTimes,Sum of Average Wait Times (Final),8498.100464405174,7674.553635712165,0.9030904809677779,400,160,5,500,0,40,8,18,2,0
arrivals_gt_departures,defaultRoadSpeed,Default Road Speed (cells/step),18,0,sumTotalWaitTimes,Sum of Total Wait Times (Final),28956715,23887017,0.8249215078436901,400,160,5,500,0,40,8,18,2,0
arrivals_gt_departures,defaultRoadSpeed,Default Road Speed (cells/step),18,0,sumStdTotalWaitTimes,Sum of Std Total Wait Times (Final),9007159.216311758,6562303.721860342,0.7285653072476126,400,160,5,500,0,40,8,18,2,0
arrivals_gt_departures,defaultRoadSpeed,Default Road Speed (cells/step),19,0,throughput,Network Throughput (Final),40992,46609,1.137026736924278,400,160,5,500,0,40,8,19,2,0
arrivals_gt_departures,defaultRoadSpeed,Default Road Speed (cells/step),19,0,totalVehiclesEntered,Total Vehicles Entered (Final),199064,199064,1,400,160,5,500,0,40,8,19,2,0
arrivals_gt_departures,defaultRoadSpeed,Default Road Speed (cells/step),19,0,vehiclesInNetwork,Vehicles In Network (Final),158072,152455,0.9644655599979756,400,160,5,500,0,40,8,19,2,0
arrivals_gt_departures,defaultRoadSpeed,Default Road Speed (cells/step),19,0,sumQueueSizes,Total Queue Size (Final),157948,152083,0.9628675260212222,400,160,5,500,0,40,8,19,2,0
arrivals_gt_departures,defaultRoadSpeed,Default Road Speed (cells/step),19,0,sumAvgWaitTimes,Sum of Average Wait Times (Final),8498.100464405174,7674.553635712165,0.9030904809677779,400,160,5,500,0,40,8,19,2,0
arrivals_gt_departures,defaultRoadSpeed,Default Road Speed (cells/step),19,0,sumTotalWaitTimes,Sum of Total Wait Times (Final),28956715,23887017,0.8249215078436901,400,160,5,500,0,40,8,19,2,0
arrivals_gt_departures,defaultRoadSpeed,Default Road Speed (cells/step),19,0,sumStdTotalWaitTimes,Sum of Std Total Wait Times (Final),9007159.216311758,6562303.721860342,0.7285653072476126,400,160,5,500,0,40,8,19,2,0
arrivals_gt_departures,defaultRoadSpeed,Default Road Speed (cells/step),20,0,throughput,Network Throughput (Final),40992,46609,1.137026736924278,400,160,5,500,0,40,8,20,2,0
arrivals_gt_departures,defaultRoadSpeed,Default Road Speed (cells/step),20,0,totalVehiclesEntered,Total Vehicles Entered (Final),199064,199064,1,400,160,5,500,0,40,8,20,2,0
arrivals_gt_departures,defaultRoadSpeed,Default Road Speed (cells/step),20,0,vehiclesInNetwork,Vehicles In Network (Final),158072,152455,0.9644655599979756,400,160,5,500,0,40,8,20,2,0
arrivals_gt_departures,defaultRoadSpeed,Default Road Speed (cells/step),20,0,sumQueueSizes,Total Queue Size (Final),157948,152083,0.9628675260212222,400,160,5,500,0,40,8,20,2,0
arrivals_gt_departures,defaultRoadSpeed,Default Road Speed (cells/step),20,0,sumAvgWaitTimes,Sum of Average Wait Times (Final),8498.100464405174,7674.553635712165,0.9030904809677779,400,160,5,500,0,40,8,20,2,0
arrivals_gt_departures,defaultRoadSpeed,Default Road Speed (cells/step),20,0,sumTotalWaitTimes,Sum of Total Wait Times (Final),28956715,23887017,0.8249215078436901,400,160,5,500,0,40,8,20,2,0
arrivals_gt_departures,defaultRoadSpeed,Default Road Speed (cells/step),20,0,sumStdTotalWaitTimes,Sum of Std Total Wait Times (Final),9007159.216311758,6562303.721860342,0.7285653072476126,400,160,5,500,0,40,8,20,2,0
arrivals_gt_departures,defaultRoadLength,Default Road Length (cells),2,0,throughput,Network Throughput (Final),40992,46609,1.137026736924278,400,160,5,500,0,40,8,2,2,0
arrivals_gt_departures,defaultRoadLength,Default Road Length (cells),2,0,totalVehiclesEntered,Total Vehicles Entered (Final),199064,199064,1,400,160,5,500,0,40,8,2,2,0
arrivals_gt_departures,defaultRoadLength,Default Road Length (cells),2,0,vehiclesInNetwork,Vehicles In Network (Final),158072,152455,0.9644655599979756,400,160,5,500,0,40,8,2,2,0
arrivals_gt_departures,defaultRoadLength,Default Road Length (cells),2,0,sumQueueSizes,Total Queue Size (Final),157948,152083,0.9628675260212222,400,160,5,500,0,40,8,2,2,0
arrivals_gt_departures,defaultRoadLength,Default Road Length (cells),2,0,sumAvgWaitTimes,Sum of Average Wait Times (Final),8498.100464405174,7674.553635712165,0.9030904809677779,400,160,5,500,0,40,8,2,2,0
arrivals_gt_departures,defaultRoadLength,Default Road Length (cells),2,0,sumTotalWaitTimes,Sum of Total Wait Times (Final),28956715,23887017,0.8249215078436901,400,160,5,500,0,40,8,2,2,0
arrivals_gt_departures,defaultRoadLength,Default Road Length (cells),2,0,sumStdTotalWaitTimes,Sum of Std Total Wait Times (Final),9007159.216311758,6562303.721860342,0.7285653072476126,400,160,5,500,0,40,8,2,2,0
arrivals_gt_departures,defaultRoadLength,Default Road Length (cells),5,0,throughput,Network Throughput (Final),40313,46066,1.1427083074938604,400,160,5,500,0,40,8,5,2,0
arrivals_gt_departures,defaultRoadLength,Default Road Length (cells),5,0,totalVehiclesEntered,Total Vehicles Entered (Final),199064,199064,1,400,160,5,500,0,40,8,5,2,0
arrivals_gt_departures,defaultRoadLength,Default Road Length (cells),5,0,vehiclesInNetwork,Vehicles In Network (Final),158751,152998,0.9637608581993184,400,160,5,500,0,40,8,5,2,0
arrivals_gt_departures,defaultRoadLength,Default Road Length (cells),5,0,sumQueueSizes,Total Queue Size (Final),158338,151813,0.9587906882744509,400,160,5,500,0,40,8,5,2,0
arrivals_gt_departures,defaultRoadLength,Default Road Length (cells),5,0,sumAvgWaitTimes,Sum of Average Wait Times (Final),8477.67703323923,7566.493998309491,0.8925197278267175,400,160,5,500,0,40,8,5,2,0
arrivals_gt_departures,defaultRoadLength,Default Road Length (cells),5,0,sumTotalWaitTimes,Sum of Total Wait Times (Final),28936427,23812562,0.8229268250706973,400,160,5,500,0,40,8,5,2,0
arrivals_gt_departures,defaultRoadLength,Default Road Length (cells),5,0,sumStdTotalWaitTimes,Sum of Std Total Wait Times (Final),9008526.223484242,6567948.575044476,0.7290813627119775,400,160,5,500,0,40,8,5,2,0
arrivals_gt_departures,defaultRoadLength,Default Road Length (cells),8,0,throughput,Network Throughput (Final),39964,45620,1.1415273746371735,400,160,5,500,0,40,8,8,2,0
arrivals_gt_departures,defaultRoadLength,Default Road Length (cells),8,0,totalVehiclesEntered,Total Vehicles Entered (Final),199064,199064,1,400,160,5,500,0,40,8,8,2,0
arrivals_gt_departures,defaultRoadLength,Default Road Length (cells),8,0,vehiclesInNetwork,Vehicles In Network (Final),159100,153444,0.9644500314267757,400,160,5,500,0,40,8,8,2,0
arrivals_gt_departures,defaultRoadLength,Default Road Length (cells),8,0,sumQueueSizes,Total Queue Size (Final),158450,151950,0.9589775954559798,400,160,5,500,0,40,8,8,2,0
arrivals_gt_departures,defaultRoadLength,Default Road Length (cells),8,0,sumAvgWaitTimes,Sum of Average Wait Times (Final),8476.179294920592,7592.4187802436,0.8957359815162721,400,160,5,500,0,40,8,8,2,0
arrivals_gt_departures,defaultRoadLength,Default Road Length (cells),8,0,sumTotalWaitTimes,Sum of Total Wait Times (Final),28933567,23863205,0.8247584889896223,400,160,5,500,0,40,8,8,2,0
arrivals_gt_departures,defaultRoadLength,Default Road Length (cells),8,0,sumStdTotalWaitTimes,Sum of Std Total Wait Times (Final),9014429.72560946,6517606.255593544,0.7230192540164144,400,160,5,500,0,40,8,8,2,0
arrivals_gt_departures,defaultRoadLength,Default Road Length (cells),12,0,throughput,Network Throughput (Final),39653,45186,1.13953547020402,400,160,5,500,0,40,8,12,2,0
arrivals_gt_departures,defaultRoadLength,Default Road Length (cells),12,0,totalVehiclesEntered,Total Vehicles Entered (Final),199064,199064,1,400,160,5,500,0,40,8,12,2,0
arrivals_gt_departures,defaultRoadLength,Default Road Length (cells),12,0,vehiclesInNetwork,Vehicles In Network (Final),159411,153878,0.9652909774105928,400,160,5,500,0,40,8,12,2,0
arrivals_gt_departures,defaultRoadLength,Default Road Length (cells),12,0,sumQueueSizes,Total Queue Size (Final),158196,151631,0.9585008470504943,400,160,5,500,0,40,8,12,2,0
arrivals_gt_departures,defaultRoadLength,Default Road Length (cells),12,0,sumAvgWaitTimes,Sum of Average Wait Times (Final),8482.29991760881,7585.735724005259,0.8943017575053752,400,160,5,500,0,40,8,12,2,0
arrivals_gt_departures,defaultRoadLength,Default Road Length (cells),12,0,sumTotalWaitTimes,Sum of Total Wait Times (Final),28859351,23738339,0.8225527663459931,400,160,5,500,0,40,8,12,2,0
arrivals_gt_departures,defaultRoadLength,Default Road Length (cells),12,0,sumStdTotalWaitTimes,Sum of Std Total Wait Times (Final),9029465.74203942,6497789.696250929,0.7196206156471135,400,160,5,500,0,40,8,12,2,0
arrivals_gt_departures,defaultRoadLength,Default Road Length (cells),15,0,throughput,Network Throughput (Final),39250,44936,1.1448662420382165,400,160,5,500,0,40,8,15,2,0
arrivals_gt_departures,defaultRoadLength,Default Road Length (cells),15,0,totalVehiclesEntered,Total Vehicles Entered (Final),199064,199064,1,400,160,5,500,0,40,8,15,2,0
arrivals_gt_departures,defaultRoadLength,Default Road Length (cells),15,0,vehiclesInNetwork,Vehicles In Network (Final),159814,154128,0.9644211395747556,400,160,5,500,0,40,8,15,2,0
arrivals_gt_departures,defaultRoadLength,Default Road Length (cells),15,0,sumQueueSizes,Total Queue Size (Final),158199,151046,0.9547847963640731,400,160,5,500,0,40,8,15,2,0
arrivals_gt_departures,defaultRoadLength,Default Road Length (cells),15,0,sumAvgWaitTimes,Sum of Average Wait Times (Final),8375.660768749642,7533.138694895178,0.8994082858515484,400,160,5,500,0,40,8,15,2,0
arrivals_gt_departures,defaultRoadLength,Default Road Length (cells),15,0,sumTotalWaitTimes,Sum of Total Wait Times (Final),28837178,23664037,0.8206086254348467,400,160,5,500,0,40,8,15,2,0
arrivals_gt_departures,defaultRoadLength,Default Road Length (cells),15,0,sumStdTotalWaitTimes,Sum of Std Total Wait Times (Final),9023979.203040779,6492524.375221656,0.7194746606944631,400,160,5,500,0,40,8,15,2,0
arrivals_gt_departures,defaultRoadLength,Default Road Length (cells),18,0,throughput,Network Throughput (Final),39263,44681,1.1379925120342307,400,160,5,500,0,40,8,18,2,0
arrivals_gt_departures,defaultRoadLength,Default Road Length (cells),18,0,totalVehiclesEntered,Total Vehicles Entered (Final),199064,199064,1,400,160,5,500,0,40,8,18,2,0
arrivals_gt_departures,defaultRoadLength,Default Road Length (cells),18,0,vehiclesInNetwork,Vehicles In Network (Final),159801,154383,0.9660953310680158,400,160,5,500,0,40,8,18,2,0
arrivals_gt_departures,defaultRoadLength,Default Road Length (cells),18,0,sumQueueSizes,Total Queue Size (Final),157941,150897,0.9554010674872262,400,160,5,500,0,40,8,18,2,0
arrivals_gt_departures,defaultRoadLength,Default Road Length (cells),18,0,sumAvgWaitTimes,Sum of Average Wait Times (Final),8320.533405459535,7579.701040620775,0.9109633567058739,400,160,5,500,0,40,8,18,2,0
arrivals_gt_departures,defaultRoadLength,Default Road Length (cells),18,0,sumTotalWaitTimes,Sum of Total Wait Times (Final),28805016,23606939,0.8195426449337851,400,160,5,500,0,40,8,18,2,0
arrivals_gt_departures,defaultRoadLength,Default Road Length (cells),18,0,sumStdTotalWaitTimes,Sum of Std Total Wait Times (Final),9022654.524313262,6472136.767570891,0.7173206898402776,400,160,5,500,0,40,8,18,2,0
arrivals_gt_departures,defaultRoadLength,Default Road Length (cells),22,0,throughput,Network Throughput (Final),38888,44154,1.135414523760543,400,160,5,500,0,40,8,22,2,0
arrivals_gt_departures,defaultRoadLength,Default Road Length (cells),22,0,totalVehiclesEntered,Total Vehicles Entered (Final),199064,199064,1,400,160,5,500,0,40,8,22,2,0
arrivals_gt_departures,defaultRoadLength,Default Road Length (cells),22,0,vehiclesInNetwork,Vehicles In Network (Final),160176,154910,0.9671236639696335,400,160,5,500,0,40,8,22,2,0
arrivals_gt_departures,defaultRoadLength,Default Road Length (cells),22,0,sumQueueSizes,Total Queue Size (Final),157557,150655,0.9561936315111357,400,160,5,500,0,40,8,22,2,0
arrivals_gt_departures,defaultRoadLength,Default Road Length (cells),22,0,sumAvgWaitTimes,Sum of Average Wait Times (Final),8254.653058176384,7503.496060401685,0.9090019904554724,400,160,5,500,0,40,8,22,2,0
arrivals_gt_departures,defaultRoadLength,Default Road Length (cells),22,0,sumTotalWaitTimes,Sum of Total Wait Times (Final),28759821,23538367,0.8184462274643504,400,160,5,500,0,40,8,22,2,0
arrivals_gt_departures,defaultRoadLength,Default Road Length (cells),22,0,sumStdTotalWaitTimes,Sum of Std Total Wait Times (Final),9027288.920344543,6473831.002264296,0.7171401136474549,400,160,5,500,0,40,8,22,2,0
arrivals_gt_departures,defaultRoadLength,Default Road Length (cells),25,0,throughput,Network Throughput (Final),38698,43756,1.1307044291694661,400,160,5,500,0,40,8,25,2,0
arrivals_gt_departures,defaultRoadLength,Default Road Length (cells),25,0,totalVehiclesEntered,Total Vehicles Entered (Final),199064,199064,1,400,160,5,500,0,40,8,25,2,0
arrivals_gt_departures,defaultRoadLength,Default Road Length (cells),25,0,vehiclesInNetwork,Vehicles In Network (Final),160366,155308,0.9684596485539329,400,160,5,500,0,40,8,25,2,0
arrivals_gt_departures,defaultRoadLength,Default Road Length (cells),25,0,sumQueueSizes,Total Queue Size (Final),157001,150251,0.9570066432697881,400,160,5,500,0,40,8,25,2,0
arrivals_gt_departures,defaultRoadLength,Default Road Length (cells),25,0,sumAvgWaitTimes,Sum of Average Wait Times (Final),8139.108442948366,7458.310926484965,0.9163547799816777,400,160,5,500,0,40,8,25,2,0
arrivals_gt_departures,defaultRoadLength,Default Road Length (cells),25,0,sumTotalWaitTimes,Sum of Total Wait Times (Final),28677212,23439926,0.8173711586746997,400,160,5,500,0,40,8,25,2,0
arrivals_gt_departures,defaultRoadLength,Default Road Length (cells),25,0,sumStdTotalWaitTimes,Sum of Std Total Wait Times (Final),9042905.537513884,6448351.808915182,0.7130840615513044,400,160,5,500,0,40,8,25,2,0
arrivals_gt_departures,defaultRoadLength,Default Road Length (cells),29,0,throughput,Network Throughput (Final),38520,43251,1.1228193146417444,400,160,5,500,0,40,8,29,2,0
arrivals_gt_departures,defaultRoadLength,Default Road Length (cells),29,0,totalVehiclesEntered,Total Vehicles Entered (Final),199064,199064,1,400,160,5,500,0,40,8,29,2,0
arrivals_gt_departures,defaultRoadLength,Default Road Length (cells),29,0,vehiclesInNetwork,Vehicles In Network (Final),160544,155813,0.9705314430934822,400,160,5,500,0,40,8,29,2,0
arrivals_gt_departures,defaultRoadLength,Default Road Length (cells),29,0,sumQueueSizes,Total Queue Size (Final),156486,150012,0.9586288869291821,400,160,5,500,0,40,8,29,2,0
arrivals_gt_departures,defaultRoadLength,Default Road Length (cells),29,0,sumAvgWaitTimes,Sum of Average Wait Times (Final),8115.750227392422,7515.081083650332,0.9259872313819244,400,160,5,500,0,40,8,29,2,0
arrivals_gt_departures,defaultRoadLength,Default Road Length (cells),29,0,sumTotalWaitTimes,Sum of Total Wait Times (Final),28596136,23369131,0.8172128919795317,400,160,5,500,0,40,8,29,2,0
arrivals_gt_departures,defaultRoadLength,Default Road Length (cells),29,0,sumStdTotalWaitTimes,Sum of Std Total Wait Times (Final),9055956.330950351,6424566.510464065,0.7094299349155383,400,160,5,500,0,40,8,29,2,0
arrivals_gt_departures,defaultRoadLength,Default Road Length (cells),32,0,throughput,Network Throughput (Final),38324,42987,1.1216731030163867,400,160,5,500,0,40,8,32,2,0
arrivals_gt_departures,defaultRoadLength,Default Road Length (cells),32,0,totalVehiclesEntered,Total Vehicles Entered (Final),199064,199064,1,400,160,5,500,0,40,8,32,2,0
arrivals_gt_departures,defaultRoadLength,Default Road Length (cells),32,0,vehiclesInNetwork,Vehicles In Network (Final),160740,156077,0.9709904193106881,400,160,5,500,0,40,8,32,2,0
arrivals_gt_departures,defaultRoadLength,Default Road Length (cells),32,0,sumQueueSizes,Total Queue Size (Final),156235,149935,0.9596761289083752,400,160,5,500,0,40,8,32,2,0
arrivals_gt_departures,defaultRoadLength,Default Road Length (cells),32,0,sumAvgWaitTimes,Sum of Average Wait Times (Final),8116.705985171326,7432.335859205426,0.915683760479165,400,160,5,500,0,40,8,32,2,0
arrivals_gt_departures,defaultRoadLength,Default Road Length (cells),32,0,sumTotalWaitTimes,Sum of Total Wait Times (Final),28576052,23369689,0.8178067775072638,400,160,5,500,0,40,8,32,2,0
arrivals_gt_departures,defaultRoadLength,Default Road Length (cells),32,0,sumStdTotalWaitTimes,Sum of Std Total Wait Times (Final),9055034.778544758,6410233.597706885,0.7079192686145684,400,160,5,500,0,40,8,32,2,0
arrivals_gt_departures,defaultRoadLength,Default Road Length (cells),35,0,throughput,Network Throughput (Final),37934,42370,1.1169399483313123,400,160,5,500,0,40,8,35,2,0
arrivals_gt_departures,defaultRoadLength,Default Road Length (cells),35,0,totalVehiclesEntered,Total Vehicles Entered (Final),199064,199064,1,400,160,5,500,0,40,8,35,2,0
arrivals_gt_departures,defaultRoadLength,Default Road Length (cells),35,0,vehiclesInNetwork,Vehicles In Network (Final),161130,156694,0.9724694346180103,400,160,5,500,0,40,8,35,2,0
arrivals_gt_departures,defaultRoadLength,Default Road Length (cells),35,0,sumQueueSizes,Total Queue Size (Final),155812,149737,0.9610107052088415,400,160,5,500,0,40,8,35,2,0
arrivals_gt_departures,defaultRoadLength,Default Road Length (cells),35,0,sumAvgWaitTimes,Sum of Average Wait Times (Final),8106.619728986268,7428.089904592507,0.9162992903234884,400,160,5,500,0,40,8,35,2,0
arrivals_gt_departures,defaultRoadLength,Default Road Length (cells),35,0,sumTotalWaitTimes,Sum of Total Wait Times (Final),28557687,23294915,0.8157143468937103,400,160,5,500,0,40,8,35,2,0
arrivals_gt_departures,defaultRoadLength,Default Road Length (cells),35,0,sumStdTotalWaitTimes,Sum of Std Total Wait Times (Final),9059147.268394882,6413361.679407213,0.7079431970139001,400,160,5,500,0,40,8,35,2,0
arrivals_gt_departures,defaultRoadLength,Default Road Length (cells),39,0,throughput,Network Throughput (Final),37925,42132,1.1109294660514173,400,160,5,500,0,40,8,39,2,0
arrivals_gt_departures,defaultRoadLength,Default Road Length (cells),39,0,totalVehiclesEntered,Total Vehicles Entered (Final),199064,199064,1,400,160,5,500,0,40,8,39,2,0
arrivals_gt_departures,defaultRoadLength,Default Road Length (cells),39,0,vehiclesInNetwork,Vehicles In Network (Final),161139,156932,0.973892105573449,400,160,5,500,0,40,8,39,2,0
arrivals_gt_departures,defaultRoadLength,Default Road Length (cells),39,0,sumQueueSizes,Total Queue Size (Final),155017,149107,0.961875149177187,400,160,5,500,0,40,8,39,2,0
arrivals_gt_departures,defaultRoadLength,Default Road Length (cells),39,0,sumAvgWaitTimes,Sum of Average Wait Times (Final),8063.86579493157,7428.182809329966,0.9211689527371408,400,160,5,500,0,40,8,39,2,0
arrivals_gt_departures,defaultRoadLength,Default Road Length (cells),39,0,sumTotalWaitTimes,Sum of Total Wait Times (Final),28483835,23173280,0.8135589888089156,400,160,5,500,0,40,8,39,2,0
arrivals_gt_departures,defaultRoadLength,Default Road Length (cells),39,0,sumStdTotalWaitTimes,Sum of Std Total Wait Times (Final),9063309.882240817,6373374.452492435,0.7032060621672884,400,160,5,500,0,40,8,39,2,0
arrivals_gt_departures,defaultRoadLength,Default Road Length (cells),42,0,throughput,Network Throughput (Final),37471,41985,1.1204664940887619,400,160,5,500,0,40,8,42,2,0
arrivals_gt_departures,defaultRoadLength,Default Road Length (cells),42,0,totalVehiclesEntered,Total Vehicles Entered (Final),199064,199064,1,400,160,5,500,0,40,8,42,2,0
arrivals_gt_departures,defaultRoadLength,Default Road Length (cells),42,0,vehiclesInNetwork,Vehicles In Network (Final),161593,157079,0.9720656216544034,400,160,5,500,0,40,8,42,2,0
arrivals_gt_departures,defaultRoadLength,Default Road Length (cells),42,0,sumQueueSizes,Total Queue Size (Final),155328,148953,0.9589578182941904,400,160,5,500,0,40,8,42,2,0
arrivals_gt_departures,defaultRoadLength,Default Road Length (cells),42,0,sumAvgWaitTimes,Sum of Average Wait Times (Final),8067.803205573631,7429.068054648321,0.920829111140931,400,160,5,500,0,40,8,42,2,0
arrivals_gt_departures,defaultRoadLength,Default Road Length (cells),42,0,sumTotalWaitTimes,Sum of Total Wait Times (Final),28490699,23156284,0.8127664400231107,400,160,5,500,0,40,8,42,2,0
arrivals_gt_departures,defaultRoadLength,Default Road Length (cells),42,0,sumStdTotalWaitTimes,Sum of Std Total Wait Times (Final),9063523.9657894,6388026.991638027,0.7048061014402198,400,160,5,500,0,40,8,42,2,0
arrivals_gt_departures,defaultRoadLength,Default Road Length (cells),45,0,throughput,Network Throughput (Final),37088,41292,1.1133520276100086,400,160,5,500,0,40,8,45,2,0
arrivals_gt_departures,defaultRoadLength,Default Road Length (cells),45,0,totalVehiclesEntered,Total Vehicles Entered (Final),199064,199064,1,400,160,5,500,0,40,8,45,2,0
arrivals_gt_departures,defaultRoadLength,Default Road Length (cells),45,0,vehiclesInNetwork,Vehicles In Network (Final),161976,157772,0.9740455376105102,400,160,5,500,0,40,8,45,2,0
arrivals_gt_departures,defaultRoadLength,Default Road Length (cells),45,0,sumQueueSizes,Total Queue Size (Final),155424,148851,0.9577092340951204,400,160,5,500,0,40,8,45,2,0
arrivals_gt_departures,defaultRoadLength,Default Road Length (cells),45,0,sumAvgWaitTimes,Sum of Average Wait Times (Final),8016.816129534592,7384.213084068782,0.9210904883878714,400,160,5,500,0,40,8,45,2,0
arrivals_gt_departures,defaultRoadLength,Default Road Length (cells),45,0,sumTotalWaitTimes,Sum of Total Wait Times (Final),28443441,23097702,0.8120572331596588,400,160,5,500,0,40,8,45,2,0
arrivals_gt_departures,defaultRoadLength,Default Road Length (cells),45,0,sumStdTotalWaitTimes,Sum of Std Total Wait Times (Final),9074509.395311274,6341456.369404652,0.6988208500485141,400,160,5,500,0,40,8,45,2,0
arrivals_gt_departures,defaultRoadLength,Default Road Length (cells),49,0,throughput,Network Throughput (Final),36500,40603,1.1124109589041096,400,160,5,500,0,40,8,49,2,0
arrivals_gt_departures,defaultRoadLength,Default Road Length (cells),49,0,totalVehiclesEntered,Total Vehicles Entered (Final),199064,199064,1,400,160,5,500,0,40,8,49,2,0
arrivals_gt_departures,defaultRoadLength,Default Road Length (cells),49,0,vehiclesInNetwork,Vehicles In Network (Final),162564,158461,0.9747607096282079,400,160,5,500,0,40,8,49,2,0
arrivals_gt_departures,defaultRoadLength,Default Road Length (cells),49,0,sumQueueSizes,Total Queue Size (Final),155411,148838,0.9577056965079692,400,160,5,500,0,40,8,49,2,0
arrivals_gt_departures,defaultRoadLength,Default Road Length (cells),49,0,sumAvgWaitTimes,Sum of Average Wait Times (Final),8068.422243579142,7372.321909374568,0.9137253463948877,400,160,5,500,0,40,8,49,2,0
arrivals_gt_departures,defaultRoadLength,Default Road Length (cells),49,0,sumTotalWaitTimes,Sum of Total Wait Times (Final),28400904,23025413,0.8107281725961962,400,160,5,500,0,40,8,49,2,0
arrivals_gt_departures,defaultRoadLength,Default Road Length (cells),49,0,sumStdTotalWaitTimes,Sum of Std Total Wait Times (Final),9087274.768493187,6338632.5167138465,0.6975284315921364,400,160,5,500,0,40,8,49,2,0
arrivals_gt_departures,defaultRoadLength,Default Road Length (cells),52,0,throughput,Network Throughput (Final),36344,40607,1.117295839753467,400,160,5,500,0,40,8,52,2,0
arrivals_gt_departures,defaultRoadLength,Default Road Length (cells),52,0,totalVehiclesEntered,Total Vehicles Entered (Final),199064,199064,1,400,160,5,500,0,40,8,52,2,0
arrivals_gt_departures,defaultRoadLength,Default Road Length (cells),52,0,vehiclesInNetwork,Vehicles In Network (Final),162720,158457,0.973801622418879,400,160,5,500,0,40,8,52,2,0
arrivals_gt_departures,defaultRoadLength,Default Road Length (cells),52,0,sumQueueSizes,Total Queue Size (Final),155401,148583,0.95612640845297,400,160,5,500,0,40,8,52,2,0
arrivals_gt_departures,defaultRoadLength,Default Road Length (cells),52,0,sumAvgWaitTimes,Sum of Average Wait Times (Final),8004.989388237085,7403.470961024424,0.9248570612602484,400,160,5,500,0,40,8,52,2,0
arrivals_gt_departures,defaultRoadLength,Default Road Length (cells),52,0,sumTotalWaitTimes,Sum of Total Wait Times (Final),28377150,23008264,0.8108024942603468,400,160,5,500,0,40,8,52,2,0
arrivals_gt_departures,defaultRoadLength,Default Road Length (cells),52,0,sumStdTotalWaitTimes,Sum of Std Total Wait Times (Final),9090738.10141748,6319418.936541034,0.6951491579716365,400,160,5,500,0,40,8,52,2,0
arrivals_gt_departures,defaultRoadLength,Default Road Length (cells),56,0,throughput,Network Throughput (Final),36107,40122,1.1111972747666656,400,160,5,500,0,40,8,56,2,0
arrivals_gt_departures,defaultRoadLength,Default Road Length (cells),56,0,totalVehiclesEntered,Total Vehicles Entered (Final),199064,199064,1,400,160,5,500,0,40,8,56,2,0
arrivals_gt_departures,defaultRoadLength,Default Road Length (cells),56,0,vehiclesInNetwork,Vehicles In Network (Final),162957,158942,0.975361598458489,400,160,5,500,0,40,8,56,2,0
arrivals_gt_departures,defaultRoadLength,Default Road Length (cells),56,0,sumQueueSizes,Total Queue Size (Final),155260,148174,0.9543604276697153,400,160,5,500,0,40,8,56,2,0
arrivals_gt_departures,defaultRoadLength,Default Road Length (cells),56,0,sumAvgWaitTimes,Sum of Average Wait Times (Final),7919.966474175055,7274.670072853211,0.9185228367536672,400,160,5,500,0,40,8,56,2,0
arrivals_gt_departures,defaultRoadLength,Default Road Length (cells),56,0,sumTotalWaitTimes,Sum of Total Wait Times (Final),28345373,22920232,0.8086057643340944,400,160,5,500,0,40,8,56,2,0
arrivals_gt_departures,defaultRoadLength,Default Road Length (cells),56,0,sumStdTotalWaitTimes,Sum of Std Total Wait Times (Final),9088757.561690077,6311226.82491569,0.6943992929812622,400,160,5,500,0,40,8,56,2,0
arrivals_gt_departures,defaultRoadLength,Default Road Length (cells),59,0,throughput,Network Throughput (Final),35854,39547,1.1030010598538518,400,160,5,500,0,40,8,59,2,0
arrivals_gt_departures,defaultRoadLength,Default Road Length (cells),59,0,totalVehiclesEntered,Total Vehicles Entered (Final),199064,199064,1,400,160,5,500,0,40,8,59,2,0
arrivals_gt_departures,defaultRoadLength,Default Road Length (cells),59,0,vehiclesInNetwork,Vehicles In Network (Final),163210,159517,0.9773727100055144,400,160,5,500,0,40,8,59,2,0
arrivals_gt_departures,defaultRoadLength,Default Road Length (cells),59,0,sumQueueSizes,Total Queue Size (Final),154876,147978,0.9554611431080348,400,160,5,500,0,40,8,59,2,0
arrivals_gt_departures,defaultRoadLength,Default Road Length (cells),59,0,sumAvgWaitTimes,Sum of Average Wait Times (Final),7832.399941044964,7387.890275070374,0.943247322746483,400,160,5,500,0,40,8,59,2,0
arrivals_gt_departures,defaultRoadLength,Default Road Length (cells),59,0,sumTotalWaitTimes,Sum of Total Wait Times (Final),28286833,22858531,0.8080979231573927,400,160,5,500,0,40,8,59,2,0
arrivals_gt_departures,defaultRoadLength,Default Road Length (cells),59,0,sumStdTotalWaitTimes,Sum of Std Total Wait Times (Final),9096544.221071785,6284568.392307722,0.6908742748427219,400,160,5,500,0,40,8,59,2,0
arrivals_gt_departures,defaultRoadLength,Default Road Length (cells),62,0,throughput,Network Throughput (Final),35776,39324,1.0991726296958855,400,160,5,500,0,40,8,62,2,0
arrivals_gt_departures,defaultRoadLength,Default Road Length (cells),62,0,totalVehiclesEntered,Total Vehicles Entered (Final),199064,199064,1,400,160,5,500,0,40,8,62,2,0
arrivals_gt_departures,defaultRoadLength,Default Road Length (cells),62,0,vehiclesInNetwork,Vehicles In Network (Final),163288,159740,0.978271520258684,400,160,5,500,0,40,8,62,2,0
arrivals_gt_departures,defaultRoadLength,Default Road Length (cells),62,0,sumQueueSizes,Total Queue Size (Final),154596,147846,0.956337809516417,400,160,5,500,0,40,8,62,2,0
arrivals_gt_departures,defaultRoadLength,Default Road Length (cells),62,0,sumAvgWaitTimes,Sum of Average Wait Times (Final),7811.174178266819,7265.544044827828,0.9301474885866573,400,160,5,500,0,40,8,62,2,0
arrivals_gt_departures,defaultRoadLength,Default Road Length (cells),62,0,sumTotalWaitTimes,Sum of Total Wait Times (Final),28265297,22839618,0.8080445077226678,400,160,5,500,0,40,8,62,2,0
arrivals_gt_departures,defaultRoadLength,Default Road Length (cells),62,0,sumStdTotalWaitTimes,Sum of Std Total Wait Times (Final),9097520.821817698,6280518.3361717295,0.6903549284668603,400,160,5,500,0,40,8,62,2,0
arrivals_gt_departures,defaultRoadLength,Default Road Length (cells),66,0,throughput,Network Throughput (Final),35427,38644,1.090806447060152,400,160,5,500,0,40,8,66,2,0
arrivals_gt_departures,defaultRoadLength,Default Road Length (cells),66,0,totalVehiclesEntered,Total Vehicles Entered (Final),199064,199064,1,400,160,5,500,0,40,8,66,2,0
arrivals_gt_departures,defaultRoadLength,Default Road Length (cells),66,0,vehiclesInNetwork,Vehicles In Network (Final),163637,160420,0.9803406320086533,400,160,5,500,0,40,8,66,2,0
arrivals_gt_departures,defaultRoadLength,Default Road Length (cells),66,0,sumQueueSizes,Total Queue Size (Final),154169,147665,0.9578125304049452,400,160,5,500,0,40,8,66,2,0
arrivals_gt_departures,defaultRoadLength,Default Road Length (cells),66,0,sumAvgWaitTimes,Sum of Average Wait Times (Final),7729.444944869567,7298.319053981945,0.944222917174178,400,160,5,500,0,40,8,66,2,0
arrivals_gt_departures,defaultRoadLength,Default Road Length (cells),66,0,sumTotalWaitTimes,Sum of Total Wait Times (Final),28198418,22780287,0.8078569159447172,400,160,5,500,0,40,8,66,2,0
arrivals_gt_departures,defaultRoadLength,Default Road Length (cells),66,0,sumStdTotalWaitTimes,Sum of Std Total Wait Times (Final),9110800.946431251,6243348.4468555115,0.6852688894823308,400,160,5,500,0,40,8,66,2,0
arrivals_gt_departures,defaultRoadLength,Default Road Length (cells),69,0,throughput,Network Throughput (Final),35258,38226,1.084179476998128,400,160,5,500,0,40,8,69,2,0
arrivals_gt_departures,defaultRoadLength,Default Road Length (cells),69,0,totalVehiclesEntered,Total Vehicles Entered (Final),199064,199064,1,400,160,5,500,0,40,8,69,2,0
arrivals_gt_departures,defaultRoadLength,Default Road Length (cells),69,0,vehiclesInNetwork,Vehicles In Network (Final),163806,160838,0.9818810055797712,400,160,5,500,0,40,8,69,2,0
arrivals_gt_departures,defaultRoadLength,Default Road Length (cells),69,0,sumQueueSizes,Total Queue Size (Final),153706,147253,0.9580172537181372,400,160,5,500,0,40,8,69,2,0
arrivals_gt_departures,defaultRoadLength,Default Road Length (cells),69,0,sumAvgWaitTimes,Sum of Average Wait Times (Final),7669.5134989062135,7333.245765763942,0.9561552720142903,400,160,5,500,0,40,8,69,2,0
arrivals_gt_departures,defaultRoadLength,Default Road Length (cells),69,0,sumTotalWaitTimes,Sum of Total Wait Times (Final),28144527,22725316,0.8074506279675618,400,160,5,500,0,40,8,69,2,0
arrivals_gt_departures,defaultRoadLength,Default Road Length (cells),69,0,sumStdTotalWaitTimes,Sum of Std Total Wait Times (Final),9114171.708072593,6242851.73779951,0.6849609528718994,400,160,5,500,0,40,8,69,2,0
arrivals_gt_departures,defaultRoadLength,Default Road Length (cells),72,0,throughput,Network Throughput (Final),35083,38127,1.0867656699826127,400,160,5,500,0,40,8,72,2,0
arrivals_gt_departures,defaultRoadLength,Default Road Length (cells),72,0,totalVehiclesEntered,Total Vehicles Entered (Final),199064,199064,1,400,160,5,500,0,40,8,72,2,0
arrivals_gt_departures,defaultRoadLength,Default Road Length (cells),72,0,vehiclesInNetwork,Vehicles In Network (Final),163981,160937,0.9814368737841579,400,160,5,500,0,40,8,72,2,0
arrivals_gt_departures,defaultRoadLength,Default Road Length (cells),72,0,sumQueueSizes,Total Queue Size (Final),153427,147138,0.9590098222607494,400,160,5,500,0,40,8,72,2,0
arrivals_gt_departures,defaultRoadLength,Default Road Length (cells),72,0,sumAvgWaitTimes,Sum of Average Wait Times (Final),7668.491740834588,7240.704684262973,0.9442149680759704,400,160,5,500,0,40,8,72,2,0
arrivals_gt_departures,defaultRoadLength,Default Road Length (cells),72,0,sumTotalWaitTimes,Sum of Total Wait Times (Final),28141986,22688610,0.8062192199228583,400,160,5,500,0,40,8,72,2,0
arrivals_gt_departures,defaultRoadLength,Default Road Length (cells),72,0,sumStdTotalWaitTimes,Sum of Std Total Wait Times (Final),9112725.818343543,6240493.666856989,0.6848108668314296,400,160,5,500,0,40,8,72,2,0
arrivals_gt_departures,defaultRoadLength,Default Road Length (cells),76,0,throughput,Network Throughput (Final),35037,37525,1.071010645888632,400,160,5,500,0,40,8,76,2,0
arrivals_gt_departures,defaultRoadLength,Default Road Length (cells),76,0,totalVehiclesEntered,Total Vehicles Entered (Final),199064,199064,1,400,160,5,500,0,40,8,76,2,0
arrivals_gt_departures,defaultRoadLength,Default Road Length (cells),76,0,vehiclesInNetwork,Vehicles In Network (Final),164027,161539,0.984831765502021,400,160,5,500,0,40,8,76,2,0
arrivals_gt_departures,defaultRoadLength,Default Road Length (cells),76,0,sumQueueSizes,Total Queue Size (Final),152774,146892,0.9614986843311034,400,160,5,500,0,40,8,76,2,0
arrivals_gt_departures,defaultRoadLength,Default Road Length (cells),76,0,sumAvgWaitTimes,Sum of Average Wait Times (Final),7600.000907843699,7252.670205263579,0.9542985972249488,400,160,5,500,0,40,8,76,2,0
arrivals_gt_departures,defaultRoadLength,Default Road Length (cells),76,0,sumTotalWaitTimes,Sum of Total Wait Times (Final),28077483,22618473,0.8055733841954423,400,160,5,500,0,40,8,76,2,0
arrivals_gt_departures,defaultRoadLength,Default Road Length (cells),76,0,sumStdTotalWaitTimes,Sum of Std Total Wait Times (Final),9118213.939730432,6199401.357440283,0.6798920707955619,400,160,5,500,0,40,8,76,2,0
arrivals_gt_departures,defaultRoadLength,Default Road Length (cells),79,0,throughput,Network Throughput (Final),34629,37112,1.0717029079673106,400,160,5,500,0,40,8,79,2,0
arrivals_gt_departures,defaultRoadLength,Default Road Length (cells),79,0,totalVehiclesEntered,Total Vehicles Entered (Final),199064,199064,1,400,160,5,500,0,40,8,79,2,0
arrivals_gt_departures,defaultRoadLength,Default Road Length (cells),79,0,vehiclesInNetwork,Vehicles In Network (Final),164435,161952,0.9848998084349438,400,160,5,500,0,40,8,79,2,0
arrivals_gt_departures,defaultRoadLength,Default Road Length (cells),79,0,sumQueueSizes,Total Queue Size (Final),152267,146501,0.9621323070658777,400,160,5,500,0,40,8,79,2,0
arrivals_gt_departures,defaultRoadLength,Default Road Length (cells),79,0,sumAvgWaitTimes,Sum of Average Wait Times (Final),7620.350153995393,7281.234270185634,0.9554986480992663,400,160,5,500,0,40,8,79,2,0
arrivals_gt_departures,defaultRoadLength,Default Road Length (cells),79,0,sumTotalWaitTimes,Sum of Total Wait Times (Final),28043933,22541958,0.8038087239760557,400,160,5,500,0,40,8,79,2,0
arrivals_gt_departures,defaultRoadLength,Default Road Length (cells),79,0,sumStdTotalWaitTimes,Sum of Std Total Wait Times (Final),9124222.586366873,6201812.455778131,0.679708588548101,400,160,5,500,0,40,8,79,2,0
arrivals_gt_departures,defaultRoadLength,Default Road Length (cells),83,0,throughput,Network Throughput (Final),34140,36497,1.0690392501464558,400,160,5,500,0,40,8,83,2,0
arrivals_gt_departures,defaultRoadLength,Default Road Length (cells),83,0,totalVehiclesEntered,Total Vehicles Entered (Final),199064,199064,1,400,160,5,500,0,40,8,83,2,0
arrivals_gt_departures,defaultRoadLength,Default Road Length (cells),83,0,vehiclesInNetwork,Vehicles In Network (Final),164924,162567,0.9857085687953239,400,160,5,500,0,40,8,83,2,0
arrivals_gt_departures,defaultRoadLength,Default Road Length (cells),83,0,sumQueueSizes,Total Queue Size (Final),152412,146246,0.9595438679369078,400,160,5,500,0,40,8,83,2,0
arrivals_gt_departures,defaultRoadLength,Default Road Length (cells),83,0,sumAvgWaitTimes,Sum of Average Wait Times (Final),7579.341506270821,7221.383524577292,0.9527718890358259,400,160,5,500,0,40,8,83,2,0
arrivals_gt_departures,defaultRoadLength,Default Road Length (cells),83,0,sumTotalWaitTimes,Sum of Total Wait Times (Final),28005346,22485745,0.8029090231557932,400,160,5,500,0,40,8,83,2,0
arrivals_gt_departures,defaultRoadLength,Default Road Length (cells),83,0,sumStdTotalWaitTimes,Sum of Std Total Wait Times (Final),9128053.92335875,6186255.426212847,0.677718983493533,400,160,5,500,0,40,8,83,2,0
arrivals_gt_departures,defaultRoadLength,Default Road Length (cells),86,0,throughput,Network Throughput (Final),33902,36383,1.0731815232139696,400,160,5,500,0,40,8,86,2,0
arrivals_gt_departures,defaultRoadLength,Default Road Length (cells),86,0,totalVehiclesEntered,Total Vehicles Entered (Final),199064,199064,1,400,160,5,500,0,40,8,86,2,0
arrivals_gt_departures,defaultRoadLength,Default Road Length (cells),86,0,vehiclesInNetwork,Vehicles In Network (Final),165162,162681,0.9849783848585025,400,160,5,500,0,40,8,86,2,0
arrivals_gt_departures,defaultRoadLength,Default Road Length (cells),86,0,sumQueueSizes,Total Queue Size (Final),152507,145982,0.9572150786521274,400,160,5,500,0,40,8,86,2,0
arrivals_gt_departures,defaultRoadLength,Default Road Length (cells),86,0,sumAvgWaitTimes,Sum of Average Wait Times (Final),7540.401061704487,7220.612136640026,0.9575899315636437,400,160,5,500,0,40,8,86,2,0
arrivals_gt_departures,defaultRoadLength,Default Road Length (cells),86,0,sumTotalWaitTimes,Sum of Total Wait Times (Final),27975623,22441093,0.8021659785735603,400,160,5,500,0,40,8,86,2,0
arrivals_gt_departures,defaultRoadLength,Default Road Length (cells),86,0,sumStdTotalWaitTimes,Sum of Std Total Wait Times (Final),9139306.910147414,6179003.465135649,0.6760910346795634,400,160,5,500,0,40,8,86,2,0
arrivals_gt_departures,defaultRoadLength,Default Road Length (cells),89,0,throughput,Network Throughput (Final),33024,35616,1.0784883720930232,400,160,5,500,0,40,8,89,2,0
arrivals_gt_departures,defaultRoadLength,Default Road Length (cells),89,0,totalVehiclesEntered,Total Vehicles Entered (Final),199064,199064,1,400,160,5,500,0,40,8,89,2,0
arrivals_gt_departures,defaultRoadLength,Default Road Length (cells),89,0,vehiclesInNetwork,Vehicles In Network (Final),166040,163448,0.9843893037822211,400,160,5,500,0,40,8,89,2,0
arrivals_gt_departures,defaultRoadLength,Default Road Length (cells),89,0,sumQueueSizes,Total Queue Size (Final),152878,146063,0.9554219704601055,400,160,5,500,0,40,8,89,2,0
arrivals_gt_departures,defaultRoadLength,Default Road Length (cells),89,0,sumAvgWaitTimes,Sum of Average Wait Times (Final),7627.47888338554,7241.105469531625,0.9493445449327264,400,160,5,500,0,40,8,89,2,0
arrivals_gt_departures,defaultRoadLength,Default Road Length (cells),89,0,sumTotalWaitTimes,Sum of Total Wait Times (Final),27980190,22415560,0.8011225084604501,400,160,5,500,0,40,8,89,2,0
arrivals_gt_departures,defaultRoadLength,Default Road Length (cells),89,0,sumStdTotalWaitTimes,Sum of Std Total Wait Times (Final),9142131.61879393,6158182.463155651,0.673604660262818,400,160,5,500,0,40,8,89,2,0
arrivals_gt_departures,defaultRoadLength,Default Road Length (cells),93,0,throughput,Network Throughput (Final),33049,35469,1.0732246058882267,400,160,5,500,0,40,8,93,2,0
arrivals_gt_departures,defaultRoadLength,Default Road Length (cells),93,0,totalVehiclesEntered,Total Vehicles Entered (Final),199064,199064,1,400,160,5,500,0,40,8,93,2,0
arrivals_gt_departures,defaultRoadLength,Default Road Length (cells),93,0,vehiclesInNetwork,Vehicles In Network (Final),166015,163595,0.9854230039454266,400,160,5,500,0,40,8,93,2,0
arrivals_gt_departures,defaultRoadLength,Default Road Length (cells),93,0,sumQueueSizes,Total Queue Size (Final),152472,145517,0.9543850674222152,400,160,5,500,0,40,8,93,2,0
arrivals_gt_departures,defaultRoadLength,Default Road Length (cells),93,0,sumAvgWaitTimes,Sum of Average Wait Times (Final),7509.592792318342,7140.2313301318445,0.950814714938429,400,160,5,500,0,40,8,93,2,0
arrivals_gt_departures,defaultRoadLength,Default Road Length (cells),93,0,sumTotalWaitTimes,Sum of Total Wait Times (Final),27923148,22326125,0.7995561603584238,400,160,5,500,0,40,8,93,2,0
arrivals_gt_departures,defaultRoadLength,Default Road Length (cells),93,0,sumStdTotalWaitTimes,Sum of Std Total Wait Times (Final),9147445.435787018,6144818.517282938,0.6717524100491402,400,160,5,500,0,40,8,93,2,0
arrivals_gt_departures,defaultRoadLength,Default Road Length (cells),96,0,throughput,Network Throughput (Final),32883,35210,1.0707660493263997,400,160,5,500,0,40,8,96,2,0
arrivals_gt_departures,defaultRoadLength,Default Road Length (cells),96,0,totalVehiclesEntered,Total Vehicles Entered (Final),199064,199064,1,400,160,5,500,0,40,8,96,2,0
arrivals_gt_departures,defaultRoadLength,Default Road Length (cells),96,0,vehiclesInNetwork,Vehicles In Network (Final),166181,163854,0.9859971958286446,400,160,5,500,0,40,8,96,2,0
arrivals_gt_departures,defaultRoadLength,Default Road Length (cells),96,0,sumQueueSizes,Total Queue Size (Final),152373,145304,0.9536072663792141,400,160,5,500,0,40,8,96,2,0
arrivals_gt_departures,defaultRoadLength,Default Road Length (cells),96,0,sumAvgWaitTimes,Sum of Average Wait Times (Final),7462.468947440535,7186.950791048623,0.963079490402917,400,160,5,500,0,40,8,96,2,0
arrivals_gt_departures,defaultRoadLength,Default Road Length (cells),96,0,sumTotalWaitTimes,Sum of Total Wait Times (Final),27897973,22290801,0.7990114909065257,400,160,5,500,0,40,8,96,2,0
arrivals_gt_departures,defaultRoadLength,Default Road Length (cells),96,0,sumStdTotalWaitTimes,Sum of Std Total Wait Times (Final),9148989.617877856,6146278.266372916,0.6717985835684629,400,160,5,500,0,40,8,96,2,0
arrivals_gt_departures,defaultRoadLength,Default Road Length (cells),100,0,throughput,Network Throughput (Final),32784,34690,1.0581381161542216,400,160,5,500,0,40,8,100,2,0
arrivals_gt_departures,defaultRoadLength,Default Road Length (cells),100,0,totalVehiclesEntered,Total Vehicles Entered (Final),199064,199064,1,400,160,5,500,0,40,8,100,2,0
arrivals_gt_departures,defaultRoadLength,Default Road Length (cells),100,0,vehiclesInNetwork,Vehicles In Network (Final),166280,164374,0.9885374067837382,400,160,5,500,0,40,8,100,2,0
arrivals_gt_departures,defaultRoadLength,Default Road Length (cells),100,0,sumQueueSizes,Total Queue Size (Final),151872,145187,0.9559826696165191,400,160,5,500,0,40,8,100,2,0
arrivals_gt_departures,defaultRoadLength,Default Road Length (cells),100,0,sumAvgWaitTimes,Sum of Average Wait Times (Final),7343.665676756883,7121.6115654588275,0.9697624972224881,400,160,5,500,0,40,8,100,2,0
arrivals_gt_departures,defaultRoadLength,Default Road Length (cells),100,0,sumTotalWaitTimes,Sum of Total Wait Times (Final),27847761,22247439,0.7988950709538193,400,160,5,500,0,40,8,100,2,0
arrivals_gt_departures,defaultRoadLength,Default Road Length (cells),100,0,sumStdTotalWaitTimes,Sum of Std Total Wait Times (Final),9154083.725877834,6126837.718298252,0.6693010356654474,400,160,5,500,0,40,8,100,2,0
arrivals_gt_departures,fixedCycleInterval,Fixed Cycle Interval (steps),1,0,throughput,Network Throughput (Final),40538,45311,1.1177413784597168,400,160,5,500,0,40,8,1,2,0
arrivals_gt_departures,fixedCycleInterval,Fixed Cycle Interval (steps),1,0,totalVehiclesEntered,Total Vehicles Entered (Final),199064,199064,1,400,160,5,500,0,40,8,1,2,0
arrivals_gt_departures,fixedCycleInterval,Fixed Cycle Interval (steps),1,0,vehiclesInNetwork,Vehicles In Network (Final),158526,153753,0.9698913742856061,400,160,5,500,0,40,8,1,2,0
arrivals_gt_departures,fixedCycleInterval,Fixed Cycle Interval (steps),1,0,sumQueueSizes,Total Queue Size (Final),156884,151493,0.9656370311822748,400,160,5,500,0,40,8,1,2,0
arrivals_gt_departures,fixedCycleInterval,Fixed Cycle Interval (steps),1,0,sumAvgWaitTimes,Sum of Average Wait Times (Final),8164.533952945029,7518.737850144482,0.9209022699247148,400,160,5,500,0,40,8,1,2,0
arrivals_gt_departures,fixedCycleInterval,Fixed Cycle Interval (steps),1,0,sumTotalWaitTimes,Sum of Total Wait Times (Final),28781932,23743051,0.8249290214430358,400,160,5,500,0,40,8,1,2,0
arrivals_gt_departures,fixedCycleInterval,Fixed Cycle Interval (steps),1,0,sumStdTotalWaitTimes,Sum of Std Total Wait Times (Final),9027167.046527782,6520444.586604834,0.722313495806291,400,160,5,500,0,40,8,1,2,0
arrivals_gt_departures,fixedCycleInterval,Fixed Cycle Interval (steps),2,0,throughput,Network Throughput (Final),40617,45538,1.1211561661373317,400,160,5,500,0,40,8,2,2,0
arrivals_gt_departures,fixedCycleInterval,Fixed Cycle Interval (steps),2,0,totalVehiclesEntered,Total Vehicles Entered (Final),199064,199064,1,400,160,5,500,0,40,8,2,2,0
arrivals_gt_departures,fixedCycleInterval,Fixed Cycle Interval (steps),2,0,vehiclesInNetwork,Vehicles In Network (Final),158447,153526,0.9689422961621236,400,160,5,500,0,40,8,2,2,0
arrivals_gt_departures,fixedCycleInterval,Fixed Cycle Interval (steps),2,0,sumQueueSizes,Total Queue Size (Final),156454,151409,0.9677541002467179,400,160,5,500,0,40,8,2,2,0
arrivals_gt_departures,fixedCycleInterval,Fixed Cycle Interval (steps),2,0,sumAvgWaitTimes,Sum of Average Wait Times (Final),8024.661617159705,7556.092710407529,0.9416088890589228,400,160,5,500,0,40,8,2,2,0
arrivals_gt_departures,fixedCycleInterval,Fixed Cycle Interval (steps),2,0,sumTotalWaitTimes,Sum of Total Wait Times (Final),28691811,23742675,0.8275070193373294,400,160,5,500,0,40,8,2,2,0
arrivals_gt_departures,fixedCycleInterval,Fixed Cycle Interval (steps),2,0,sumStdTotalWaitTimes,Sum of Std Total Wait Times (Final),9008433.832867542,6492472.835594885,0.7207104981896967,400,160,5,500,0,40,8,2,2,0
arrivals_gt_departures,fixedCycleInterval,Fixed Cycle Interval (steps),4,0,throughput,Network Throughput (Final),39913,45445,1.1386014581715231,400,160,5,500,0,40,8,4,2,0
arrivals_gt_departures,fixedCycleInterval,Fixed Cycle Interval (steps),4,0,totalVehiclesEntered,Total Vehicles Entered (Final),199064,199064,1,400,160,5,500,0,40,8,4,2,0
arrivals_gt_departures,fixedCycleInterval,Fixed Cycle Interval (steps),4,0,vehiclesInNetwork,Vehicles In Network (Final),159151,153619,0.9652405577093452,400,160,5,500,0,40,8,4,2,0
arrivals_gt_departures,fixedCycleInterval,Fixed Cycle Interval (steps),4,0,sumQueueSizes,Total Queue Size (Final),157274,151355,0.962365044444727,400,160,5,500,0,40,8,4,2,0
arrivals_gt_departures,fixedCycleInterval,Fixed Cycle Interval (steps),4,0,sumAvgWaitTimes,Sum of Average Wait Times (Final),8248.077238392778,7522.406667722018,0.9120194258980819,400,160,5,500,0,40,8,4,2,0
arrivals_gt_departures,fixedCycleInterval,Fixed Cycle Interval (steps),4,0,sumTotalWaitTimes,Sum of Total Wait Times (Final),28741795,23746377,0.8261967284924271,400,160,5,500,0,40,8,4,2,0
arrivals_gt_departures,fixedCycleInterval,Fixed Cycle Interval (steps),4,0,sumStdTotalWaitTimes,Sum of Std Total Wait Times (Final),9016623.309883423,6513631.885844578,0.7224025737777875,400,160,5,500,0,40,8,4,2,0
arrivals_gt_departures,fixedCycleInterval,Fixed Cycle Interval (steps),5,0,throughput,Network Throughput (Final),39653,45186,1.13953547020402,400,160,5,500,0,40,8,5,2,0
arrivals_gt_departures,fixedCycleInterval,Fixed Cycle Interval (steps),5,0,totalVehiclesEntered,Total Vehicles Entered (Final),199064,199064,1,400,160,5,500,0,40,8,5,2,0
arrivals_gt_departures,fixedCycleInterval,Fixed Cycle Interval (steps),5,0,vehiclesInNetwork,Vehicles In Network (Final),159411,153878,0.9652909774105928,400,160,5,500,0,40,8,5,2,0
arrivals_gt_departures,fixedCycleInterval,Fixed Cycle Interval (steps),5,0,sumQueueSizes,Total Queue Size (Final),158196,151631,0.9585008470504943,400,160,5,500,0,40,8,5,2,0
arrivals_gt_departures,fixedCycleInterval,Fixed Cycle Interval (steps),5,0,sumAvgWaitTimes,Sum of Average Wait Times (Final),8482.29991760881,7585.735724005259,0.8943017575053752,400,160,5,500,0,40,8,5,2,0
arrivals_gt_departures,fixedCycleInterval,Fixed Cycle Interval (steps),5,0,sumTotalWaitTimes,Sum of Total Wait Times (Final),28859351,23738339,0.8225527663459931,400,160,5,500,0,40,8,5,2,0
arrivals_gt_departures,fixedCycleInterval,Fixed Cycle Interval (steps),5,0,sumStdTotalWaitTimes,Sum of Std Total Wait Times (Final),9029465.74203942,6497789.696250929,0.7196206156471135,400,160,5,500,0,40,8,5,2,0
arrivals_gt_departures,fixedCycleInterval,Fixed Cycle Interval (steps),7,0,throughput,Network Throughput (Final),39371,45348,1.1518122475934063,400,160,5,500,0,40,8,7,2,0
arrivals_gt_departures,fixedCycleInterval,Fixed Cycle Interval (steps),7,0,totalVehiclesEntered,Total Vehicles Entered (Final),199064,199064,1,400,160,5,500,0,40,8,7,2,0
arrivals_gt_departures,fixedCycleInterval,Fixed Cycle Interval (steps),7,0,vehiclesInNetwork,Vehicles In Network (Final),159693,153716,0.9625719349000895,400,160,5,500,0,40,8,7,2,0
arrivals_gt_departures,fixedCycleInterval,Fixed Cycle Interval (steps),7,0,sumQueueSizes,Total Queue Size (Final),158373,151398,0.955958402000341,400,160,5,500,0,40,8,7,2,0
arrivals_gt_departures,fixedCycleInterval,Fixed Cycle Interval (steps),7,0,sumAvgWaitTimes,Sum of Average Wait Times (Final),8409.565913573955,7577.664403544468,0.9010767596592938,400,160,5,500,0,40,8,7,2,0
arrivals_gt_departures,fixedCycleInterval,Fixed Cycle Interval (steps),7,0,sumTotalWaitTimes,Sum of Total Wait Times (Final),28803111,23721476,0.8235733980263451,400,160,5,500,0,40,8,7,2,0
arrivals_gt_departures,fixedCycleInterval,Fixed Cycle Interval (steps),7,0,sumStdTotalWaitTimes,Sum of Std Total Wait Times (Final),9017169.806019897,6484944.353624275,0.7191773575445924,400,160,5,500,0,40,8,7,2,0
arrivals_gt_departures,fixedCycleInterval,Fixed Cycle Interval (steps),8,0,throughput,Network Throughput (Final),39231,45273,1.1540108587596543,400,160,5,500,0,40,8,8,2,0
arrivals_gt_departures,fixedCycleInterval,Fixed Cycle Interval (steps),8,0,totalVehiclesEntered,Total Vehicles Entered (Final),199064,199064,1,400,160,5,500,0,40,8,8,2,0
arrivals_gt_departures,fixedCycleInterval,Fixed Cycle Interval (steps),8,0,vehiclesInNetwork,Vehicles In Network (Final),159833,153791,0.9621980442086427,400,160,5,500,0,40,8,8,2,0
arrivals_gt_departures,fixedCycleInterval,Fixed Cycle Interval (steps),8,0,sumQueueSizes,Total Queue Size (Final),157867,151584,0.9602006752519526,400,160,5,500,0,40,8,8,2,0
arrivals_gt_departures,fixedCycleInterval,Fixed Cycle Interval (steps),8,0,sumAvgWaitTimes,Sum of Average Wait Times (Final),8132.223103093539,7554.882485834665,0.9290058069066931,400,160,5,500,0,40,8,8,2,0
arrivals_gt_departures,fixedCycleInterval,Fixed Cycle Interval (steps),8,0,sumTotalWaitTimes,Sum of Total Wait Times (Final),28648072,23765185,0.829556173972196,400,160,5,500,0,40,8,8,2,0
arrivals_gt_departures,fixedCycleInterval,Fixed Cycle Interval (steps),8,0,sumStdTotalWaitTimes,Sum of Std Total Wait Times (Final),8989188.95893172,6507840.926233685,0.7239630800916081,400,160,5,500,0,40,8,8,2,0
arrivals_gt_departures,fixedCycleInterval,Fixed Cycle Interval (steps),10,0,throughput,Network Throughput (Final),39084,45243,1.157583665950261,400,160,5,500,0,40,8,10,2,0
arrivals_gt_departures,fixedCycleInterval,Fixed Cycle Interval (steps),10,0,totalVehiclesEntered,Total Vehicles Entered (Final),199064,199064,1,400,160,5,500,0,40,8,10,2,0
arrivals_gt_departures,fixedCycleInterval,Fixed Cycle Interval (steps),10,0,vehiclesInNetwork,Vehicles In Network (Final),159980,153821,0.96150143767971,400,160,5,500,0,40,8,10,2,0
arrivals_gt_departures,fixedCycleInterval,Fixed Cycle Interval (steps),10,0,sumQueueSizes,Total Queue Size (Final),157559,151518,0.961658807176994,400,160,5,500,0,40,8,10,2,0
arrivals_gt_departures,fixedCycleInterval,Fixed Cycle Interval (steps),10,0,sumAvgWaitTimes,Sum of Average Wait Times (Final),7906.486866426496,7532.495802680304,0.9526981995841568,400,160,5,500,0,40,8,10,2,0
arrivals_gt_departures,fixedCycleInterval,Fixed Cycle Interval (steps),10,0,sumTotalWaitTimes,Sum of Total Wait Times (Final),28438415,23738625,0.8347379767824613,400,160,5,500,0,40,8,10,2,0
arrivals_gt_departures,fixedCycleInterval,Fixed Cycle Interval (steps),10,0,sumStdTotalWaitTimes,Sum of Std Total Wait Times (Final),8978578.192349281,6507147.073819459,0.7247413715641806,400,160,5,500,0,40,8,10,2,0
arrivals_gt_departures,fixedCycleInterval,Fixed Cycle Interval (steps),11,0,throughput,Network Throughput (Final),38919,45360,1.1654975718800586,400,160,5,500,0,40,8,11,2,0
arrivals_gt_departures,fixedCycleInterval,Fixed Cycle Interval (steps),11,0,totalVehiclesEntered,Total Vehicles Entered (Final),199064,199064,1,400,160,5,500,0,40,8,11,2,0
arrivals_gt_departures,fixedCycleInterval,Fixed Cycle Interval (steps),11,0,vehiclesInNetwork,Vehicles In Network (Final),160145,153704,0.95978019919448,400,160,5,500,0,40,8,11,2,0
arrivals_gt_departures,fixedCycleInterval,Fixed Cycle Interval (steps),11,0,sumQueueSizes,Total Queue Size (Final),157708,151406,0.9600400740609227,400,160,5,500,0,40,8,11,2,0
arrivals_gt_departures,fixedCycleInterval,Fixed Cycle Interval (steps),11,0,sumAvgWaitTimes,Sum of Average Wait Times (Final),8277.909731462107,7508.8254724482695,0.9070919732199114,400,160,5,500,0,40,8,11,2,0
arrivals_gt_departures,fixedCycleInterval,Fixed Cycle Interval (steps),11,0,sumTotalWaitTimes,Sum of Total Wait Times (Final),28567265,23733552,0.8307953876578664,400,160,5,500,0,40,8,11,2,0
arrivals_gt_departures,fixedCycleInterval,Fixed Cycle Interval (steps),11,0,sumStdTotalWaitTimes,Sum of Std Total Wait Times (Final),8977259.676767284,6523554.640652686,0.7266754973720245,400,160,5,500,0,40,8,11,2,0
arrivals_gt_departures,fixedCycleInterval,Fixed Cycle Interval (steps),13,0,throughput,Network Throughput (Final),39050,45201,1.1575160051216389,400,160,5,500,0,40,8,13,2,0
arrivals_gt_departures,fixedCycleInterval,Fixed Cycle Interval (steps),13,0,totalVehiclesEntered,Total Vehicles Entered (Final),199064,199064,1,400,160,5,500,0,40,8,13,2,0
arrivals_gt_departures,fixedCycleInterval,Fixed Cycle Interval (steps),13,0,vehiclesInNetwork,Vehicles In Network (Final),160014,153863,0.9615596135338158,400,160,5,500,0,40,8,13,2,0
arrivals_gt_departures,fixedCycleInterval,Fixed Cycle Interval (steps),13,0,sumQueueSizes,Total Queue Size (Final),158237,151621,0.9581892983309845,400,160,5,500,0,40,8,13,2,0
arrivals_gt_departures,fixedCycleInterval,Fixed Cycle Interval (steps),13,0,sumAvgWaitTimes,Sum of Average Wait Times (Final),8056.458347927865,7596.386255400641,0.9428940022205221,400,160,5,500,0,40,8,13,2,0
arrivals_gt_departures,fixedCycleInterval,Fixed Cycle Interval (steps),13,0,sumTotalWaitTimes,Sum of Total Wait Times (Final),28518703,23772257,0.8335672558461021,400,160,5,500,0,40,8,13,2,0
arrivals_gt_departures,fixedCycleInterval,Fixed Cycle Interval (steps),13,0,sumStdTotalWaitTimes,Sum of Std Total Wait Times (Final),8965822.484873924,6497884.151575731,0.7247393267642978,400,160,5,500,0,40,8,13,2,0
arrivals_gt_departures,fixedCycleInterval,Fixed Cycle Interval (steps),14,0,throughput,Network Throughput (Final),38449,45557,1.1848682670550599,400,160,5,500,0,40,8,14,2,0
arrivals_gt_departures,fixedCycleInterval,Fixed Cycle Interval (steps),14,0,totalVehiclesEntered,Total Vehicles Entered (Final),199064,199064,1,400,160,5,500,0,40,8,14,2,0
arrivals_gt_departures,fixedCycleInterval,Fixed Cycle Interval (steps),14,0,vehiclesInNetwork,Vehicles In Network (Final),160615,153507,0.9557451047536033,400,160,5,500,0,40,8,14,2,0
arrivals_gt_departures,fixedCycleInterval,Fixed Cycle Interval (steps),14,0,sumQueueSizes,Total Queue Size (Final),159709,151254,0.9470599653119111,400,160,5,500,0,40,8,14,2,0
arrivals_gt_departures,fixedCycleInterval,Fixed Cycle Interval (steps),14,0,sumAvgWaitTimes,Sum of Average Wait Times (Final),8834.395066023768,7515.821081324977,0.8507454132575643,400,160,5,500,0,40,8,14,2,0
arrivals_gt_departures,fixedCycleInterval,Fixed Cycle Interval (steps),14,0,sumTotalWaitTimes,Sum of Total Wait Times (Final),28968960,23724126,0.8189498691012725,400,160,5,500,0,40,8,14,2,0
arrivals_gt_departures,fixedCycleInterval,Fixed Cycle Interval (steps),14,0,sumStdTotalWaitTimes,Sum of Std Total Wait Times (Final),8990391.854515366,6519761.058948298,0.7251920900059312,400,160,5,500,0,40,8,14,2,0
arrivals_gt_departures,fixedCycleInterval,Fixed Cycle Interval (steps),16,0,throughput,Network Throughput (Final),38335,45253,1.1804617190556932,400,160,5,500,0,40,8,16,2,0
arrivals_gt_departures,fixedCycleInterval,Fixed Cycle Interval (steps),16,0,totalVehiclesEntered,Total Vehicles Entered (Final),199064,199064,1,400,160,5,500,0,40,8,16,2,0
arrivals_gt_departures,fixedCycleInterval,Fixed Cycle Interval (steps),16,0,vehiclesInNetwork,Vehicles In Network (Final),160729,153811,0.956958607345283,400,160,5,500,0,40,8,16,2,0
arrivals_gt_departures,fixedCycleInterval,Fixed Cycle Interval (steps),16,0,sumQueueSizes,Total Queue Size (Final),159094,151600,0.9528957723107094,400,160,5,500,0,40,8,16,2,0
arrivals_gt_departures,fixedCycleInterval,Fixed Cycle Interval (steps),16,0,sumAvgWaitTimes,Sum of Average Wait Times (Final),8728.033650746973,7572.738223728475,0.8676339398714825,400,160,5,500,0,40,8,16,2,0
arrivals_gt_departures,fixedCycleInterval,Fixed Cycle Interval (steps),16,0,sumTotalWaitTimes,Sum of Total Wait Times (Final),28806094,23795416,0.8260549312933576,400,160,5,500,0,40,8,16,2,0
arrivals_gt_departures,fixedCycleInterval,Fixed Cycle Interval (steps),16,0,sumStdTotalWaitTimes,Sum of Std Total Wait Times (Final),8984703.755093765,6507576.548002606,0.7242950602921346,400,160,5,500,0,40,8,16,2,0
arrivals_gt_departures,fixedCycleInterval,Fixed Cycle Interval (steps),17,0,throughput,Network Throughput (Final),38539,45493,1.18044059264641,400,160,5,500,0,40,8,17,2,0
arrivals_gt_departures,fixedCycleInterval,Fixed Cycle Interval (steps),17,0,totalVehiclesEntered,Total Vehicles Entered (Final),199064,199064,1,400,160,5,500,0,40,8,17,2,0
arrivals_gt_departures,fixedCycleInterval,Fixed Cycle Interval (steps),17,0,vehiclesInNetwork,Vehicles In Network (Final),160525,153571,0.9566796449151223,400,160,5,500,0,40,8,17,2,0
arrivals_gt_departures,fixedCycleInterval,Fixed Cycle Interval (steps),17,0,sumQueueSizes,Total Queue Size (Final),158078,151196,0.956464530168651,400,160,5,500,0,40,8,17,2,0
arrivals_gt_departures,fixedCycleInterval,Fixed Cycle Interval (steps),17,0,sumAvgWaitTimes,Sum of Average Wait Times (Final),8259.893325233454,7554.544703692206,0.9146056015776315,400,160,5,500,0,40,8,17,2,0
arrivals_gt_departures,fixedCycleInterval,Fixed Cycle Interval (steps),17,0,sumTotalWaitTimes,Sum of Total Wait Times (Final),28452195,23724062,0.8338218545177271,400,160,5,500,0,40,8,17,2,0
arrivals_gt_departures,fixedCycleInterval,Fixed Cycle Interval (steps),17,0,sumStdTotalWaitTimes,Sum of Std Total Wait Times (Final),8953421.72940091,6521853.196797979,0.7284201944136912,400,160,5,500,0,40,8,17,2,0
arrivals_gt_departures,fixedCycleInterval,Fixed Cycle Interval (steps),19,0,throughput,Network Throughput (Final),38573,45333,1.1752521193581003,400,160,5,500,0,40,8,19,2,0
arrivals_gt_departures,fixedCycleInterval,Fixed Cycle Interval (steps),19,0,totalVehiclesEntered,Total Vehicles Entered (Final),199064,199064,1,400,160,5,500,0,40,8,19,2,0
arrivals_gt_departures,fixedCycleInterval,Fixed Cycle Interval (steps),19,0,vehiclesInNetwork,Vehicles In Network (Final),160491,153731,0.9578792580269299,400,160,5,500,0,40,8,19,2,0
arrivals_gt_departures,fixedCycleInterval,Fixed Cycle Interval (steps),19,0,sumQueueSizes,Total Queue Size (Final),158410,151514,0.9564673947351808,400,160,5,500,0,40,8,19,2,0
arrivals_gt_departures,fixedCycleInterval,Fixed Cycle Interval (steps),19,0,sumAvgWaitTimes,Sum of Average Wait Times (Final),7988.572626795223,7544.127412255162,0.9443648777693645,400,160,5,500,0,40,8,19,2,0
arrivals_gt_departures,fixedCycleInterval,Fixed Cycle Interval (steps),19,0,sumTotalWaitTimes,Sum of Total Wait Times (Final),28304436,23727468,0.8382950290901398,400,160,5,500,0,40,8,19,2,0
arrivals_gt_departures,fixedCycleInterval,Fixed Cycle Interval (steps),19,0,sumStdTotalWaitTimes,Sum of Std Total Wait Times (Final),8936910.699495733,6516230.919071405,0.7291368503255924,400,160,5,500,0,40,8,19,2,0
arrivals_gt_departures,fixedCycleInterval,Fixed Cycle Interval (steps),20,0,throughput,Network Throughput (Final),37934,45410,1.197079137449254,400,160,5,500,0,40,8,20,2,0
arrivals_gt_departures,fixedCycleInterval,Fixed Cycle Interval (steps),20,0,totalVehiclesEntered,Total Vehicles Entered (Final),199064,199064,1,400,160,5,500,0,40,8,20,2,0
arrivals_gt_departures,fixedCycleInterval,Fixed Cycle Interval (steps),20,0,vehiclesInNetwork,Vehicles In Network (Final),161130,153654,0.9536026810649786,400,160,5,500,0,40,8,20,2,0
arrivals_gt_departures,fixedCycleInterval,Fixed Cycle Interval (steps),20,0,sumQueueSizes,Total Queue Size (Final),158736,151376,0.9536337062796089,400,160,5,500,0,40,8,20,2,0
arrivals_gt_departures,fixedCycleInterval,Fixed Cycle Interval (steps),20,0,sumAvgWaitTimes,Sum of Average Wait Times (Final),8868.844315943645,7498.024087383253,0.8454341761196497,400,160,5,500,0,40,8,20,2,0
arrivals_gt_departures,fixedCycleInterval,Fixed Cycle Interval (steps),20,0,sumTotalWaitTimes,Sum of Total Wait Times (Final),28698905,23721780,0.8265743936920241,400,160,5,500,0,40,8,20,2,0
arrivals_gt_departures,fixedCycleInterval,Fixed Cycle Interval (steps),20,0,sumStdTotalWaitTimes,Sum of Std Total Wait Times (Final),8959320.796389837,6522174.256387993,0.727976417477551,400,160,5,500,0,40,8,20,2,0
arrivals_gt_departures,fixedCycleInterval,Fixed Cycle Interval (steps),22,0,throughput,Network Throughput (Final),38156,45385,1.1894590627948423,400,160,5,500,0,40,8,22,2,0
arrivals_gt_departures,fixedCycleInterval,Fixed Cycle Interval (steps),22,0,totalVehiclesEntered,Total Vehicles Entered (Final),199064,199064,1,400,160,5,500,0,40,8,22,2,0
arrivals_gt_departures,fixedCycleInterval,Fixed Cycle Interval (steps),22,0,vehiclesInNetwork,Vehicles In Network (Final),160908,153679,0.9550737067143958,400,160,5,500,0,40,8,22,2,0
arrivals_gt_departures,fixedCycleInterval,Fixed Cycle Interval (steps),22,0,sumQueueSizes,Total Queue Size (Final),160100,151411,0.9457276702061211,400,160,5,500,0,40,8,22,2,0
arrivals_gt_departures,fixedCycleInterval,Fixed Cycle Interval (steps),22,0,sumAvgWaitTimes,Sum of Average Wait Times (Final),8415.893690059087,7587.398066476938,0.90155583541166,400,160,5,500,0,40,8,22,2,0
arrivals_gt_departures,fixedCycleInterval,Fixed Cycle Interval (steps),22,0,sumTotalWaitTimes,Sum of Total Wait Times (Final),28497443,23745591,0.8332533904884027,400,160,5,500,0,40,8,22,2,0
arrivals_gt_departures,fixedCycleInterval,Fixed Cycle Interval (steps),22,0,sumStdTotalWaitTimes,Sum of Std Total Wait Times (Final),8943537.659436509,6510849.0391082,0.7279948144723772,400,160,5,500,0,40,8,22,2,0
arrivals_gt_departures,fixedCycleInterval,Fixed Cycle Interval (steps),23,0,throughput,Network Throughput (Final),38181,45485,1.191299337366753,400,160,5,500,0,40,8,23,2,0
arrivals_gt_departures,fixedCycleInterval,Fixed Cycle Interval (steps),23,0,totalVehiclesEntered,Total Vehicles Entered (Final),199064,199064,1,400,160,5,500,0,40,8,23,2,0
arrivals_gt_departures,fixedCycleInterval,Fixed Cycle Interval (steps),23,0,vehiclesInNetwork,Vehicles In Network (Final),160883,153579,0.9546005482244861,400,160,5,500,0,40,8,23,2,0
arrivals_gt_departures,fixedCycleInterval,Fixed Cycle Interval (steps),23,0,sumQueueSizes,Total Queue Size (Final),158433,151422,0.9557478555603947,400,160,5,500,0,40,8,23,2,0
arrivals_gt_departures,fixedCycleInterval,Fixed Cycle Interval (steps),23,0,sumAvgWaitTimes,Sum of Average Wait Times (Final),7822.0341317062075,7570.686898734933,0.967866768574628,400,160,5,500,0,40,8,23,2,0
arrivals_gt_departures,fixedCycleInterval,Fixed Cycle Interval (steps),23,0,sumTotalWaitTimes,Sum of Total Wait Times (Final),28169090,23735977,0.8426249126258605,400,160,5,500,0,40,8,23,2,0
arrivals_gt_departures,fixedCycleInterval,Fixed Cycle Interval (steps),23,0,sumStdTotalWaitTimes,Sum of Std Total Wait Times (Final),8912687.68501821,6509694.275216192,0.730385098779874,400,160,5,500,0,40,8,23,2,0
arrivals_gt_departures,fixedCycleInterval,Fixed Cycle Interval (steps),25,0,throughput,Network Throughput (Final),37114,45388,1.2229347416069407,400,160,5,500,0,40,8,25,2,0
arrivals_gt_departures,fixedCycleInterval,Fixed Cycle Interval (steps),25,0,totalVehiclesEntered,Total Vehicles Entered (Final),199064,199064,1,400,160,5,500,0,40,8,25,2,0
arrivals_gt_departures,fixedCycleInterval,Fixed Cycle Interval (steps),25,0,vehiclesInNetwork,Vehicles In Network (Final),161950,153676,0.9489101574560049,400,160,5,500,0,40,8,25,2,0
arrivals_gt_departures,fixedCycleInterval,Fixed Cycle Interval (steps),25,0,sumQueueSizes,Total Queue Size (Final),161221,151327,0.9386308235279524,400,160,5,500,0,40,8,25,2,0
arrivals_gt_departures,fixedCycleInterval,Fixed Cycle Interval (steps),25,0,sumAvgWaitTimes,Sum of Average Wait Times (Final),9826.261789992459,7544.613850090242,0.7678010225388094,400,160,5,500,0,40,8,25,2,0
arrivals_gt_departures,fixedCycleInterval,Fixed Cycle Interval (steps),25,0,sumTotalWaitTimes,Sum of Total Wait Times (Final),29294506,23709586,0.8093526478992341,400,160,5,500,0,40,8,25,2,0
arrivals_gt_departures,fixedCycleInterval,Fixed Cycle Interval (steps),25,0,sumStdTotalWaitTimes,Sum of Std Total Wait Times (Final),8981669.151018476,6522698.5977879455,0.7262234322056167,400,160,5,500,0,40,8,25,2,0
arrivals_gt_departures,fixedCycleInterval,Fixed Cycle Interval (steps),26,0,throughput,Network Throughput (Final),37487,45381,1.2105796676181075,400,160,5,500,0,40,8,26,2,0
arrivals_gt_departures,fixedCycleInterval,Fixed Cycle Interval (steps),26,0,totalVehiclesEntered,Total Vehicles Entered (Final),199064,199064,1,400,160,5,500,0,40,8,26,2,0
arrivals_gt_departures,fixedCycleInterval,Fixed Cycle Interval (steps),26,0,vehiclesInNetwork,Vehicles In Network (Final),161577,153683,0.9511440365893661,400,160,5,500,0,40,8,26,2,0
arrivals_gt_departures,fixedCycleInterval,Fixed Cycle Interval (steps),26,0,sumQueueSizes,Total Queue Size (Final),159413,151432,0.9499350743038523,400,160,5,500,0,40,8,26,2,0
arrivals_gt_departures,fixedCycleInterval,Fixed Cycle Interval (steps),26,0,sumAvgWaitTimes,Sum of Average Wait Times (Final),9245.864141903625,7520.262333044898,0.8133650048957518,400,160,5,500,0,40,8,26,2,0
arrivals_gt_departures,fixedCycleInterval,Fixed Cycle Interval (steps),26,0,sumTotalWaitTimes,Sum of Total Wait Times (Final),28777478,23739942,0.8249486629787364,400,160,5,500,0,40,8,26,2,0
arrivals_gt_departures,fixedCycleInterval,Fixed Cycle Interval (steps),26,0,sumStdTotalWaitTimes,Sum of Std Total Wait Times (Final),8958602.709081138,6511969.990131537,0.7268957226477403,400,160,5,500,0,40,8,26,2,0
arrivals_gt_departures,fixedCycleInterval,Fixed Cycle Interval (steps),28,0,throughput,Network Throughput (Final),37902,45465,1.199540921323413,400,160,5,500,0,40,8,28,2,0
arrivals_gt_departures,fixedCycleInterval,Fixed Cycle Interval (steps),28,0,totalVehiclesEntered,Total Vehicles Entered (Final),199064,199064,1,400,160,5,500,0,40,8,28,2,0
arrivals_gt_departures,fixedCycleInterval,Fixed Cycle Interval (steps),28,0,vehiclesInNetwork,Vehicles In Network (Final),161162,153599,0.9530720641342252,400,160,5,500,0,40,8,28,2,0
arrivals_gt_departures,fixedCycleInterval,Fixed Cycle Interval (steps),28,0,sumQueueSizes,Total Queue Size (Final),158719,151431,0.954082371990751,400,160,5,500,0,40,8,28,2,0
arrivals_gt_departures,fixedCycleInterval,Fixed Cycle Interval (steps),28,0,sumAvgWaitTimes,Sum of Average Wait Times (Final),7849.301508746451,7580.3868120701,0.9657403023215887,400,160,5,500,0,40,8,28,2,0
arrivals_gt_departures,fixedCycleInterval,Fixed Cycle Interval (steps),28,0,sumTotalWaitTimes,Sum of Total Wait Times (Final),27981773,23738728,0.848363968930775,400,160,5,500,0,40,8,28,2,0
arrivals_gt_departures,fixedCycleInterval,Fixed Cycle Interval (steps),28,0,sumStdTotalWaitTimes,Sum of Std Total Wait Times (Final),8892478.717502369,6498555.691754894,0.7307923806400904,400,160,5,500,0,40,8,28,2,0
arrivals_gt_departures,fixedCycleInterval,Fixed Cycle Interval (steps),30,0,throughput,Network Throughput (Final),36788,45209,1.228906165053822,400,160,5,500,0,40,8,30,2,0
arrivals_gt_departures,fixedCycleInterval,Fixed Cycle Interval (steps),30,0,totalVehiclesEntered,Total Vehicles Entered (Final),199064,199064,1,400,160,5,500,0,40,8,30,2,0
arrivals_gt_departures,fixedCycleInterval,Fixed Cycle Interval (steps),30,0,vehiclesInNetwork,Vehicles In Network (Final),162276,153855,0.948106928935887,400,160,5,500,0,40,8,30,2,0
arrivals_gt_departures,fixedCycleInterval,Fixed Cycle Interval (steps),30,0,sumQueueSizes,Total Queue Size (Final),159867,151552,0.9479880150375,400,160,5,500,0,40,8,30,2,0
arrivals_gt_departures,fixedCycleInterval,Fixed Cycle Interval (steps),30,0,sumAvgWaitTimes,Sum of Average Wait Times (Final),9299.983557364774,7576.875481317813,0.8147192341343001,400,160,5,500,0,40,8,30,2,0
arrivals_gt_departures,fixedCycleInterval,Fixed Cycle Interval (steps),30,0,sumTotalWaitTimes,Sum of Total Wait Times (Final),28846606,23739546,0.8229580284072241,400,160,5,500,0,40,8,30,2,0
arrivals_gt_departures,fixedCycleInterval,Fixed Cycle Interval (steps),30,0,sumStdTotalWaitTimes,Sum of Std Total Wait Times (Final),8948228.30045694,6517729.607754793,0.7283821320721071,400,160,5,500,0,40,8,30,2,0
arrivals_gt_departures,greedyDecisionInterval,Greedy Decision Interval (steps),1,0,throughput,Network Throughput (Final),39499,45787,1.1591939036431302,400,160,5,500,0,40,8,1,2,0
arrivals_gt_departures,greedyDecisionInterval,Greedy Decision Interval (steps),1,0,totalVehiclesEntered,Total Vehicles Entered (Final),199064,199064,1,400,160,5,500,0,40,8,1,2,0
arrivals_gt_departures,greedyDecisionInterval,Greedy Decision Interval (steps),1,0,vehiclesInNetwork,Vehicles In Network (Final),159565,153277,0.9605928618431361,400,160,5,500,0,40,8,1,2,0
arrivals_gt_departures,greedyDecisionInterval,Greedy Decision Interval (steps),1,0,sumQueueSizes,Total Queue Size (Final),158355,150990,0.953490574973951,400,160,5,500,0,40,8,1,2,0
arrivals_gt_departures,greedyDecisionInterval,Greedy Decision Interval (steps),1,0,sumAvgWaitTimes,Sum of Average Wait Times (Final),8451.12656696032,7640.015870655201,0.9040233642368869,400,160,5,500,0,40,8,1,2,0
arrivals_gt_departures,greedyDecisionInterval,Greedy Decision Interval (steps),1,0,sumTotalWaitTimes,Sum of Total Wait Times (Final),28904735,23767500,0.8222701228708722,400,160,5,500,0,40,8,1,2,0
arrivals_gt_departures,greedyDecisionInterval,Greedy Decision Interval (steps),1,0,sumStdTotalWaitTimes,Sum of Std Total Wait Times (Final),9022844.289715858,6477340.595063126,0.717882342538697,400,160,5,500,0,40,8,1,2,0
arrivals_gt_departures,greedyDecisionInterval,Greedy Decision Interval (steps),2,0,throughput,Network Throughput (Final),39510,45846,1.1603644646924829,400,160,5,500,0,40,8,2,2,0
arrivals_gt_departures,greedyDecisionInterval,Greedy Decision Interval (steps),2,0,totalVehiclesEntered,Total Vehicles Entered (Final),199064,199064,1,400,160,5,500,0,40,8,2,2,0
arrivals_gt_departures,greedyDecisionInterval,Greedy Decision Interval (steps),2,0,vehiclesInNetwork,Vehicles In Network (Final),159554,153218,0.9602893064417063,400,160,5,500,0,40,8,2,2,0
arrivals_gt_departures,greedyDecisionInterval,Greedy Decision Interval (steps),2,0,sumQueueSizes,Total Queue Size (Final),158339,150939,0.953264830521855,400,160,5,500,0,40,8,2,2,0
arrivals_gt_departures,greedyDecisionInterval,Greedy Decision Interval (steps),2,0,sumAvgWaitTimes,Sum of Average Wait Times (Final),8492.879199647836,7543.957851742201,0.8882685923585275,400,160,5,500,0,40,8,2,2,0
arrivals_gt_departures,greedyDecisionInterval,Greedy Decision Interval (steps),2,0,sumTotalWaitTimes,Sum of Total Wait Times (Final),28896418,23739323,0.8215316860380412,400,160,5,500,0,40,8,2,2,0
arrivals_gt_departures,greedyDecisionInterval,Greedy Decision Interval (steps),2,0,sumStdTotalWaitTimes,Sum of Std Total Wait Times (Final),9020789.587817067,6489005.248710821,0.7193389431757148,400,160,5,500,0,40,8,2,2,0
arrivals_gt_departures,greedyDecisionInterval,Greedy Decision Interval (steps),4,0,throughput,Network Throughput (Final),39808,45840,1.1515273311897105,400,160,5,500,0,40,8,4,2,0
arrivals_gt_departures,greedyDecisionInterval,Greedy Decision Interval (steps),4,0,totalVehiclesEntered,Total Vehicles Entered (Final),199064,199064,1,400,160,5,500,0,40,8,4,2,0
arrivals_gt_departures,greedyDecisionInterval,Greedy Decision Interval (steps),4,0,vehiclesInNetwork,Vehicles In Network (Final),159256,153224,0.9621238760235094,400,160,5,500,0,40,8,4,2,0
arrivals_gt_departures,greedyDecisionInterval,Greedy Decision Interval (steps),4,0,sumQueueSizes,Total Queue Size (Final),158055,150983,0.9552560817436968,400,160,5,500,0,40,8,4,2,0
arrivals_gt_departures,greedyDecisionInterval,Greedy Decision Interval (steps),4,0,sumAvgWaitTimes,Sum of Average Wait Times (Final),8458.550944455517,7440.0400397728245,0.8795880155630776,400,160,5,500,0,40,8,4,2,0
arrivals_gt_departures,greedyDecisionInterval,Greedy Decision Interval (steps),4,0,sumTotalWaitTimes,Sum of Total Wait Times (Final),28846543,23691437,0.8212920695557869,400,160,5,500,0,40,8,4,2,0
arrivals_gt_departures,greedyDecisionInterval,Greedy Decision Interval (steps),4,0,sumStdTotalWaitTimes,Sum of Std Total Wait Times (Final),9024300.693992186,6499134.201707964,0.7201814768910216,400,160,5,500,0,40,8,4,2,0
arrivals_gt_departures,greedyDecisionInterval,Greedy Decision Interval (steps),5,0,throughput,Network Throughput (Final),39653,45186,1.13953547020402,400,160,5,500,0,40,8,5,2,0
arrivals_gt_departures,greedyDecisionInterval,Greedy Decision Interval (steps),5,0,totalVehiclesEntered,Total Vehicles Entered (Final),199064,199064,1,400,160,5,500,0,40,8,5,2,0
arrivals_gt_departures,greedyDecisionInterval,Greedy Decision Interval (steps),5,0,vehiclesInNetwork,Vehicles In Network (Final),159411,153878,0.9652909774105928,400,160,5,500,0,40,8,5,2,0
arrivals_gt_departures,greedyDecisionInterval,Greedy Decision Interval (steps),5,0,sumQueueSizes,Total Queue Size (Final),158196,151631,0.9585008470504943,400,160,5,500,0,40,8,5,2,0
arrivals_gt_departures,greedyDecisionInterval,Greedy Decision Interval (steps),5,0,sumAvgWaitTimes,Sum of Average Wait Times (Final),8482.29991760881,7585.735724005259,0.8943017575053752,400,160,5,500,0,40,8,5,2,0
arrivals_gt_departures,greedyDecisionInterval,Greedy Decision Interval (steps),5,0,sumTotalWaitTimes,Sum of Total Wait Times (Final),28859351,23738339,0.8225527663459931,400,160,5,500,0,40,8,5,2,0
arrivals_gt_departures,greedyDecisionInterval,Greedy Decision Interval (steps),5,0,sumStdTotalWaitTimes,Sum of Std Total Wait Times (Final),9029465.74203942,6497789.696250929,0.7196206156471135,400,160,5,500,0,40,8,5,2,0
arrivals_gt_departures,greedyDecisionInterval,Greedy Decision Interval (steps),7,0,throughput,Network Throughput (Final),39408,44871,1.1386266747868452,400,160,5,500,0,40,8,7,2,0
arrivals_gt_departures,greedyDecisionInterval,Greedy Decision Interval (steps),7,0,totalVehiclesEntered,Total Vehicles Entered (Final),199064,199064,1,400,160,5,500,0,40,8,7,2,0
arrivals_gt_departures,greedyDecisionInterval,Greedy Decision Interval (steps),7,0,vehiclesInNetwork,Vehicles In Network (Final),159656,154193,0.9657826827679511,400,160,5,500,0,40,8,7,2,0
arrivals_gt_departures,greedyDecisionInterval,Greedy Decision Interval (steps),7,0,sumQueueSizes,Total Queue Size (Final),158449,151939,0.9589142247663286,400,160,5,500,0,40,8,7,2,0
arrivals_gt_departures,greedyDecisionInterval,Greedy Decision Interval (steps),7,0,sumAvgWaitTimes,Sum of Average Wait Times (Final),8464.534642514416,7689.728520054582,0.908464415920959,400,160,5,500,0,40,8,7,2,0
arrivals_gt_departures,greedyDecisionInterval,Greedy Decision Interval (steps),7,0,sumTotalWaitTimes,Sum of Total Wait Times (Final),28903571,23756407,0.8219194437946785,400,160,5,500,0,40,8,7,2,0
arrivals_gt_departures,greedyDecisionInterval,Greedy Decision Interval (steps),7,0,sumStdTotalWaitTimes,Sum of Std Total Wait Times (Final),9014235.218823815,6525881.5436931,0.7239528795593824,400,160,5,500,0,40,8,7,2,0
arrivals_gt_departures,greedyDecisionInterval,Greedy Decision Interval (steps),8,0,throughput,Network Throughput (Final),39644,44705,1.1276611845424276,400,160,5,500,0,40,8,8,2,0
arrivals_gt_departures,greedyDecisionInterval,Greedy Decision Interval (steps),8,0,totalVehiclesEntered,Total Vehicles Entered (Final),199064,199064,1,400,160,5,500,0,40,8,8,2,0
arrivals_gt_departures,greedyDecisionInterval,Greedy Decision Interval (steps),8,0,vehiclesInNetwork,Vehicles In Network (Final),159420,154359,0.9682536695521264,400,160,5,500,0,40,8,8,2,0
arrivals_gt_departures,greedyDecisionInterval,Greedy Decision Interval (steps),8,0,sumQueueSizes,Total Queue Size (Final),158234,152094,0.9611967086719668,400,160,5,500,0,40,8,8,2,0
arrivals_gt_departures,greedyDecisionInterval,Greedy Decision Interval (steps),8,0,sumAvgWaitTimes,Sum of Average Wait Times (Final),8460.535754545548,7644.517352276338,0.9035500320614103,400,160,5,500,0,40,8,8,2,0
arrivals_gt_departures,greedyDecisionInterval,Greedy Decision Interval (steps),8,0,sumTotalWaitTimes,Sum of Total Wait Times (Final),28886332,23745714,0.822039779920829,400,160,5,500,0,40,8,8,2,0
arrivals_gt_departures,greedyDecisionInterval,Greedy Decision Interval (steps),8,0,sumStdTotalWaitTimes,Sum of Std Total Wait Times (Final),9019913.14770517,6581666.869640518,0.7296818452531346,400,160,5,500,0,40,8,8,2,0
arrivals_gt_departures,greedyDecisionInterval,Greedy Decision Interval (steps),10,0,throughput,Network Throughput (Final),39571,43714,1.104697884814637,400,160,5,500,0,40,8,10,2,0
arrivals_gt_departures,greedyDecisionInterval,Greedy Decision Interval (steps),10,0,totalVehiclesEntered,Total Vehicles Entered (Final),199064,199064,1,400,160,5,500,0,40,8,10,2,0
arrivals_gt_departures,greedyDecisionInterval,Greedy Decision Interval (steps),10,0,vehiclesInNetwork,Vehicles In Network (Final),159493,155350,0.9740239383546613,400,160,5,500,0,40,8,10,2,0
arrivals_gt_departures,greedyDecisionInterval,Greedy Decision Interval (steps),10,0,sumQueueSizes,Total Queue Size (Final),158297,152978,0.9663986051536037,400,160,5,500,0,40,8,10,2,0
arrivals_gt_departures,greedyDecisionInterval,Greedy Decision Interval (steps),10,0,sumAvgWaitTimes,Sum of Average Wait Times (Final),8482.116185403767,7907.466851455592,0.9322516549658862,400,160,5,500,0,40,8,10,2,0
arrivals_gt_departures,greedyDecisionInterval,Greedy Decision Interval (steps),10,0,sumTotalWaitTimes,Sum of Total Wait Times (Final),28872661,23845932,0.8259000443360589,400,160,5,500,0,40,8,10,2,0
arrivals_gt_departures,greedyDecisionInterval,Greedy Decision Interval (steps),10,0,sumStdTotalWaitTimes,Sum of Std Total Wait Times (Final),9023424.452756796,6582535.408941058,0.729494156393141,400,160,5,500,0,40,8,10,2,0
arrivals_gt_departures,greedyDecisionInterval,Greedy Decision Interval (steps),11,0,throughput,Network Throughput (Final),39577,43397,1.0965207064709301,400,160,5,500,0,40,8,11,2,0
arrivals_gt_departures,greedyDecisionInterval,Greedy Decision Interval (steps),11,0,totalVehiclesEntered,Total Vehicles Entered (Final),199064,199064,1,400,160,5,500,0,40,8,11,2,0
arrivals_gt_departures,greedyDecisionInterval,Greedy Decision Interval (steps),11,0,vehiclesInNetwork,Vehicles In Network (Final),159487,155667,0.9760482045558572,400,160,5,500,0,40,8,11,2,0
arrivals_gt_departures,greedyDecisionInterval,Greedy Decision Interval (steps),11,0,sumQueueSizes,Total Queue Size (Final),158290,153431,0.9693031777117949,400,160,5,500,0,40,8,11,2,0
arrivals_gt_departures,greedyDecisionInterval,Greedy Decision Interval (steps),11,0,sumAvgWaitTimes,Sum of Average Wait Times (Final),8469.953633902574,8091.850277233393,0.9553594537807443,400,160,5,500,0,40,8,11,2,0
arrivals_gt_departures,greedyDecisionInterval,Greedy Decision Interval (steps),11,0,sumTotalWaitTimes,Sum of Total Wait Times (Final),28892689,23923890,0.8280257334303498,400,160,5,500,0,40,8,11,2,0
arrivals_gt_departures,greedyDecisionInterval,Greedy Decision Interval (steps),11,0,sumStdTotalWaitTimes,Sum of Std Total Wait Times (Final),9018504.697074287,6560091.829671459,0.7274034942621512,400,160,5,500,0,40,8,11,2,0
arrivals_gt_departures,greedyDecisionInterval,Greedy Decision Interval (steps),13,0,throughput,Network Throughput (Final),39534,43078,1.0896443567562097,400,160,5,500,0,40,8,13,2,0
arrivals_gt_departures,greedyDecisionInterval,Greedy Decision Interval (steps),13,0,totalVehiclesEntered,Total Vehicles Entered (Final),199064,199064,1,400,160,5,500,0,40,8,13,2,0
arrivals_gt_departures,greedyDecisionInterval,Greedy Decision Interval (steps),13,0,vehiclesInNetwork,Vehicles In Network (Final),159530,155986,0.9777847426816273,400,160,5,500,0,40,8,13,2,0
arrivals_gt_departures,greedyDecisionInterval,Greedy Decision Interval (steps),13,0,sumQueueSizes,Total Queue Size (Final),158331,153714,0.9708395702673513,400,160,5,500,0,40,8,13,2,0
arrivals_gt_departures,greedyDecisionInterval,Greedy Decision Interval (steps),13,0,sumAvgWaitTimes,Sum of Average Wait Times (Final),8484.525034370732,8012.810533217446,0.9444029572377506,400,160,5,500,0,40,8,13,2,0
arrivals_gt_departures,greedyDecisionInterval,Greedy Decision Interval (steps),13,0,sumTotalWaitTimes,Sum of Total Wait Times (Final),28881120,23925733,0.8284212315865866,400,160,5,500,0,40,8,13,2,0
arrivals_gt_departures,greedyDecisionInterval,Greedy Decision Interval (steps),13,0,sumStdTotalWaitTimes,Sum of Std Total Wait Times (Final),9022459.165398568,6642091.031102145,0.7361730221595001,400,160,5,500,0,40,8,13,2,0
arrivals_gt_departures,greedyDecisionInterval,Greedy Decision Interval (steps),14,0,throughput,Network Throughput (Final),39583,42931,1.0845817648990728,400,160,5,500,0,40,8,14,2,0
arrivals_gt_departures,greedyDecisionInterval,Greedy Decision Interval (steps),14,0,totalVehiclesEntered,Total Vehicles Entered (Final),199064,199064,1,400,160,5,500,0,40,8,14,2,0
arrivals_gt_departures,greedyDecisionInterval,Greedy Decision Interval (steps),14,0,vehiclesInNetwork,Vehicles In Network (Final),159481,156133,0.9790069036436942,400,160,5,500,0,40,8,14,2,0
arrivals_gt_departures,greedyDecisionInterval,Greedy Decision Interval (steps),14,0,sumQueueSizes,Total Queue Size (Final),158283,153874,0.9721448291983347,400,160,5,500,0,40,8,14,2,0
arrivals_gt_departures,greedyDecisionInterval,Greedy Decision Interval (steps),14,0,sumAvgWaitTimes,Sum of Average Wait Times (Final),8481.112182268691,8208.32751541345,0.9678362152282872,400,160,5,500,0,40,8,14,2,0
arrivals_gt_departures,greedyDecisionInterval,Greedy Decision Interval (steps),14,0,sumTotalWaitTimes,Sum of Total Wait Times (Final),28887155,23943351,0.8288580512688078,400,160,5,500,0,40,8,14,2,0
arrivals_gt_departures,greedyDecisionInterval,Greedy Decision Interval (steps),14,0,sumStdTotalWaitTimes,Sum of Std Total Wait Times (Final),9021959.850274356,6692625.449013207,0.7418150335494661,400,160,5,500,0,40,8,14,2,0
arrivals_gt_departures,greedyDecisionInterval,Greedy Decision Interval (steps),16,0,throughput,Network Throughput (Final),39486,41593,1.053360684799676,400,160,5,500,0,40,8,16,2,0
arrivals_gt_departures,greedyDecisionInterval,Greedy Decision Interval (steps),16,0,totalVehiclesEntered,Total Vehicles Entered (Final),199064,199064,1,400,160,5,500,0,40,8,16,2,0
arrivals_gt_departures,greedyDecisionInterval,Greedy Decision Interval (steps),16,0,vehiclesInNetwork,Vehicles In Network (Final),159578,157471,0.9867964255724473,400,160,5,500,0,40,8,16,2,0
arrivals_gt_departures,greedyDecisionInterval,Greedy Decision Interval (steps),16,0,sumQueueSizes,Total Queue Size (Final),158389,155338,0.9807372986760444,400,160,5,500,0,40,8,16,2,0
arrivals_gt_departures,greedyDecisionInterval,Greedy Decision Interval (steps),16,0,sumAvgWaitTimes,Sum of Average Wait Times (Final),8481.061393106058,8309.826252919622,0.9798097039687006,400,160,5,500,0,40,8,16,2,0
arrivals_gt_departures,greedyDecisionInterval,Greedy Decision Interval (steps),16,0,sumTotalWaitTimes,Sum of Total Wait Times (Final),28879865,24136293,0.835748124168863,400,160,5,500,0,40,8,16,2,0
arrivals_gt_departures,greedyDecisionInterval,Greedy Decision Interval (steps),16,0,sumStdTotalWaitTimes,Sum of Std Total Wait Times (Final),9022714.228946533,6755905.034068291,0.748766375908715,400,160,5,500,0,40,8,16,2,0
arrivals_gt_departures,greedyDecisionInterval,Greedy Decision Interval (steps),17,0,throughput,Network Throughput (Final),39682,41910,1.0561463635905448,400,160,5,500,0,40,8,17,2,0
arrivals_gt_departures,greedyDecisionInterval,Greedy Decision Interval (steps),17,0,totalVehiclesEntered,Total Vehicles Entered (Final),199064,199064,1,400,160,5,500,0,40,8,17,2,0
arrivals_gt_departures,greedyDecisionInterval,Greedy Decision Interval (steps),17,0,vehiclesInNetwork,Vehicles In Network (Final),159382,157154,0.986021006136201,400,160,5,500,0,40,8,17,2,0
arrivals_gt_departures,greedyDecisionInterval,Greedy Decision Interval (steps),17,0,sumQueueSizes,Total Queue Size (Final),158192,154858,0.9789243450996258,400,160,5,500,0,40,8,17,2,0
arrivals_gt_departures,greedyDecisionInterval,Greedy Decision Interval (steps),17,0,sumAvgWaitTimes,Sum of Average Wait Times (Final),8448.98746767003,8306.24460605272,0.9831053292286782,400,160,5,500,0,40,8,17,2,0
arrivals_gt_departures,greedyDecisionInterval,Greedy Decision Interval (steps),17,0,sumTotalWaitTimes,Sum of Total Wait Times (Final),28864665,24112191,0.8353532251283706,400,160,5,500,0,40,8,17,2,0
arrivals_gt_departures,greedyDecisionInterval,Greedy Decision Interval (steps),17,0,sumStdTotalWaitTimes,Sum of Std Total Wait Times (Final),9021791.223597677,6785233.89802392,0.7520938724758174,400,160,5,500,0,40,8,17,2,0
arrivals_gt_departures,greedyDecisionInterval,Greedy Decision Interval (steps),19,0,throughput,Network Throughput (Final),39437,41375,1.049141668991049,400,160,5,500,0,40,8,19,2,0
arrivals_gt_departures,greedyDecisionInterval,Greedy Decision Interval (steps),19,0,totalVehiclesEntered,Total Vehicles Entered (Final),199064,199064,1,400,160,5,500,0,40,8,19,2,0
arrivals_gt_departures,greedyDecisionInterval,Greedy Decision Interval (steps),19,0,vehiclesInNetwork,Vehicles In Network (Final),159627,157689,0.9878591967524291,400,160,5,500,0,40,8,19,2,0
arrivals_gt_departures,greedyDecisionInterval,Greedy Decision Interval (steps),19,0,sumQueueSizes,Total Queue Size (Final),158455,155474,0.9811870878167303,400,160,5,500,0,40,8,19,2,0
arrivals_gt_departures,greedyDecisionInterval,Greedy Decision Interval (steps),19,0,sumAvgWaitTimes,Sum of Average Wait Times (Final),8468.716861404993,8541.356553409612,1.0085774141695143,400,160,5,500,0,40,8,19,2,0
arrivals_gt_departures,greedyDecisionInterval,Greedy Decision Interval (steps),19,0,sumTotalWaitTimes,Sum of Total Wait Times (Final),28915007,24316461,0.8409633447434407,400,160,5,500,0,40,8,19,2,0
arrivals_gt_departures,greedyDecisionInterval,Greedy Decision Interval (steps),19,0,sumStdTotalWaitTimes,Sum of Std Total Wait Times (Final),9015393.874000762,6827262.303466809,0.757289409523832,400,160,5,500,0,40,8,19,2,0
arrivals_gt_departures,greedyDecisionInterval,Greedy Decision Interval (steps),20,0,throughput,Network Throughput (Final),39650,41298,1.0415636822194199,400,160,5,500,0,40,8,20,2,0
arrivals_gt_departures,greedyDecisionInterval,Greedy Decision Interval (steps),20,0,totalVehiclesEntered,Total Vehicles Entered (Final),199064,199064,1,400,160,5,500,0,40,8,20,2,0
arrivals_gt_departures,greedyDecisionInterval,Greedy Decision Interval (steps),20,0,vehiclesInNetwork,Vehicles In Network (Final),159414,157766,0.9896621375788827,400,160,5,500,0,40,8,20,2,0
arrivals_gt_departures,greedyDecisionInterval,Greedy Decision Interval (steps),20,0,sumQueueSizes,Total Queue Size (Final),158235,155905,0.9852750655670364,400,160,5,500,0,40,8,20,2,0
arrivals_gt_departures,greedyDecisionInterval,Greedy Decision Interval (steps),20,0,sumAvgWaitTimes,Sum of Average Wait Times (Final),8468.664810014181,8630.418506045118,1.0191002595639,400,160,5,500,0,40,8,20,2,0
arrivals_gt_departures,greedyDecisionInterval,Greedy Decision Interval (steps),20,0,sumTotalWaitTimes,Sum of Total Wait Times (Final),28883996,24450872,0.8465197128541355,400,160,5,500,0,40,8,20,2,0
arrivals_gt_departures,greedyDecisionInterval,Greedy Decision Interval (steps),20,0,sumStdTotalWaitTimes,Sum of Std Total Wait Times (Final),9015623.673251152,6857255.055853393,0.7605968598931744,400,160,5,500,0,40,8,20,2,0
arrivals_gt_departures,greedyDecisionInterval,Greedy Decision Interval (steps),22,0,throughput,Network Throughput (Final),39621,40632,1.0255167714091011,400,160,5,500,0,40,8,22,2,0
arrivals_gt_departures,greedyDecisionInterval,Greedy Decision Interval (steps),22,0,totalVehiclesEntered,Total Vehicles Entered (Final),199064,199064,1,400,160,5,500,0,40,8,22,2,0
arrivals_gt_departures,greedyDecisionInterval,Greedy Decision Interval (steps),22,0,vehiclesInNetwork,Vehicles In Network (Final),159443,158432,0.9936591760064726,400,160,5,500,0,40,8,22,2,0
arrivals_gt_departures,greedyDecisionInterval,Greedy Decision Interval (steps),22,0,sumQueueSizes,Total Queue Size (Final),158272,156349,0.9878500303275374,400,160,5,500,0,40,8,22,2,0
arrivals_gt_departures,greedyDecisionInterval,Greedy Decision Interval (steps),22,0,sumAvgWaitTimes,Sum of Average Wait Times (Final),8455.428420819988,8798.262903013256,1.0405460805923328,400,160,5,500,0,40,8,22,2,0
arrivals_gt_departures,greedyDecisionInterval,Greedy Decision Interval (steps),22,0,sumTotalWaitTimes,Sum of Total Wait Times (Final),28885195,24542310,0.8496501408420473,400,160,5,500,0,40,8,22,2,0
arrivals_gt_departures,greedyDecisionInterval,Greedy Decision Interval (steps),22,0,sumStdTotalWaitTimes,Sum of Std Total Wait Times (Final),9021109.173727939,6907401.105885266,0.7656931063423555,400,160,5,500,0,40,8,22,2,0
arrivals_gt_departures,greedyDecisionInterval,Greedy Decision Interval (steps),23,0,throughput,Network Throughput (Final),39499,40786,1.0325831033697055,400,160,5,500,0,40,8,23,2,0
arrivals_gt_departures,greedyDecisionInterval,Greedy Decision Interval (steps),23,0,totalVehiclesEntered,Total Vehicles Entered (Final),199064,199064,1,400,160,5,500,0,40,8,23,2,0
arrivals_gt_departures,greedyDecisionInterval,Greedy Decision Interval (steps),23,0,vehiclesInNetwork,Vehicles In Network (Final),159565,158278,0.9919343214364053,400,160,5,500,0,40,8,23,2,0
arrivals_gt_departures,greedyDecisionInterval,Greedy Decision Interval (steps),23,0,sumQueueSizes,Total Queue Size (Final),158383,156320,0.9869746121742864,400,160,5,500,0,40,8,23,2,0
arrivals_gt_departures,greedyDecisionInterval,Greedy Decision Interval (steps),23,0,sumAvgWaitTimes,Sum of Average Wait Times (Final),8461.17218619349,8554.20131268348,1.0109948272464886,400,160,5,500,0,40,8,23,2,0
arrivals_gt_departures,greedyDecisionInterval,Greedy Decision Interval (steps),23,0,sumTotalWaitTimes,Sum of Total Wait Times (Final),28926618,24546072,0.8485634926281392,400,160,5,500,0,40,8,23,2,0
arrivals_gt_departures,greedyDecisionInterval,Greedy Decision Interval (steps),23,0,sumStdTotalWaitTimes,Sum of Std Total Wait Times (Final),9011123.540535254,7007775.590093702,0.7776805587638681,400,160,5,500,0,40,8,23,2,0
arrivals_gt_departures,greedyDecisionInterval,Greedy Decision Interval (steps),25,0,throughput,Network Throughput (Final),39478,40599,1.028395562085212,400,160,5,500,0,40,8,25,2,0
arrivals_gt_departures,greedyDecisionInterval,Greedy Decision Interval (steps),25,0,totalVehiclesEntered,Total Vehicles Entered (Final),199064,199064,1,400,160,5,500,0,40,8,25,2,0
arrivals_gt_departures,greedyDecisionInterval,Greedy Decision Interval (steps),25,0,vehiclesInNetwork,Vehicles In Network (Final),159586,158465,0.9929755742984974,400,160,5,500,0,40,8,25,2,0
arrivals_gt_departures,greedyDecisionInterval,Greedy Decision Interval (steps),25,0,sumQueueSizes,Total Queue Size (Final),158377,156539,0.9883947795450096,400,160,5,500,0,40,8,25,2,0
arrivals_gt_departures,greedyDecisionInterval,Greedy Decision Interval (steps),25,0,sumAvgWaitTimes,Sum of Average Wait Times (Final),8482.620683102316,8876.831473054584,1.0464727593840841,400,160,5,500,0,40,8,25,2,0
arrivals_gt_departures,greedyDecisionInterval,Greedy Decision Interval (steps),25,0,sumTotalWaitTimes,Sum of Total Wait Times (Final),28904056,24672601,0.853603418150034,400,160,5,500,0,40,8,25,2,0
arrivals_gt_departures,greedyDecisionInterval,Greedy Decision Interval (steps),25,0,sumStdTotalWaitTimes,Sum of Std Total Wait Times (Final),9021842.713009536,7115588.049381318,0.7887067282962724,400,160,5,500,0,40,8,25,2,0
arrivals_gt_departures,greedyDecisionInterval,Greedy Decision Interval (steps),26,0,throughput,Network Throughput (Final),39476,40448,1.0246225554767454,400,160,5,500,0,40,8,26,2,0
arrivals_gt_departures,greedyDecisionInterval,Greedy Decision Interval (steps),26,0,totalVehiclesEntered,Total Vehicles Entered (Final),199064,199064,1,400,160,5,500,0,40,8,26,2,0
arrivals_gt_departures,greedyDecisionInterval,Greedy Decision Interval (steps),26,0,vehiclesInNetwork,Vehicles In Network (Final),159588,158616,0.9939093164899616,400,160,5,500,0,40,8,26,2,0
arrivals_gt_departures,greedyDecisionInterval,Greedy Decision Interval (steps),26,0,sumQueueSizes,Total Queue Size (Final),158395,156374,0.9872407588623379,400,160,5,500,0,40,8,26,2,0
arrivals_gt_departures,greedyDecisionInterval,Greedy Decision Interval (steps),26,0,sumAvgWaitTimes,Sum of Average Wait Times (Final),8458.656356552583,9073.286917286425,1.0726629070653417,400,160,5,500,0,40,8,26,2,0
arrivals_gt_departures,greedyDecisionInterval,Greedy Decision Interval (steps),26,0,sumTotalWaitTimes,Sum of Total Wait Times (Final),28912804,24847614,0.8593982790461969,400,160,5,500,0,40,8,26,2,0
arrivals_gt_departures,greedyDecisionInterval,Greedy Decision Interval (steps),26,0,sumStdTotalWaitTimes,Sum of Std Total Wait Times (Final),9020139.396181174,7061283.0887572225,0.7828352510546273,400,160,5,500,0,40,8,26,2,0
arrivals_gt_departures,greedyDecisionInterval,Greedy Decision Interval (steps),28,0,throughput,Network Throughput (Final),39643,39558,0.9978558635824736,400,160,5,500,0,40,8,28,2,0
arrivals_gt_departures,greedyDecisionInterval,Greedy Decision Interval (steps),28,0,totalVehiclesEntered,Total Vehicles Entered (Final),199064,199064,1,400,160,5,500,0,40,8,28,2,0
arrivals_gt_departures,greedyDecisionInterval,Greedy Decision Interval (steps),28,0,vehiclesInNetwork,Vehicles In Network (Final),159421,159506,1.0005331794431098,400,160,5,500,0,40,8,28,2,0
arrivals_gt_departures,greedyDecisionInterval,Greedy Decision Interval (steps),28,0,sumQueueSizes,Total Queue Size (Final),158186,157401,0.9950374875146979,400,160,5,500,0,40,8,28,2,0
arrivals_gt_departures,greedyDecisionInterval,Greedy Decision Interval (steps),28,0,sumAvgWaitTimes,Sum of Average Wait Times (Final),8481.710244363345,9180.220743738435,1.0823549118338835,400,160,5,500,0,40,8,28,2,0
arrivals_gt_departures,greedyDecisionInterval,Greedy Decision Interval (steps),28,0,sumTotalWaitTimes,Sum of Total Wait Times (Final),28894345,25027602,0.8661764784770168,400,160,5,500,0,40,8,28,2,0
arrivals_gt_departures,greedyDecisionInterval,Greedy Decision Interval (steps),28,0,sumStdTotalWaitTimes,Sum of Std Total Wait Times (Final),9020534.08725457,7009015.458952196,0.7770067039440026,400,160,5,500,0,40,8,28,2,0
arrivals_gt_departures,greedyDecisionInterval,Greedy Decision Interval (steps),30,0,throughput,Network Throughput (Final),39536,38487,0.9734672197490895,400,160,5,500,0,40,8,30,2,0
arrivals_gt_departures,greedyDecisionInterval,Greedy Decision Interval (steps),30,0,totalVehiclesEntered,Total Vehicles Entered (Final),199064,199064,1,400,160,5,500,0,40,8,30,2,0
arrivals_gt_departures,greedyDecisionInterval,Greedy Decision Interval (steps),30,0,vehiclesInNetwork,Vehicles In Network (Final),159528,160577,1.0065756481620782,400,160,5,500,0,40,8,30,2,0
arrivals_gt_departures,greedyDecisionInterval,Greedy Decision Interval (steps),30,0,sumQueueSizes,Total Queue Size (Final),158358,158558,1.0012629611386858,400,160,5,500,0,40,8,30,2,0
arrivals_gt_departures,greedyDecisionInterval,Greedy Decision Interval (steps),30,0,sumAvgWaitTimes,Sum of Average Wait Times (Final),8471.139860442974,9148.612465568545,1.0799741966590721,400,160,5,500,0,40,8,30,2,0
arrivals_gt_departures,greedyDecisionInterval,Greedy Decision Interval (steps),30,0,sumTotalWaitTimes,Sum of Total Wait Times (Final),28905269,24967383,0.8637658068499553,400,160,5,500,0,40,8,30,2,0
arrivals_gt_departures,greedyDecisionInterval,Greedy Decision Interval (steps),30,0,sumStdTotalWaitTimes,Sum of Std Total Wait Times (Final),9013781.748897582,6855556.875486364,0.7605638861097145,400,160,5,500,0,40,8,30,2,0
arrivals_gt_departures,lookaheadH,Greedy Lookahead Horizon H (steps),1,0,throughput,Network Throughput (Final),39521,45044,1.1397484881455429,400,160,5,500,0,40,8,1,2,0
arrivals_gt_departures,lookaheadH,Greedy Lookahead Horizon H (steps),1,0,totalVehiclesEntered,Total Vehicles Entered (Final),199064,199064,1,400,160,5,500,0,40,8,1,2,0
arrivals_gt_departures,lookaheadH,Greedy Lookahead Horizon H (steps),1,0,vehiclesInNetwork,Vehicles In Network (Final),159543,154020,0.9653823734040353,400,160,5,500,0,40,8,1,2,0
arrivals_gt_departures,lookaheadH,Greedy Lookahead Horizon H (steps),1,0,sumQueueSizes,Total Queue Size (Final),158362,151742,0.9581970422197245,400,160,5,500,0,40,8,1,2,0
arrivals_gt_departures,lookaheadH,Greedy Lookahead Horizon H (steps),1,0,sumAvgWaitTimes,Sum of Average Wait Times (Final),8468.4671016364,7595.777623572154,0.896948353510683,400,160,5,500,0,40,8,1,2,0
arrivals_gt_departures,lookaheadH,Greedy Lookahead Horizon H (steps),1,0,sumTotalWaitTimes,Sum of Total Wait Times (Final),28894742,23801967,0.823747344759126,400,160,5,500,0,40,8,1,2,0
arrivals_gt_departures,lookaheadH,Greedy Lookahead Horizon H (steps),1,0,sumStdTotalWaitTimes,Sum of Std Total Wait Times (Final),9022627.34109856,6603428.415797701,0.7318742275566147,400,160,5,500,0,40,8,1,2,0
arrivals_gt_departures,lookaheadH,Greedy Lookahead Horizon H (steps),2,0,throughput,Network Throughput (Final),39611,45355,1.145010224432607,400,160,5,500,0,40,8,2,2,0
arrivals_gt_departures,lookaheadH,Greedy Lookahead Horizon H (steps),2,0,totalVehiclesEntered,Total Vehicles Entered (Final),199064,199064,1,400,160,5,500,0,40,8,2,2,0
arrivals_gt_departures,lookaheadH,Greedy Lookahead Horizon H (steps),2,0,vehiclesInNetwork,Vehicles In Network (Final),159453,153709,0.9639768458417214,400,160,5,500,0,40,8,2,2,0
arrivals_gt_departures,lookaheadH,Greedy Lookahead Horizon H (steps),2,0,sumQueueSizes,Total Queue Size (Final),158293,151533,0.957294384464253,400,160,5,500,0,40,8,2,2,0
arrivals_gt_departures,lookaheadH,Greedy Lookahead Horizon H (steps),2,0,sumAvgWaitTimes,Sum of Average Wait Times (Final),8447.886027675193,7536.16710274546,0.8920772697521072,400,160,5,500,0,40,8,2,2,0
arrivals_gt_departures,lookaheadH,Greedy Lookahead Horizon H (steps),2,0,sumTotalWaitTimes,Sum of Total Wait Times (Final),28895498,23772905,0.8227200306428358,400,160,5,500,0,40,8,2,2,0
arrivals_gt_departures,lookaheadH,Greedy Lookahead Horizon H (steps),2,0,sumStdTotalWaitTimes,Sum of Std Total Wait Times (Final),9017417.058890332,6563598.834983069,0.7278801448483492,400,160,5,500,0,40,8,2,2,0
arrivals_gt_departures,lookaheadH,Greedy Lookahead Horizon H (steps),3,0,throughput,Network Throughput (Final),39682,45382,1.143641953530568,400,160,5,500,0,40,8,3,2,0
arrivals_gt_departures,lookaheadH,Greedy Lookahead Horizon H (steps),3,0,totalVehiclesEntered,Total Vehicles Entered (Final),199064,199064,1,400,160,5,500,0,40,8,3,2,0
arrivals_gt_departures,lookaheadH,Greedy Lookahead Horizon H (steps),3,0,vehiclesInNetwork,Vehicles In Network (Final),159382,153682,0.9642368648906401,400,160,5,500,0,40,8,3,2,0
arrivals_gt_departures,lookaheadH,Greedy Lookahead Horizon H (steps),3,0,sumQueueSizes,Total Queue Size (Final),158192,151445,0.9573492970567412,400,160,5,500,0,40,8,3,2,0
arrivals_gt_departures,lookaheadH,Greedy Lookahead Horizon H (steps),3,0,sumAvgWaitTimes,Sum of Average Wait Times (Final),8459.021513129506,7570.3071887871865,0.8949388740810129,400,160,5,500,0,40,8,3,2,0
arrivals_gt_departures,lookaheadH,Greedy Lookahead Horizon H (steps),3,0,sumTotalWaitTimes,Sum of Total Wait Times (Final),28861995,23729427,0.8221686338730223,400,160,5,500,0,40,8,3,2,0
arrivals_gt_departures,lookaheadH,Greedy Lookahead Horizon H (steps),3,0,sumStdTotalWaitTimes,Sum of Std Total Wait Times (Final),9024286.548087686,6543680.070278166,0.7251188263370051,400,160,5,500,0,40,8,3,2,0
arrivals_gt_departures,lookaheadH,Greedy Lookahead Horizon H (steps),4,0,throughput,Network Throughput (Final),39445,45301,1.1484598808467485,400,160,5,500,0,40,8,4,2,0
arrivals_gt_departures,lookaheadH,Greedy Lookahead Horizon H (steps),4,0,totalVehiclesEntered,Total Vehicles Entered (Final),199064,199064,1,400,160,5,500,0,40,8,4,2,0
arrivals_gt_departures,lookaheadH,Greedy Lookahead Horizon H (steps),4,0,vehiclesInNetwork,Vehicles In Network (Final),159619,153763,0.9633126382197608,400,160,5,500,0,40,8,4,2,0
arrivals_gt_departures,lookaheadH,Greedy Lookahead Horizon H (steps),4,0,sumQueueSizes,Total Queue Size (Final),158414,151521,0.9564874316663932,400,160,5,500,0,40,8,4,2,0
arrivals_gt_departures,lookaheadH,Greedy Lookahead Horizon H (steps),4,0,sumAvgWaitTimes,Sum of Average Wait Times (Final),8505.037068859097,7546.851985544861,0.8873391055727907,400,160,5,500,0,40,8,4,2,0
arrivals_gt_departures,lookaheadH,Greedy Lookahead Horizon H (steps),4,0,sumTotalWaitTimes,Sum of Total Wait Times (Final),28891786,23757895,0.8223062084150838,400,160,5,500,0,40,8,4,2,0
arrivals_gt_departures,lookaheadH,Greedy Lookahead Horizon H (steps),4,0,sumStdTotalWaitTimes,Sum of Std Total Wait Times (Final),9028989.014154473,6518272.2357491,0.7219271421784434,400,160,5,500,0,40,8,4,2,0
arrivals_gt_departures,lookaheadH,Greedy Lookahead Horizon H (steps),5,0,throughput,Network Throughput (Final),39653,45186,1.13953547020402,400,160,5,500,0,40,8,5,2,0
arrivals_gt_departures,lookaheadH,Greedy Lookahead Horizon H (steps),5,0,totalVehiclesEntered,Total Vehicles Entered (Final),199064,199064,1,400,160,5,500,0,40,8,5,2,0
arrivals_gt_departures,lookaheadH,Greedy Lookahead Horizon H (steps),5,0,vehiclesInNetwork,Vehicles In Network (Final),159411,153878,0.9652909774105928,400,160,5,500,0,40,8,5,2,0
arrivals_gt_departures,lookaheadH,Greedy Lookahead Horizon H (steps),5,0,sumQueueSizes,Total Queue Size (Final),158196,151631,0.9585008470504943,400,160,5,500,0,40,8,5,2,0
arrivals_gt_departures,lookaheadH,Greedy Lookahead Horizon H (steps),5,0,sumAvgWaitTimes,Sum of Average Wait Times (Final),8482.29991760881,7585.735724005259,0.8943017575053752,400,160,5,500,0,40,8,5,2,0
arrivals_gt_departures,lookaheadH,Greedy Lookahead Horizon H (steps),5,0,sumTotalWaitTimes,Sum of Total Wait Times (Final),28859351,23738339,0.8225527663459931,400,160,5,500,0,40,8,5,2,0
arrivals_gt_departures,lookaheadH,Greedy Lookahead Horizon H (steps),5,0,sumStdTotalWaitTimes,Sum of Std Total Wait Times (Final),9029465.74203942,6497789.696250929,0.7196206156471135,400,160,5,500,0,40,8,5,2,0
arrivals_gt_departures,lookaheadH,Greedy Lookahead Horizon H (steps),6,0,throughput,Network Throughput (Final),39567,45422,1.1479768493946976,400,160,5,500,0,40,8,6,2,0
arrivals_gt_departures,lookaheadH,Greedy Lookahead Horizon H (steps),6,0,totalVehiclesEntered,Total Vehicles Entered (Final),199064,199064,1,400,160,5,500,0,40,8,6,2,0
arrivals_gt_departures,lookaheadH,Greedy Lookahead Horizon H (steps),6,0,vehiclesInNetwork,Vehicles In Network (Final),159497,153642,0.9632908455958419,400,160,5,500,0,40,8,6,2,0
arrivals_gt_departures,lookaheadH,Greedy Lookahead Horizon H (steps),6,0,sumQueueSizes,Total Queue Size (Final),158255,151422,0.9568228491990775,400,160,5,500,0,40,8,6,2,0
arrivals_gt_departures,lookaheadH,Greedy Lookahead Horizon H (steps),6,0,sumAvgWaitTimes,Sum of Average Wait Times (Final),8485.145969123525,7609.59878710753,0.8968141284543589,400,160,5,500,0,40,8,6,2,0
arrivals_gt_departures,lookaheadH,Greedy Lookahead Horizon H (steps),6,0,sumTotalWaitTimes,Sum of Total Wait Times (Final),28873535,23765202,0.823079058383395,400,160,5,500,0,40,8,6,2,0
arrivals_gt_departures,lookaheadH,Greedy Lookahead Horizon H (steps),6,0,sumStdTotalWaitTimes,Sum of Std Total Wait Times (Final),9025602.840302533,6488050.074405955,0.718849498388573,400,160,5,500,0,40,8,6,2,0
arrivals_gt_departures,lookaheadH,Greedy Lookahead Horizon H (steps),7,0,throughput,Network Throughput (Final),39506,45059,1.1405609274540576,400,160,5,500,0,40,8,7,2,0
arrivals_gt_departures,lookaheadH,Greedy Lookahead Horizon H (steps),7,0,totalVehiclesEntered,Total Vehicles Entered (Final),199064,199064,1,400,160,5,500,0,40,8,7,2,0
arrivals_gt_departures,lookaheadH,Greedy Lookahead Horizon H (steps),7,0,vehiclesInNetwork,Vehicles In Network (Final),159558,154005,0.9651976083931861,400,160,5,500,0,40,8,7,2,0
arrivals_gt_departures,lookaheadH,Greedy Lookahead Horizon H (steps),7,0,sumQueueSizes,Total Queue Size (Final),158367,151692,0.9578510674572354,400,160,5,500,0,40,8,7,2,0
arrivals_gt_departures,lookaheadH,Greedy Lookahead Horizon H (steps),7,0,sumAvgWaitTimes,Sum of Average Wait Times (Final),8475.880333948264,7661.775897459152,0.9039504565409687,400,160,5,500,0,40,8,7,2,0
arrivals_gt_departures,lookaheadH,Greedy Lookahead Horizon H (steps),7,0,sumTotalWaitTimes,Sum of Total Wait Times (Final),28900580,23764836,0.8222961615303223,400,160,5,500,0,40,8,7,2,0
arrivals_gt_departures,lookaheadH,Greedy Lookahead Horizon H (steps),7,0,sumStdTotalWaitTimes,Sum of Std Total Wait Times (Final),9017951.391749011,6487146.762967969,0.719359251470727,400,160,5,500,0,40,8,7,2,0
arrivals_gt_departures,lookaheadH,Greedy Lookahead Horizon H (steps),8,0,throughput,Network Throughput (Final),39615,45210,1.1412343809163197,400,160,5,500,0,40,8,8,2,0
arrivals_gt_departures,lookaheadH,Greedy Lookahead Horizon H (steps),8,0,totalVehiclesEntered,Total Vehicles Entered (Final),199064,199064,1,400,160,5,500,0,40,8,8,2,0
arrivals_gt_departures,lookaheadH,Greedy Lookahead Horizon H (steps),8,0,vehiclesInNetwork,Vehicles In Network (Final),159449,153854,0.9649104102252131,400,160,5,500,0,40,8,8,2,0
arrivals_gt_departures,lookaheadH,Greedy Lookahead Horizon H (steps),8,0,sumQueueSizes,Total Queue Size (Final),158235,151592,0.9580181375801814,400,160,5,500,0,40,8,8,2,0
arrivals_gt_departures,lookaheadH,Greedy Lookahead Horizon H (steps),8,0,sumAvgWaitTimes,Sum of Average Wait Times (Final),8480.435466181612,7652.989931535341,0.9024288861172319,400,160,5,500,0,40,8,8,2,0
arrivals_gt_departures,lookaheadH,Greedy Lookahead Horizon H (steps),8,0,sumTotalWaitTimes,Sum of Total Wait Times (Final),28893078,23721163,0.8209981297250504,400,160,5,500,0,40,8,8,2,0
arrivals_gt_departures,lookaheadH,Greedy Lookahead Horizon H (steps),8,0,sumStdTotalWaitTimes,Sum of Std Total Wait Times (Final),9017429.558368769,6466717.7673967695,0.7171353793826124,400,160,5,500,0,40,8,8,2,0
arrivals_gt_departures,lookaheadH,Greedy Lookahead Horizon H (steps),9,0,throughput,Network Throughput (Final),39669,45114,1.1372608333963548,400,160,5,500,0,40,8,9,2,0
arrivals_gt_departures,lookaheadH,Greedy Lookahead Horizon H (steps),9,0,totalVehiclesEntered,Total Vehicles Entered (Final),199064,199064,1,400,160,5,500,0,40,8,9,2,0
arrivals_gt_departures,lookaheadH,Greedy Lookahead Horizon H (steps),9,0,vehiclesInNetwork,Vehicles In Network (Final),159395,153950,0.9658395809153361,400,160,5,500,0,40,8,9,2,0
arrivals_gt_departures,lookaheadH,Greedy Lookahead Horizon H (steps),9,0,sumQueueSizes,Total Queue Size (Final),158182,151639,0.9586362544410868,400,160,5,500,0,40,8,9,2,0
arrivals_gt_departures,lookaheadH,Greedy Lookahead Horizon H (steps),9,0,sumAvgWaitTimes,Sum of Average Wait Times (Final),8465.696942308217,7795.4127823076715,0.9208235110979782,400,160,5,500,0,40,8,9,2,0
arrivals_gt_departures,lookaheadH,Greedy Lookahead Horizon H (steps),9,0,sumTotalWaitTimes,Sum of Total Wait Times (Final),28863837,23726006,0.8219976436258284,400,160,5,500,0,40,8,9,2,0
arrivals_gt_departures,lookaheadH,Greedy Lookahead Horizon H (steps),9,0,sumStdTotalWaitTimes,Sum of Std Total Wait Times (Final),9022441.249267742,6451935.173030893,0.71509860743671,400,160,5,500,0,40,8,9,2,0
arrivals_gt_departures,lookaheadH,Greedy Lookahead Horizon H (steps),10,0,throughput,Network Throughput (Final),39485,44763,1.1336710143092315,400,160,5,500,0,40,8,10,2,0
arrivals_gt_departures,lookaheadH,Greedy Lookahead Horizon H (steps),10,0,totalVehiclesEntered,Total Vehicles Entered (Final),199064,199064,1,400,160,5,500,0,40,8,10,2,0
arrivals_gt_departures,lookaheadH,Greedy Lookahead Horizon H (steps),10,0,vehiclesInNetwork,Vehicles In Network (Final),159579,154301,0.96692547264991,400,160,5,500,0,40,8,10,2,0
arrivals_gt_departures,lookaheadH,Greedy Lookahead Horizon H (steps),10,0,sumQueueSizes,Total Queue Size (Final),158393,152029,0.959821456756296,400,160,5,500,0,40,8,10,2,0
arrivals_gt_departures,lookaheadH,Greedy Lookahead Horizon H (steps),10,0,sumAvgWaitTimes,Sum of Average Wait Times (Final),8477.962275408096,7848.93655214958,0.9258046093124145,400,160,5,500,0,40,8,10,2,0
arrivals_gt_departures,lookaheadH,Greedy Lookahead Horizon H (steps),10,0,sumTotalWaitTimes,Sum of Total Wait Times (Final),28900633,23759427,0.8221074950157666,400,160,5,500,0,40,8,10,2,0
arrivals_gt_departures,lookaheadH,Greedy Lookahead Horizon H (steps),10,0,sumStdTotalWaitTimes,Sum of Std Total Wait Times (Final),9024259.50944053,6446350.582360799,0.7143356832344074,400,160,5,500,0,40,8,10,2,0
arrivals_gt_departures,lookaheadH,Greedy Lookahead Horizon H (steps),11,0,throughput,Network Throughput (Final),39503,44792,1.1338885654254107,400,160,5,500,0,40,8,11,2,0
arrivals_gt_departures,lookaheadH,Greedy Lookahead Horizon H (steps),11,0,totalVehiclesEntered,Total Vehicles Entered (Final),199064,199064,1,400,160,5,500,0,40,8,11,2,0
arrivals_gt_departures,lookaheadH,Greedy Lookahead Horizon H (steps),11,0,vehiclesInNetwork,Vehicles In Network (Final),159561,154272,0.9668528023765206,400,160,5,500,0,40,8,11,2,0
arrivals_gt_departures,lookaheadH,Greedy Lookahead Horizon H (steps),11,0,sumQueueSizes,Total Queue Size (Final),158385,151975,0.9595289958013701,400,160,5,500,0,40,8,11,2,0
arrivals_gt_departures,lookaheadH,Greedy Lookahead Horizon H (steps),11,0,sumAvgWaitTimes,Sum of Average Wait Times (Final),8463.892642265811,7932.12936003407,0.9371727283524018,400,160,5,500,0,40,8,11,2,0
arrivals_gt_departures,lookaheadH,Greedy Lookahead Horizon H (steps),11,0,sumTotalWaitTimes,Sum of Total Wait Times (Final),28902324,23751628,0.8217895557464514,400,160,5,500,0,40,8,11,2,0
arrivals_gt_departures,lookaheadH,Greedy Lookahead Horizon H (steps),11,0,sumStdTotalWaitTimes,Sum of Std Total Wait Times (Final),9014164.8243661,6428762.177113027,0.7131844494051743,400,160,5,500,0,40,8,11,2,0
arrivals_gt_departures,lookaheadH,Greedy Lookahead Horizon H (steps),12,0,throughput,Network Throughput (Final),39553,44475,1.1244406239728972,400,160,5,500,0,40,8,12,2,0
arrivals_gt_departures,lookaheadH,Greedy Lookahead Horizon H (steps),12,0,totalVehiclesEntered,Total Vehicles Entered (Final),199064,199064,1,400,160,5,500,0,40,8,12,2,0
arrivals_gt_departures,lookaheadH,Greedy Lookahead Horizon H (steps),12,0,vehiclesInNetwork,Vehicles In Network (Final),159511,154589,0.9691431938863151,400,160,5,500,0,40,8,12,2,0
arrivals_gt_departures,lookaheadH,Greedy Lookahead Horizon H (steps),12,0,sumQueueSizes,Total Queue Size (Final),158345,152327,0.9619943793615208,400,160,5,500,0,40,8,12,2,0
arrivals_gt_departures,lookaheadH,Greedy Lookahead Horizon H (steps),12,0,sumAvgWaitTimes,Sum of Average Wait Times (Final),8453.981826831357,8130.895519142182,0.9617829427236572,400,160,5,500,0,40,8,12,2,0
arrivals_gt_departures,lookaheadH,Greedy Lookahead Horizon H (steps),12,0,sumTotalWaitTimes,Sum of Total Wait Times (Final),28901472,23816199,0.8240479585261263,400,160,5,500,0,40,8,12,2,0
arrivals_gt_departures,lookaheadH,Greedy Lookahead Horizon H (steps),12,0,sumStdTotalWaitTimes,Sum of Std Total Wait Times (Final),9021748.800181095,6398244.344285675,0.7092022274170661,400,160,5,500,0,40,8,12,2,0
arrivals_gt_departures,lookaheadH,Greedy Lookahead Horizon H (steps),13,0,throughput,Network Throughput (Final),39608,44573,1.1253534639466773,400,160,5,500,0,40,8,13,2,0
arrivals_gt_departures,lookaheadH,Greedy Lookahead Horizon H (steps),13,0,totalVehiclesEntered,Total Vehicles Entered (Final),199064,199064,1,400,160,5,500,0,40,8,13,2,0
arrivals_gt_departures,lookaheadH,Greedy Lookahead Horizon H (steps),13,0,vehiclesInNetwork,Vehicles In Network (Final),159456,154491,0.9688628838049368,400,160,5,500,0,40,8,13,2,0
arrivals_gt_departures,lookaheadH,Greedy Lookahead Horizon H (steps),13,0,sumQueueSizes,Total Queue Size (Final),158264,152220,0.9618106455037153,400,160,5,500,0,40,8,13,2,0
arrivals_gt_departures,lookaheadH,Greedy Lookahead Horizon H (steps),13,0,sumAvgWaitTimes,Sum of Average Wait Times (Final),8456.591968008643,8051.582626546206,0.9521072622405585,400,160,5,500,0,40,8,13,2,0
arrivals_gt_departures,lookaheadH,Greedy Lookahead Horizon H (steps),13,0,sumTotalWaitTimes,Sum of Total Wait Times (Final),28890236,23792558,0.8235501433771604,400,160,5,500,0,40,8,13,2,0
arrivals_gt_departures,lookaheadH,Greedy Lookahead Horizon H (steps),13,0,sumStdTotalWaitTimes,Sum of Std Total Wait Times (Final),9023241.215175297,6391001.841552246,0.7082822778586316,400,160,5,500,0,40,8,13,2,0
arrivals_gt_departures,lookaheadH,Greedy Lookahead Horizon H (steps),14,0,throughput,Network Throughput (Final),39539,44375,1.1223096183515011,400,160,5,500,0,40,8,14,2,0
arrivals_gt_departures,lookaheadH,Greedy Lookahead Horizon H (steps),14,0,totalVehiclesEntered,Total Vehicles Entered (Final),199064,199064,1,400,160,5,500,0,40,8,14,2,0
arrivals_gt_departures,lookaheadH,Greedy Lookahead Horizon H (steps),14,0,vehiclesInNetwork,Vehicles In Network (Final),159525,154689,0.9696850023507287,400,160,5,500,0,40,8,14,2,0
arrivals_gt_departures,lookaheadH,Greedy Lookahead Horizon H (steps),14,0,sumQueueSizes,Total Queue Size (Final),158358,152340,0.9619974993369454,400,160,5,500,0,40,8,14,2,0
arrivals_gt_departures,lookaheadH,Greedy Lookahead Horizon H (steps),14,0,sumAvgWaitTimes,Sum of Average Wait Times (Final),8491.852695127247,8174.521091597322,0.9626310517948558,400,160,5,500,0,40,8,14,2,0
arrivals_gt_departures,lookaheadH,Greedy Lookahead Horizon H (steps),14,0,sumTotalWaitTimes,Sum of Total Wait Times (Final),28900670,23781852,0.8228823760833226,400,160,5,500,0,40,8,14,2,0
arrivals_gt_departures,lookaheadH,Greedy Lookahead Horizon H (steps),14,0,sumStdTotalWaitTimes,Sum of Std Total Wait Times (Final),9019002.06698687,6367486.084737261,0.7060078307382576,400,160,5,500,0,40,8,14,2,0
arrivals_gt_departures,lookaheadH,Greedy Lookahead Horizon H (steps),15,0,throughput,Network Throughput (Final),39596,44317,1.1192292150722296,400,160,5,500,0,40,8,15,2,0
arrivals_gt_departures,lookaheadH,Greedy Lookahead Horizon H (steps),15,0,totalVehiclesEntered,Total Vehicles Entered (Final),199064,199064,1,400,160,5,500,0,40,8,15,2,0
arrivals_gt_departures,lookaheadH,Greedy Lookahead Horizon H (steps),15,0,vehiclesInNetwork,Vehicles In Network (Final),159468,154747,0.970395314420448,400,160,5,500,0,40,8,15,2,0
arrivals_gt_departures,lookaheadH,Greedy Lookahead Horizon H (steps),15,0,sumQueueSizes,Total Queue Size (Final),158311,152499,0.9632874531776061,400,160,5,500,0,40,8,15,2,0
arrivals_gt_departures,lookaheadH,Greedy Lookahead Horizon H (steps),15,0,sumAvgWaitTimes,Sum of Average Wait Times (Final),8452.294853614361,8466.502184685647,1.00168088446006,400,160,5,500,0,40,8,15,2,0
arrivals_gt_departures,lookaheadH,Greedy Lookahead Horizon H (steps),15,0,sumTotalWaitTimes,Sum of Total Wait Times (Final),28893808,23810186,0.8240584280202873,400,160,5,500,0,40,8,15,2,0
arrivals_gt_departures,lookaheadH,Greedy Lookahead Horizon H (steps),15,0,sumStdTotalWaitTimes,Sum of Std Total Wait Times (Final),9012692.002121598,6354062.734827388,0.7050127457292044,400,160,5,500,0,40,8,15,2,0
arrivals_gt_departures,lookaheadH,Greedy Lookahead Horizon H (steps),16,0,throughput,Network Throughput (Final),39558,43796,1.107133828808332,400,160,5,500,0,40,8,16,2,0
arrivals_gt_departures,lookaheadH,Greedy Lookahead Horizon H (steps),16,0,totalVehiclesEntered,Total Vehicles Entered (Final),199064,199064,1,400,160,5,500,0,40,8,16,2,0
arrivals_gt_departures,lookaheadH,Greedy Lookahead Horizon H (steps),16,0,vehiclesInNetwork,Vehicles In Network (Final),159506,155268,0.973430466565521,400,160,5,500,0,40,8,16,2,0
arrivals_gt_departures,lookaheadH,Greedy Lookahead Horizon H (steps),16,0,sumQueueSizes,Total Queue Size (Final),158330,153014,0.9664245563064485,400,160,5,500,0,40,8,16,2,0
arrivals_gt_departures,lookaheadH,Greedy Lookahead Horizon H (steps),16,0,sumAvgWaitTimes,Sum of Average Wait Times (Final),8462.197889945424,8534.62181611866,1.008558524288269,400,160,5,500,0,40,8,16,2,0
arrivals_gt_departures,lookaheadH,Greedy Lookahead Horizon H (steps),16,0,sumTotalWaitTimes,Sum of Total Wait Times (Final),28881204,23843752,0.8255802632050935,400,160,5,500,0,40,8,16,2,0
arrivals_gt_departures,lookaheadH,Greedy Lookahead Horizon H (steps),16,0,sumStdTotalWaitTimes,Sum of Std Total Wait Times (Final),9017626.718035687,6322132.400877869,0.7010860616167778,400,160,5,500,0,40,8,16,2,0
arrivals_gt_departures,lookaheadH,Greedy Lookahead Horizon H (steps),17,0,throughput,Network Throughput (Final),39516,43913,1.111271383743294,400,160,5,500,0,40,8,17,2,0
arrivals_gt_departures,lookaheadH,Greedy Lookahead Horizon H (steps),17,0,totalVehiclesEntered,Total Vehicles Entered (Final),199064,199064,1,400,160,5,500,0,40,8,17,2,0
arrivals_gt_departures,lookaheadH,Greedy Lookahead Horizon H (steps),17,0,vehiclesInNetwork,Vehicles In Network (Final),159548,155151,0.9724408955298719,400,160,5,500,0,40,8,17,2,0
arrivals_gt_departures,lookaheadH,Greedy Lookahead Horizon H (steps),17,0,sumQueueSizes,Total Queue Size (Final),158337,152925,0.9658197389113095,400,160,5,500,0,40,8,17,2,0
arrivals_gt_departures,lookaheadH,Greedy Lookahead Horizon H (steps),17,0,sumAvgWaitTimes,Sum of Average Wait Times (Final),8511.76081566127,8531.186548827718,1.002282222631386,400,160,5,500,0,40,8,17,2,0
arrivals_gt_departures,lookaheadH,Greedy Lookahead Horizon H (steps),17,0,sumTotalWaitTimes,Sum of Total Wait Times (Final),28907438,23830280,0.8243649956111642,400,160,5,500,0,40,8,17,2,0
arrivals_gt_departures,lookaheadH,Greedy Lookahead Horizon H (steps),17,0,sumStdTotalWaitTimes,Sum of Std Total Wait Times (Final),9024527.711786363,6313817.309596555,0.6996285579965009,400,160,5,500,0,40,8,17,2,0
arrivals_gt_departures,lookaheadH,Greedy Lookahead Horizon H (steps),18,0,throughput,Network Throughput (Final),39516,43778,1.1078550460572933,400,160,5,500,0,40,8,18,2,0
arrivals_gt_departures,lookaheadH,Greedy Lookahead Horizon H (steps),18,0,totalVehiclesEntered,Total Vehicles Entered (Final),199064,199064,1,400,160,5,500,0,40,8,18,2,0
arrivals_gt_departures,lookaheadH,Greedy Lookahead Horizon H (steps),18,0,vehiclesInNetwork,Vehicles In Network (Final),159548,155286,0.9732870358763507,400,160,5,500,0,40,8,18,2,0
arrivals_gt_departures,lookaheadH,Greedy Lookahead Horizon H (steps),18,0,sumQueueSizes,Total Queue Size (Final),158352,152979,0.9660692634131555,400,160,5,500,0,40,8,18,2,0
arrivals_gt_departures,lookaheadH,Greedy Lookahead Horizon H (steps),18,0,sumAvgWaitTimes,Sum of Average Wait Times (Final),8509.688482275382,8630.838066784338,1.0142366650390664,400,160,5,500,0,40,8,18,2,0
arrivals_gt_departures,lookaheadH,Greedy Lookahead Horizon H (steps),18,0,sumTotalWaitTimes,Sum of Total Wait Times (Final),28896605,23847982,0.825286638343847,400,160,5,500,0,40,8,18,2,0
arrivals_gt_departures,lookaheadH,Greedy Lookahead Horizon H (steps),18,0,sumStdTotalWaitTimes,Sum of Std Total Wait Times (Final),9021079.721039042,6315654.514114071,0.7000996232617971,400,160,5,500,0,40,8,18,2,0
arrivals_gt_departures,lookaheadH,Greedy Lookahead Horizon H (steps),19,0,throughput,Network Throughput (Final),39571,43462,1.0983295847969472,400,160,5,500,0,40,8,19,2,0
arrivals_gt_departures,lookaheadH,Greedy Lookahead Horizon H (steps),19,0,totalVehiclesEntered,Total Vehicles Entered (Final),199064,199064,1,400,160,5,500,0,40,8,19,2,0
arrivals_gt_departures,lookaheadH,Greedy Lookahead Horizon H (steps),19,0,vehiclesInNetwork,Vehicles In Network (Final),159493,155602,0.975603945000721,400,160,5,500,0,40,8,19,2,0
arrivals_gt_departures,lookaheadH,Greedy Lookahead Horizon H (steps),19,0,sumQueueSizes,Total Queue Size (Final),158300,153282,0.9683006948831333,400,160,5,500,0,40,8,19,2,0
arrivals_gt_departures,lookaheadH,Greedy Lookahead Horizon H (steps),19,0,sumAvgWaitTimes,Sum of Average Wait Times (Final),8460.35451003653,8734.869833332088,1.0324472600964771,400,160,5,500,0,40,8,19,2,0
arrivals_gt_departures,lookaheadH,Greedy Lookahead Horizon H (steps),19,0,sumTotalWaitTimes,Sum of Total Wait Times (Final),28893271,23835634,0.8249545023822329,400,160,5,500,0,40,8,19,2,0
arrivals_gt_departures,lookaheadH,Greedy Lookahead Horizon H (steps),19,0,sumStdTotalWaitTimes,Sum of Std Total Wait Times (Final),9019335.014678234,6294052.755396206,0.6978400009704869,400,160,5,500,0,40,8,19,2,0
arrivals_gt_departures,lookaheadH,Greedy Lookahead Horizon H (steps),20,0,throughput,Network Throughput (Final),39470,43481,1.1016214846719028,400,160,5,500,0,40,8,20,2,0
arrivals_gt_departures,lookaheadH,Greedy Lookahead Horizon H (steps),20,0,totalVehiclesEntered,Total Vehicles Entered (Final),199064,199064,1,400,160,5,500,0,40,8,20,2,0
arrivals_gt_departures,lookaheadH,Greedy Lookahead Horizon H (steps),20,0,vehiclesInNetwork,Vehicles In Network (Final),159594,155583,0.9748674762209105,400,160,5,500,0,40,8,20,2,0
arrivals_gt_departures,lookaheadH,Greedy Lookahead Horizon H (steps),20,0,sumQueueSizes,Total Queue Size (Final),158415,153326,0.9678755168386832,400,160,5,500,0,40,8,20,2,0
arrivals_gt_departures,lookaheadH,Greedy Lookahead Horizon H (steps),20,0,sumAvgWaitTimes,Sum of Average Wait Times (Final),8502.106381064654,8890.45230343373,1.0456764365162468,400,160,5,500,0,40,8,20,2,0
arrivals_gt_departures,lookaheadH,Greedy Lookahead Horizon H (steps),20,0,sumTotalWaitTimes,Sum of Total Wait Times (Final),28899222,23875848,0.8261761510396369,400,160,5,500,0,40,8,20,2,0
arrivals_gt_departures,lookaheadH,Greedy Lookahead Horizon H (steps),20,0,sumStdTotalWaitTimes,Sum of Std Total Wait Times (Final),9019256.672325417,6271126.870641657,0.6953041806520387,400,160,5,500,0,40,8,20,2,0
arrivals_gt_departures,totalWaitWeight,Total Wait Weight,0,0,throughput,Network Throughput (Final),39604,12083,0.3050954449045551,400,160,5,500,0,40,8,0,2,0
arrivals_gt_departures,totalWaitWeight,Total Wait Weight,0,0,totalVehiclesEntered,Total Vehicles Entered (Final),199064,199064,1,400,160,5,500,0,40,8,0,2,0
arrivals_gt_departures,totalWaitWeight,Total Wait Weight,0,0,vehiclesInNetwork,Vehicles In Network (Final),159460,186981,1.1725887369873322,400,160,5,500,0,40,8,0,2,0
arrivals_gt_departures,totalWaitWeight,Total Wait Weight,0,0,sumQueueSizes,Total Queue Size (Final),158271,185317,1.1708841164837525,400,160,5,500,0,40,8,0,2,0
arrivals_gt_departures,totalWaitWeight,Total Wait Weight,0,0,sumAvgWaitTimes,Sum of Average Wait Times (Final),8476.15429015731,19950.722562975025,2.353746980059368,400,160,5,500,0,40,8,0,2,0
arrivals_gt_departures,totalWaitWeight,Total Wait Weight,0,0,sumTotalWaitTimes,Sum of Total Wait Times (Final),28896879,33959214,1.175186219937454,400,160,5,500,0,40,8,0,2,0
arrivals_gt_departures,totalWaitWeight,Total Wait Weight,0,0,sumStdTotalWaitTimes,Sum of Std Total Wait Times (Final),9013026.856881678,4084814.198793718,0.4532122519611552,400,160,5,500,0,40,8,0,2,0
arrivals_gt_departures,totalWaitWeight,Total Wait Weight,1.0526,0,throughput,Network Throughput (Final),39587,45694,1.154267815191856,400,160,5,500,0,40,8,1.0526,2,0
arrivals_gt_departures,totalWaitWeight,Total Wait Weight,1.0526,0,totalVehiclesEntered,Total Vehicles Entered (Final),199064,199064,1,400,160,5,500,0,40,8,1.0526,2,0
arrivals_gt_departures,totalWaitWeight,Total Wait Weight,1.0526,0,vehiclesInNetwork,Vehicles In Network (Final),159477,153370,0.9617060767383384,400,160,5,500,0,40,8,1.0526,2,0
arrivals_gt_departures,totalWaitWeight,Total Wait Weight,1.0526,0,sumQueueSizes,Total Queue Size (Final),158276,151107,0.9547057039601708,400,160,5,500,0,40,8,1.0526,2,0
arrivals_gt_departures,totalWaitWeight,Total Wait Weight,1.0526,0,sumAvgWaitTimes,Sum of Average Wait Times (Final),8464.714970850986,7445.114157314726,0.8795469407951304,400,160,5,500,0,40,8,1.0526,2,0
arrivals_gt_departures,totalWaitWeight,Total Wait Weight,1.0526,0,sumTotalWaitTimes,Sum of Total Wait Times (Final),28886358,23711978,0.8208711530889425,400,160,5,500,0,40,8,1.0526,2,0
arrivals_gt_departures,totalWaitWeight,Total Wait Weight,1.0526,0,sumStdTotalWaitTimes,Sum of Std Total Wait Times (Final),9020694.1333871,6545161.154822322,0.7255717861663864,400,160,5,500,0,40,8,1.0526,2,0
arrivals_gt_departures,totalWaitWeight,Total Wait Weight,2.1053,0,throughput,Network Throughput (Final),39536,46833,1.1845659651962768,400,160,5,500,0,40,8,2.1053,2,0
arrivals_gt_departures,totalWaitWeight,Total Wait Weight,2.1053,0,totalVehiclesEntered,Total Vehicles Entered (Final),199064,199064,1,400,160,5,500,0,40,8,2.1053,2,0
arrivals_gt_departures,totalWaitWeight,Total Wait Weight,2.1053,0,vehiclesInNetwork,Vehicles In Network (Final),159528,152231,0.9542588134998244,400,160,5,500,0,40,8,2.1053,2,0
arrivals_gt_departures,totalWaitWeight,Total Wait Weight,2.1053,0,sumQueueSizes,Total Queue Size (Final),158345,149838,0.9462755375919669,400,160,5,500,0,40,8,2.1053,2,0
arrivals_gt_departures,totalWaitWeight,Total Wait Weight,2.1053,0,sumAvgWaitTimes,Sum of Average Wait Times (Final),8458.932752272509,7095.768710389871,0.8388491690613782,400,160,5,500,0,40,8,2.1053,2,0
arrivals_gt_departures,totalWaitWeight,Total Wait Weight,2.1053,0,sumTotalWaitTimes,Sum of Total Wait Times (Final),28895881,23637539,0.8180245135976301,400,160,5,500,0,40,8,2.1053,2,0
arrivals_gt_departures,totalWaitWeight,Total Wait Weight,2.1053,0,sumStdTotalWaitTimes,Sum of Std Total Wait Times (Final),9016751.918268502,6903139.8078701375,0.7655905220020466,400,160,5,500,0,40,8,2.1053,2,0
arrivals_gt_departures,totalWaitWeight,Total Wait Weight,3.1579,0,throughput,Network Throughput (Final),39517,47291,1.1967254599286383,400,160,5,500,0,40,8,3.1579,2,0
arrivals_gt_departures,totalWaitWeight,Total Wait Weight,3.1579,0,totalVehiclesEntered,Total Vehicles Entered (Final),199064,199064,1,400,160,5,500,0,40,8,3.1579,2,0
arrivals_gt_departures,totalWaitWeight,Total Wait Weight,3.1579,0,vehiclesInNetwork,Vehicles In Network (Final),159547,151773,0.9512745460585282,400,160,5,500,0,40,8,3.1579,2,0
arrivals_gt_departures,totalWaitWeight,Total Wait Weight,3.1579,0,sumQueueSizes,Total Queue Size (Final),158362,149498,0.9440269761685253,400,160,5,500,0,40,8,3.1579,2,0
arrivals_gt_departures,totalWaitWeight,Total Wait Weight,3.1579,0,sumAvgWaitTimes,Sum of Average Wait Times (Final),8456.596690289216,6902.919075535436,0.8162762548983941,400,160,5,500,0,40,8,3.1579,2,0
arrivals_gt_departures,totalWaitWeight,Total Wait Weight,3.1579,0,sumTotalWaitTimes,Sum of Total Wait Times (Final),28900015,23676807,0.8192662529759933,400,160,5,500,0,40,8,3.1579,2,0
arrivals_gt_departures,totalWaitWeight,Total Wait Weight,3.1579,0,sumStdTotalWaitTimes,Sum of Std Total Wait Times (Final),9022304.33820387,7028135.421126651,0.778973437125907,400,160,5,500,0,40,8,3.1579,2,0
arrivals_gt_departures,totalWaitWeight,Total Wait Weight,4.2105,0,throughput,Network Throughput (Final),39481,47341,1.1990831032648617,400,160,5,500,0,40,8,4.2105,2,0
arrivals_gt_departures,totalWaitWeight,Total Wait Weight,4.2105,0,totalVehiclesEntered,Total Vehicles Entered (Final),199064,199064,1,400,160,5,500,0,40,8,4.2105,2,0
arrivals_gt_departures,totalWaitWeight,Total Wait Weight,4.2105,0,vehiclesInNetwork,Vehicles In Network (Final),159583,151723,0.9507466334133335,400,160,5,500,0,40,8,4.2105,2,0
arrivals_gt_departures,totalWaitWeight,Total Wait Weight,4.2105,0,sumQueueSizes,Total Queue Size (Final),158369,149378,0.9432275255889726,400,160,5,500,0,40,8,4.2105,2,0
arrivals_gt_departures,totalWaitWeight,Total Wait Weight,4.2105,0,sumAvgWaitTimes,Sum of Average Wait Times (Final),8461.773258054824,6814.833490422982,0.8053670646322144,400,160,5,500,0,40,8,4.2105,2,0
arrivals_gt_departures,totalWaitWeight,Total Wait Weight,4.2105,0,sumTotalWaitTimes,Sum of Total Wait Times (Final),28896249,23696696,0.8200613166089481,400,160,5,500,0,40,8,4.2105,2,0
arrivals_gt_departures,totalWaitWeight,Total Wait Weight,4.2105,0,sumStdTotalWaitTimes,Sum of Std Total Wait Times (Final),9020473.401355192,7104686.515774258,0.7876179219936378,400,160,5,500,0,40,8,4.2105,2,0
arrivals_gt_departures,totalWaitWeight,Total Wait Weight,5.2632,0,throughput,Network Throughput (Final),39521,47638,1.2053844791376735,400,160,5,500,0,40,8,5.2632,2,0
arrivals_gt_departures,totalWaitWeight,Total Wait Weight,5.2632,0,totalVehiclesEntered,Total Vehicles Entered (Final),199064,199064,1,400,160,5,500,0,40,8,5.2632,2,0
arrivals_gt_departures,totalWaitWeight,Total Wait Weight,5.2632,0,vehiclesInNetwork,Vehicles In Network (Final),159543,151426,0.9491234338078136,400,160,5,500,0,40,8,5.2632,2,0
arrivals_gt_departures,totalWaitWeight,Total Wait Weight,5.2632,0,sumQueueSizes,Total Queue Size (Final),158328,149038,0.9413243393461674,400,160,5,500,0,40,8,5.2632,2,0
arrivals_gt_departures,totalWaitWeight,Total Wait Weight,5.2632,0,sumAvgWaitTimes,Sum of Average Wait Times (Final),8468.951138663479,6780.094074587487,0.8005824999549451,400,160,5,500,0,40,8,5.2632,2,0
arrivals_gt_departures,totalWaitWeight,Total Wait Weight,5.2632,0,sumTotalWaitTimes,Sum of Total Wait Times (Final),28882972,23693697,0.8203344517316293,400,160,5,500,0,40,8,5.2632,2,0
arrivals_gt_departures,totalWaitWeight,Total Wait Weight,5.2632,0,sumStdTotalWaitTimes,Sum of Std Total Wait Times (Final),9020817.218178738,7145944.061143478,0.7921614958280035,400,160,5,500,0,40,8,5.2632,2,0
arrivals_gt_departures,totalWaitWeight,Total Wait Weight,6.3158,0,throughput,Network Throughput (Final),39540,47802,1.2089529590288315,400,160,5,500,0,40,8,6.3158,2,0
arrivals_gt_departures,totalWaitWeight,Total Wait Weight,6.3158,0,totalVehiclesEntered,Total Vehicles Entered (Final),199064,199064,1,400,160,5,500,0,40,8,6.3158,2,0
arrivals_gt_departures,totalWaitWeight,Total Wait Weight,6.3158,0,vehiclesInNetwork,Vehicles In Network (Final),159524,151262,0.9482084200496477,400,160,5,500,0,40,8,6.3158,2,0
arrivals_gt_departures,totalWaitWeight,Total Wait Weight,6.3158,0,sumQueueSizes,Total Queue Size (Final),158371,148859,0.9399384988413283,400,160,5,500,0,40,8,6.3158,2,0
arrivals_gt_departures,totalWaitWeight,Total Wait Weight,6.3158,0,sumAvgWaitTimes,Sum of Average Wait Times (Final),8460.975699663724,6708.335710742547,0.7928560427149277,400,160,5,500,0,40,8,6.3158,2,0
arrivals_gt_departures,totalWaitWeight,Total Wait Weight,6.3158,0,sumTotalWaitTimes,Sum of Total Wait Times (Final),28872019,23672875,0.8199244742807907,400,160,5,500,0,40,8,6.3158,2,0
arrivals_gt_departures,totalWaitWeight,Total Wait Weight,6.3158,0,sumStdTotalWaitTimes,Sum of Std Total Wait Times (Final),9021886.133270422,7175593.8801627755,0.7953540727698846,400,160,5,500,0,40,8,6.3158,2,0
arrivals_gt_departures,totalWaitWeight,Total Wait Weight,7.3684,0,throughput,Network Throughput (Final),39699,47777,1.2034811959998992,400,160,5,500,0,40,8,7.3684,2,0
arrivals_gt_departures,totalWaitWeight,Total Wait Weight,7.3684,0,totalVehiclesEntered,Total Vehicles Entered (Final),199064,199064,1,400,160,5,500,0,40,8,7.3684,2,0
arrivals_gt_departures,totalWaitWeight,Total Wait Weight,7.3684,0,vehiclesInNetwork,Vehicles In Network (Final),159365,151287,0.9493113293383114,400,160,5,500,0,40,8,7.3684,2,0
arrivals_gt_departures,totalWaitWeight,Total Wait Weight,7.3684,0,sumQueueSizes,Total Queue Size (Final),158180,149021,0.94209761031736,400,160,5,500,0,40,8,7.3684,2,0
arrivals_gt_departures,totalWaitWeight,Total Wait Weight,7.3684,0,sumAvgWaitTimes,Sum of Average Wait Times (Final),8432.316980170477,6785.067845134334,0.8046504728285439,400,160,5,500,0,40,8,7.3684,2,0
arrivals_gt_departures,totalWaitWeight,Total Wait Weight,7.3684,0,sumTotalWaitTimes,Sum of Total Wait Times (Final),28864292,23709907,0.8214269381698328,400,160,5,500,0,40,8,7.3684,2,0
arrivals_gt_departures,totalWaitWeight,Total Wait Weight,7.3684,0,sumStdTotalWaitTimes,Sum of Std Total Wait Times (Final),9027041.095467236,7204385.997958157,0.7980894206381434,400,160,5,500,0,40,8,7.3684,2,0
arrivals_gt_departures,totalWaitWeight,Total Wait Weight,8.4211,0,throughput,Network Throughput (Final),39504,47724,1.2080801944106927,400,160,5,500,0,40,8,8.4211,2,0
arrivals_gt_departures,totalWaitWeight,Total Wait Weight,8.4211,0,totalVehiclesEntered,Total Vehicles Entered (Final),199064,199064,1,400,160,5,500,0,40,8,8.4211,2,0
arrivals_gt_departures,totalWaitWeight,Total Wait Weight,8.4211,0,vehiclesInNetwork,Vehicles In Network (Final),159560,151340,0.9484833291551767,400,160,5,500,0,40,8,8.4211,2,0
arrivals_gt_departures,totalWaitWeight,Total Wait Weight,8.4211,0,sumQueueSizes,Total Queue Size (Final),158412,148979,0.9404527434790294,400,160,5,500,0,40,8,8.4211,2,0
arrivals_gt_departures,totalWaitWeight,Total Wait Weight,8.4211,0,sumAvgWaitTimes,Sum of Average Wait Times (Final),8447.57528171525,6688.6351325796,0.7917816544419711,400,160,5,500,0,40,8,8.4211,2,0
arrivals_gt_departures,totalWaitWeight,Total Wait Weight,8.4211,0,sumTotalWaitTimes,Sum of Total Wait Times (Final),28887601,23733292,0.8215736571548464,400,160,5,500,0,40,8,8.4211,2,0
arrivals_gt_departures,totalWaitWeight,Total Wait Weight,8.4211,0,sumStdTotalWaitTimes,Sum of Std Total Wait Times (Final),9022586.320181435,7220644.778754865,0.8002854749756126,400,160,5,500,0,40,8,8.4211,2,0
arrivals_gt_departures,totalWaitWeight,Total Wait Weight,9.4737,0,throughput,Network Throughput (Final),39604,47684,1.204019795980204,400,160,5,500,0,40,8,9.4737,2,0
arrivals_gt_departures,totalWaitWeight,Total Wait Weight,9.4737,0,totalVehiclesEntered,Total Vehicles Entered (Final),199064,199064,1,400,160,5,500,0,40,8,9.4737,2,0
arrivals_gt_departures,totalWaitWeight,Total Wait Weight,9.4737,0,vehiclesInNetwork,Vehicles In Network (Final),159460,151380,0.9493289853254735,400,160,5,500,0,40,8,9.4737,2,0
arrivals_gt_departures,totalWaitWeight,Total Wait Weight,9.4737,0,sumQueueSizes,Total Queue Size (Final),158260,148998,0.9414760520662201,400,160,5,500,0,40,8,9.4737,2,0
arrivals_gt_departures,totalWaitWeight,Total Wait Weight,9.4737,0,sumAvgWaitTimes,Sum of Average Wait Times (Final),8470.845570957752,6685.274297832082,0.7892097951534507,400,160,5,500,0,40,8,9.4737,2,0
arrivals_gt_departures,totalWaitWeight,Total Wait Weight,9.4737,0,sumTotalWaitTimes,Sum of Total Wait Times (Final),28880796,23740655,0.8220221838760954,400,160,5,500,0,40,8,9.4737,2,0
arrivals_gt_departures,totalWaitWeight,Total Wait Weight,9.4737,0,sumStdTotalWaitTimes,Sum of Std Total Wait Times (Final),9026182.453067642,7235827.824028388,0.8016487437132646,400,160,5,500,0,40,8,9.4737,2,0
arrivals_gt_departures,totalWaitWeight,Total Wait Weight,10.5263,0,throughput,Network Throughput (Final),39545,47871,1.2105449487925148,400,160,5,500,0,40,8,10.5263,2,0
arrivals_gt_departures,totalWaitWeight,Total Wait Weight,10.5263,0,totalVehiclesEntered,Total Vehicles Entered (Final),199064,199064,1,400,160,5,500,0,40,8,10.5263,2,0
arrivals_gt_departures,totalWaitWeight,Total Wait Weight,10.5263,0,vehiclesInNetwork,Vehicles In Network (Final),159519,151193,0.9478055905566108,400,160,5,500,0,40,8,10.5263,2,0
arrivals_gt_departures,totalWaitWeight,Total Wait Weight,10.5263,0,sumQueueSizes,Total Queue Size (Final),158345,148800,0.9397202311408633,400,160,5,500,0,40,8,10.5263,2,0
arrivals_gt_departures,totalWaitWeight,Total Wait Weight,10.5263,0,sumAvgWaitTimes,Sum of Average Wait Times (Final),8473.223138698475,6652.830043188167,0.7851593111957242,400,160,5,500,0,40,8,10.5263,2,0
arrivals_gt_departures,totalWaitWeight,Total Wait Weight,10.5263,0,sumTotalWaitTimes,Sum of Total Wait Times (Final),28894871,23735534,0.8214445394132405,400,160,5,500,0,40,8,10.5263,2,0
arrivals_gt_departures,totalWaitWeight,Total Wait Weight,10.5263,0,sumStdTotalWaitTimes,Sum of Std Total Wait Times (Final),9022070.035996618,7239693.234643065,0.8024425886473776,400,160,5,500,0,40,8,10.5263,2,0
arrivals_gt_departures,totalWaitWeight,Total Wait Weight,11.5789,0,throughput,Network Throughput (Final),39423,47613,1.2077467468229206,400,160,5,500,0,40,8,11.5789,2,0
arrivals_gt_departures,totalWaitWeight,Total Wait Weight,11.5789,0,totalVehiclesEntered,Total Vehicles Entered (Final),199064,199064,1,400,160,5,500,0,40,8,11.5789,2,0
arrivals_gt_departures,totalWaitWeight,Total Wait Weight,11.5789,0,vehiclesInNetwork,Vehicles In Network (Final),159641,151451,0.9486973897682927,400,160,5,500,0,40,8,11.5789,2,0
arrivals_gt_departures,totalWaitWeight,Total Wait Weight,11.5789,0,sumQueueSizes,Total Queue Size (Final),158456,149033,0.9405323875397587,400,160,5,500,0,40,8,11.5789,2,0
arrivals_gt_departures,totalWaitWeight,Total Wait Weight,11.5789,0,sumAvgWaitTimes,Sum of Average Wait Times (Final),8465.989480723307,6697.693829159995,0.7911294768804469,400,160,5,500,0,40,8,11.5789,2,0
arrivals_gt_departures,totalWaitWeight,Total Wait Weight,11.5789,0,sumTotalWaitTimes,Sum of Total Wait Times (Final),28901691,23771432,0.822492773865723,400,160,5,500,0,40,8,11.5789,2,0
arrivals_gt_departures,totalWaitWeight,Total Wait Weight,11.5789,0,sumStdTotalWaitTimes,Sum of Std Total Wait Times (Final),9020915.666519828,7250666.4927837225,0.8037616979054357,400,160,5,500,0,40,8,11.5789,2,0
arrivals_gt_departures,totalWaitWeight,Total Wait Weight,12.6316,0,throughput,Network Throughput (Final),39556,47937,1.2118768328445748,400,160,5,500,0,40,8,12.6316,2,0
arrivals_gt_departures,totalWaitWeight,Total Wait Weight,12.6316,0,totalVehiclesEntered,Total Vehicles Entered (Final),199064,199064,1,400,160,5,500,0,40,8,12.6316,2,0
arrivals_gt_departures,totalWaitWeight,Total Wait Weight,12.6316,0,vehiclesInNetwork,Vehicles In Network (Final),159508,151127,0.9474571808310555,400,160,5,500,0,40,8,12.6316,2,0
arrivals_gt_departures,totalWaitWeight,Total Wait Weight,12.6316,0,sumQueueSizes,Total Queue Size (Final),158289,148850,0.9403685663564746,400,160,5,500,0,40,8,12.6316,2,0
arrivals_gt_departures,totalWaitWeight,Total Wait Weight,12.6316,0,sumAvgWaitTimes,Sum of Average Wait Times (Final),8458.183054242856,6754.885708140289,0.7986213664117678,400,160,5,500,0,40,8,12.6316,2,0
arrivals_gt_departures,totalWaitWeight,Total Wait Weight,12.6316,0,sumTotalWaitTimes,Sum of Total Wait Times (Final),28887071,23768311,0.8228010032585166,400,160,5,500,0,40,8,12.6316,2,0
arrivals_gt_departures,totalWaitWeight,Total Wait Weight,12.6316,0,sumStdTotalWaitTimes,Sum of Std Total Wait Times (Final),9021927.1093008,7262133.876987409,0.804942645734834,400,160,5,500,0,40,8,12.6316,2,0
arrivals_gt_departures,totalWaitWeight,Total Wait Weight,13.6842,0,throughput,Network Throughput (Final),39473,47995,1.2158944088364199,400,160,5,500,0,40,8,13.6842,2,0
arrivals_gt_departures,totalWaitWeight,Total Wait Weight,13.6842,0,totalVehiclesEntered,Total Vehicles Entered (Final),199064,199064,1,400,160,5,500,0,40,8,13.6842,2,0
arrivals_gt_departures,totalWaitWeight,Total Wait Weight,13.6842,0,vehiclesInNetwork,Vehicles In Network (Final),159591,151069,0.9466009988031907,400,160,5,500,0,40,8,13.6842,2,0
arrivals_gt_departures,totalWaitWeight,Total Wait Weight,13.6842,0,sumQueueSizes,Total Queue Size (Final),158407,148816,0.939453433244743,400,160,5,500,0,40,8,13.6842,2,0
arrivals_gt_departures,totalWaitWeight,Total Wait Weight,13.6842,0,sumAvgWaitTimes,Sum of Average Wait Times (Final),8475.232264133689,6696.215732494448,0.7900922976273045,400,160,5,500,0,40,8,13.6842,2,0
arrivals_gt_departures,totalWaitWeight,Total Wait Weight,13.6842,0,sumTotalWaitTimes,Sum of Total Wait Times (Final),28898404,23756824,0.8220808318687772,400,160,5,500,0,40,8,13.6842,2,0
arrivals_gt_departures,totalWaitWeight,Total Wait Weight,13.6842,0,sumStdTotalWaitTimes,Sum of Std Total Wait Times (Final),9021056.053809457,7235774.375638408,0.8020983721282664,400,160,5,500,0,40,8,13.6842,2,0
arrivals_gt_departures,totalWaitWeight,Total Wait Weight,14.7368,0,throughput,Network Throughput (Final),39587,47972,1.2118119584712153,400,160,5,500,0,40,8,14.7368,2,0
arrivals_gt_departures,totalWaitWeight,Total Wait Weight,14.7368,0,totalVehiclesEntered,Total Vehicles Entered (Final),199064,199064,1,400,160,5,500,0,40,8,14.7368,2,0
arrivals_gt_departures,totalWaitWeight,Total Wait Weight,14.7368,0,vehiclesInNetwork,Vehicles In Network (Final),159477,151092,0.9474218852875336,400,160,5,500,0,40,8,14.7368,2,0
arrivals_gt_departures,totalWaitWeight,Total Wait Weight,14.7368,0,sumQueueSizes,Total Queue Size (Final),158325,148778,0.9396999842096952,400,160,5,500,0,40,8,14.7368,2,0
arrivals_gt_departures,totalWaitWeight,Total Wait Weight,14.7368,0,sumAvgWaitTimes,Sum of Average Wait Times (Final),8451.617029150902,6630.084140124298,0.7844752213991876,400,160,5,500,0,40,8,14.7368,2,0
arrivals_gt_departures,totalWaitWeight,Total Wait Weight,14.7368,0,sumTotalWaitTimes,Sum of Total Wait Times (Final),28892003,23754816,0.8221934630146619,400,160,5,500,0,40,8,14.7368,2,0
arrivals_gt_departures,totalWaitWeight,Total Wait Weight,14.7368,0,sumStdTotalWaitTimes,Sum of Std Total Wait Times (Final),9027281.365636948,7274095.554753963,0.8057902772858477,400,160,5,500,0,40,8,14.7368,2,0
arrivals_gt_departures,totalWaitWeight,Total Wait Weight,15.7895,0,throughput,Network Throughput (Final),39469,48151,1.2199701031189034,400,160,5,500,0,40,8,15.7895,2,0
arrivals_gt_departures,totalWaitWeight,Total Wait Weight,15.7895,0,totalVehiclesEntered,Total Vehicles Entered (Final),199064,199064,1,400,160,5,500,0,40,8,15.7895,2,0
arrivals_gt_departures,totalWaitWeight,Total Wait Weight,15.7895,0,vehiclesInNetwork,Vehicles In Network (Final),159595,150913,0.9455997994924653,400,160,5,500,0,40,8,15.7895,2,0
arrivals_gt_departures,totalWaitWeight,Total Wait Weight,15.7895,0,sumQueueSizes,Total Queue Size (Final),158435,148534,0.9375074951873008,400,160,5,500,0,40,8,15.7895,2,0
arrivals_gt_departures,totalWaitWeight,Total Wait Weight,15.7895,0,sumAvgWaitTimes,Sum of Average Wait Times (Final),8466.884203082416,6642.506993125496,0.7845279129608569,400,160,5,500,0,40,8,15.7895,2,0
arrivals_gt_departures,totalWaitWeight,Total Wait Weight,15.7895,0,sumTotalWaitTimes,Sum of Total Wait Times (Final),28878757,23740734,0.8220829587644648,400,160,5,500,0,40,8,15.7895,2,0
arrivals_gt_departures,totalWaitWeight,Total Wait Weight,15.7895,0,sumStdTotalWaitTimes,Sum of Std Total Wait Times (Final),9021683.957694244,7280674.899380817,0.8070195025144294,400,160,5,500,0,40,8,15.7895,2,0
arrivals_gt_departures,totalWaitWeight,Total Wait Weight,16.8421,0,throughput,Network Throughput (Final),39461,47868,1.2130457920478448,400,160,5,500,0,40,8,16.8421,2,0
arrivals_gt_departures,totalWaitWeight,Total Wait Weight,16.8421,0,totalVehiclesEntered,Total Vehicles Entered (Final),199064,199064,1,400,160,5,500,0,40,8,16.8421,2,0
arrivals_gt_departures,totalWaitWeight,Total Wait Weight,16.8421,0,vehiclesInNetwork,Vehicles In Network (Final),159603,151196,0.9473255515247208,400,160,5,500,0,40,8,16.8421,2,0
arrivals_gt_departures,totalWaitWeight,Total Wait Weight,16.8421,0,sumQueueSizes,Total Queue Size (Final),158420,148713,0.9387261709380129,400,160,5,500,0,40,8,16.8421,2,0
arrivals_gt_departures,totalWaitWeight,Total Wait Weight,16.8421,0,sumAvgWaitTimes,Sum of Average Wait Times (Final),8479.0841107512,6632.7836439403045,0.7822523703391682,400,160,5,500,0,40,8,16.8421,2,0
arrivals_gt_departures,totalWaitWeight,Total Wait Weight,16.8421,0,sumTotalWaitTimes,Sum of Total Wait Times (Final),28907619,23787718,0.822887488589081,400,160,5,500,0,40,8,16.8421,2,0
arrivals_gt_departures,totalWaitWeight,Total Wait Weight,16.8421,0,sumStdTotalWaitTimes,Sum of Std Total Wait Times (Final),9025959.658784993,7280259.284564322,0.8065911614703954,400,160,5,500,0,40,8,16.8421,2,0
arrivals_gt_departures,totalWaitWeight,Total Wait Weight,17.8947,0,throughput,Network Throughput (Final),39488,47851,1.2117858589951378,400,160,5,500,0,40,8,17.8947,2,0
arrivals_gt_departures,totalWaitWeight,Total Wait Weight,17.8947,0,totalVehiclesEntered,Total Vehicles Entered (Final),199064,199064,1,400,160,5,500,0,40,8,17.8947,2,0
arrivals_gt_departures,totalWaitWeight,Total Wait Weight,17.8947,0,vehiclesInNetwork,Vehicles In Network (Final),159576,151213,0.9475923697799168,400,160,5,500,0,40,8,17.8947,2,0
arrivals_gt_departures,totalWaitWeight,Total Wait Weight,17.8947,0,sumQueueSizes,Total Queue Size (Final),158353,148858,0.9400390267314165,400,160,5,500,0,40,8,17.8947,2,0
arrivals_gt_departures,totalWaitWeight,Total Wait Weight,17.8947,0,sumAvgWaitTimes,Sum of Average Wait Times (Final),8469.373156270658,6640.151820852392,0.7840192772632855,400,160,5,500,0,40,8,17.8947,2,0
arrivals_gt_departures,totalWaitWeight,Total Wait Weight,17.8947,0,sumTotalWaitTimes,Sum of Total Wait Times (Final),28904287,23775273,0.8225517896359111,400,160,5,500,0,40,8,17.8947,2,0
arrivals_gt_departures,totalWaitWeight,Total Wait Weight,17.8947,0,sumStdTotalWaitTimes,Sum of Std Total Wait Times (Final),9022917.248977894,7278489.284001705,0.8066669662548667,400,160,5,500,0,40,8,17.8947,2,0
arrivals_gt_departures,totalWaitWeight,Total Wait Weight,18.9474,0,throughput,Network Throughput (Final),39632,48068,1.2128582963262011,400,160,5,500,0,40,8,18.9474,2,0
arrivals_gt_departures,totalWaitWeight,Total Wait Weight,18.9474,0,totalVehiclesEntered,Total Vehicles Entered (Final),199064,199064,1,400,160,5,500,0,40,8,18.9474,2,0
arrivals_gt_departures,totalWaitWeight,Total Wait Weight,18.9474,0,vehiclesInNetwork,Vehicles In Network (Final),159432,150996,0.9470871594159266,400,160,5,500,0,40,8,18.9474,2,0
arrivals_gt_departures,totalWaitWeight,Total Wait Weight,18.9474,0,sumQueueSizes,Total Queue Size (Final),158215,148634,0.9394431627848181,400,160,5,500,0,40,8,18.9474,2,0
arrivals_gt_departures,totalWaitWeight,Total Wait Weight,18.9474,0,sumAvgWaitTimes,Sum of Average Wait Times (Final),8478.759942075098,6663.504640273216,0.7859055670636649,400,160,5,500,0,40,8,18.9474,2,0
arrivals_gt_departures,totalWaitWeight,Total Wait Weight,18.9474,0,sumTotalWaitTimes,Sum of Total Wait Times (Final),28891875,23769635,0.8227100179548749,400,160,5,500,0,40,8,18.9474,2,0
arrivals_gt_departures,totalWaitWeight,Total Wait Weight,18.9474,0,sumStdTotalWaitTimes,Sum of Std Total Wait Times (Final),9022906.844056284,7294451.7148875445,0.8084369971848556,400,160,5,500,0,40,8,18.9474,2,0
arrivals_gt_departures,totalWaitWeight,Total Wait Weight,20,0,throughput,Network Throughput (Final),39679,47974,1.2090526474961567,400,160,5,500,0,40,8,20,2,0
arrivals_gt_departures,totalWaitWeight,Total Wait Weight,20,0,totalVehiclesEntered,Total Vehicles Entered (Final),199064,199064,1,400,160,5,500,0,40,8,20,2,0
arrivals_gt_departures,totalWaitWeight,Total Wait Weight,20,0,vehiclesInNetwork,Vehicles In Network (Final),159385,151090,0.9479562066693854,400,160,5,500,0,40,8,20,2,0
arrivals_gt_departures,totalWaitWeight,Total Wait Weight,20,0,sumQueueSizes,Total Queue Size (Final),158219,148677,0.9396911875312067,400,160,5,500,0,40,8,20,2,0
arrivals_gt_departures,totalWaitWeight,Total Wait Weight,20,0,sumAvgWaitTimes,Sum of Average Wait Times (Final),8423.571629732065,6650.502345978004,0.7895109863498059,400,160,5,500,0,40,8,20,2,0
arrivals_gt_departures,totalWaitWeight,Total Wait Weight,20,0,sumTotalWaitTimes,Sum of Total Wait Times (Final),28877087,23754520,0.8226079036296147,400,160,5,500,0,40,8,20,2,0
arrivals_gt_departures,totalWaitWeight,Total Wait Weight,20,0,sumStdTotalWaitTimes,Sum of Std Total Wait Times (Final),9022748.4282372,7293557.918573948,0.808352130903744,400,160,5,500,0,40,8,20,2,0
arrivals_gt_departures,totalWaitStdWeight,Total Wait Std Weight,0,0,throughput,Network Throughput (Final),39553,48110,1.2163426288777084,400,160,5,500,0,40,8,0,2,0
arrivals_gt_departures,totalWaitStdWeight,Total Wait Std Weight,0,0,totalVehiclesEntered,Total Vehicles Entered (Final),199064,199064,1,400,160,5,500,0,40,8,0,2,0
arrivals_gt_departures,totalWaitStdWeight,Total Wait Std Weight,0,0,vehiclesInNetwork,Vehicles In Network (Final),159511,150954,0.9463547968478663,400,160,5,500,0,40,8,0,2,0
arrivals_gt_departures,totalWaitStdWeight,Total Wait Std Weight,0,0,sumQueueSizes,Total Queue Size (Final),158306,148577,0.9385430748044926,400,160,5,500,0,40,8,0,2,0
arrivals_gt_departures,totalWaitStdWeight,Total Wait Std Weight,0,0,sumAvgWaitTimes,Sum of Average Wait Times (Final),8455.47626282997,6605.23301867004,0.7811781162116738,400,160,5,500,0,40,8,0,2,0
arrivals_gt_departures,totalWaitStdWeight,Total Wait Std Weight,0,0,sumTotalWaitTimes,Sum of Total Wait Times (Final),28888661,23803030,0.8239575382188881,400,160,5,500,0,40,8,0,2,0
arrivals_gt_departures,totalWaitStdWeight,Total Wait Std Weight,0,0,sumStdTotalWaitTimes,Sum of Std Total Wait Times (Final),9018664.37135366,7349382.586703524,0.8149080932701808,400,160,5,500,0,40,8,0,2,0
arrivals_gt_departures,totalWaitStdWeight,Total Wait Std Weight,1.0526,0,throughput,Network Throughput (Final),39500,45007,1.1394177215189873,400,160,5,500,0,40,8,1.0526,2,0
arrivals_gt_departures,totalWaitStdWeight,Total Wait Std Weight,1.0526,0,totalVehiclesEntered,Total Vehicles Entered (Final),199064,199064,1,400,160,5,500,0,40,8,1.0526,2,0
arrivals_gt_departures,totalWaitStdWeight,Total Wait Std Weight,1.0526,0,vehiclesInNetwork,Vehicles In Network (Final),159564,154057,0.965487202627159,400,160,5,500,0,40,8,1.0526,2,0
arrivals_gt_departures,totalWaitStdWeight,Total Wait Std Weight,1.0526,0,sumQueueSizes,Total Queue Size (Final),158339,151732,0.9582730723321481,400,160,5,500,0,40,8,1.0526,2,0
arrivals_gt_departures,totalWaitStdWeight,Total Wait Std Weight,1.0526,0,sumAvgWaitTimes,Sum of Average Wait Times (Final),8485.464603078963,7594.1357570047085,0.894958156357068,400,160,5,500,0,40,8,1.0526,2,0
arrivals_gt_departures,totalWaitStdWeight,Total Wait Std Weight,1.0526,0,sumTotalWaitTimes,Sum of Total Wait Times (Final),28890779,23755474,0.8222510718731398,400,160,5,500,0,40,8,1.0526,2,0
arrivals_gt_departures,totalWaitStdWeight,Total Wait Std Weight,1.0526,0,sumStdTotalWaitTimes,Sum of Std Total Wait Times (Final),9018951.542892246,6488531.001468077,0.7194329596527914,400,160,5,500,0,40,8,1.0526,2,0
arrivals_gt_departures,totalWaitStdWeight,Total Wait Std Weight,2.1053,0,throughput,Network Throughput (Final),39524,43340,1.0965489322943023,400,160,5,500,0,40,8,2.1053,2,0
arrivals_gt_departures,totalWaitStdWeight,Total Wait Std Weight,2.1053,0,totalVehiclesEntered,Total Vehicles Entered (Final),199064,199064,1,400,160,5,500,0,40,8,2.1053,2,0
arrivals_gt_departures,totalWaitStdWeight,Total Wait Std Weight,2.1053,0,vehiclesInNetwork,Vehicles In Network (Final),159540,155724,0.976081233546446,400,160,5,500,0,40,8,2.1053,2,0
arrivals_gt_departures,totalWaitStdWeight,Total Wait Std Weight,2.1053,0,sumQueueSizes,Total Queue Size (Final),158343,153386,0.9686945428594885,400,160,5,500,0,40,8,2.1053,2,0
arrivals_gt_departures,totalWaitStdWeight,Total Wait Std Weight,2.1053,0,sumAvgWaitTimes,Sum of Average Wait Times (Final),8488.018073727715,8448.689451860235,0.9953665718515361,400,160,5,500,0,40,8,2.1053,2,0
arrivals_gt_departures,totalWaitStdWeight,Total Wait Std Weight,2.1053,0,sumTotalWaitTimes,Sum of Total Wait Times (Final),28898382,24185747,0.8369239149790463,400,160,5,500,0,40,8,2.1053,2,0
arrivals_gt_departures,totalWaitStdWeight,Total Wait Std Weight,2.1053,0,sumStdTotalWaitTimes,Sum of Std Total Wait Times (Final),9016556.91299399,6015619.356341927,0.6671747779546164,400,160,5,500,0,40,8,2.1053,2,0
arrivals_gt_departures,totalWaitStdWeight,Total Wait Std Weight,3.1579,0,throughput,Network Throughput (Final),39619,39751,1.0033317347737196,400,160,5,500,0,40,8,3.1579,2,0
arrivals_gt_departures,totalWaitStdWeight,Total Wait Std Weight,3.1579,0,totalVehiclesEntered,Total Vehicles Entered (Final),199064,199064,1,400,160,5,500,0,40,8,3.1579,2,0
arrivals_gt_departures,totalWaitStdWeight,Total Wait Std Weight,3.1579,0,vehiclesInNetwork,Vehicles In Network (Final),159445,159313,0.9991721283201104,400,160,5,500,0,40,8,3.1579,2,0
arrivals_gt_departures,totalWaitStdWeight,Total Wait Std Weight,3.1579,0,sumQueueSizes,Total Queue Size (Final),158268,157193,0.9932077236080572,400,160,5,500,0,40,8,3.1579,2,0
arrivals_gt_departures,totalWaitStdWeight,Total Wait Std Weight,3.1579,0,sumAvgWaitTimes,Sum of Average Wait Times (Final),8469.476923233568,9783.460924518678,1.155143465552232,400,160,5,500,0,40,8,3.1579,2,0
arrivals_gt_departures,totalWaitStdWeight,Total Wait Std Weight,3.1579,0,sumTotalWaitTimes,Sum of Total Wait Times (Final),28882572,24785786,0.858157161349758,400,160,5,500,0,40,8,3.1579,2,0
arrivals_gt_departures,totalWaitStdWeight,Total Wait Std Weight,3.1579,0,sumStdTotalWaitTimes,Sum of Std Total Wait Times (Final),9018317.007658545,5709337.54245751,0.6330823741956532,400,160,5,500,0,40,8,3.1579,2,0
arrivals_gt_departures,totalWaitStdWeight,Total Wait Std Weight,4.2105,0,throughput,Network Throughput (Final),39626,17159,0.43302377227073136,400,160,5,500,0,40,8,4.2105,2,0
arrivals_gt_departures,totalWaitStdWeight,Total Wait Std Weight,4.2105,0,totalVehiclesEntered,Total Vehicles Entered (Final),199064,199064,1,400,160,5,500,0,40,8,4.2105,2,0
arrivals_gt_departures,totalWaitStdWeight,Total Wait Std Weight,4.2105,0,vehiclesInNetwork,Vehicles In Network (Final),159438,181905,1.1409137094042825,400,160,5,500,0,40,8,4.2105,2,0
arrivals_gt_departures,totalWaitStdWeight,Total Wait Std Weight,4.2105,0,sumQueueSizes,Total Queue Size (Final),158268,179883,1.1365721434528775,400,160,5,500,0,40,8,4.2105,2,0
arrivals_gt_departures,totalWaitStdWeight,Total Wait Std Weight,4.2105,0,sumAvgWaitTimes,Sum of Average Wait Times (Final),8480.907158953847,16003.10785794245,1.8869570858403897,400,160,5,500,0,40,8,4.2105,2,0
arrivals_gt_departures,totalWaitStdWeight,Total Wait Std Weight,4.2105,0,sumTotalWaitTimes,Sum of Total Wait Times (Final),28873062,30871066,1.0691995881836156,400,160,5,500,0,40,8,4.2105,2,0
arrivals_gt_departures,totalWaitStdWeight,Total Wait Std Weight,4.2105,0,sumStdTotalWaitTimes,Sum of Std Total Wait Times (Final),9027636.80946803,4002611.3413701504,0.4433731026011459,400,160,5,500,0,40,8,4.2105,2,0
arrivals_gt_departures,totalWaitStdWeight,Total Wait Std Weight,5.2632,0,throughput,Network Throughput (Final),39582,14124,0.35682886160375926,400,160,5,500,0,40,8,5.2632,2,0
arrivals_gt_departures,totalWaitStdWeight,Total Wait Std Weight,5.2632,0,totalVehiclesEntered,Total Vehicles Entered (Final),199064,199064,1,400,160,5,500,0,40,8,5.2632,2,0
arrivals_gt_departures,totalWaitStdWeight,Total Wait Std Weight,5.2632,0,vehiclesInNetwork,Vehicles In Network (Final),159482,184940,1.159629299858291,400,160,5,500,0,40,8,5.2632,2,0
arrivals_gt_departures,totalWaitStdWeight,Total Wait Std Weight,5.2632,0,sumQueueSizes,Total Queue Size (Final),158293,182913,1.1555343571730905,400,160,5,500,0,40,8,5.2632,2,0
arrivals_gt_departures,totalWaitStdWeight,Total Wait Std Weight,5.2632,0,sumAvgWaitTimes,Sum of Average Wait Times (Final),8485.738557454282,16542.79567849811,1.9494821301047651,400,160,5,500,0,40,8,5.2632,2,0
arrivals_gt_departures,totalWaitStdWeight,Total Wait Std Weight,5.2632,0,sumTotalWaitTimes,Sum of Total Wait Times (Final),28889045,31863127,1.1029484359901824,400,160,5,500,0,40,8,5.2632,2,0
arrivals_gt_departures,totalWaitStdWeight,Total Wait Std Weight,5.2632,0,sumStdTotalWaitTimes,Sum of Std Total Wait Times (Final),9019094.880240249,3810892.587101789,0.42253603468026446,400,160,5,500,0,40,8,5.2632,2,0
arrivals_gt_departures,totalWaitStdWeight,Total Wait Std Weight,6.3158,0,throughput,Network Throughput (Final),39568,13151,0.3323645369995956,400,160,5,500,0,40,8,6.3158,2,0
arrivals_gt_departures,totalWaitStdWeight,Total Wait Std Weight,6.3158,0,totalVehiclesEntered,Total Vehicles Entered (Final),199064,199064,1,400,160,5,500,0,40,8,6.3158,2,0
arrivals_gt_departures,totalWaitStdWeight,Total Wait Std Weight,6.3158,0,vehiclesInNetwork,Vehicles In Network (Final),159496,185913,1.165627978131113,400,160,5,500,0,40,8,6.3158,2,0
arrivals_gt_departures,totalWaitStdWeight,Total Wait Std Weight,6.3158,0,sumQueueSizes,Total Queue Size (Final),158331,183984,1.1620213350512534,400,160,5,500,0,40,8,6.3158,2,0
arrivals_gt_departures,totalWaitStdWeight,Total Wait Std Weight,6.3158,0,sumAvgWaitTimes,Sum of Average Wait Times (Final),8498.270813975809,16760.06692645411,1.9721737860943884,400,160,5,500,0,40,8,6.3158,2,0
arrivals_gt_departures,totalWaitStdWeight,Total Wait Std Weight,6.3158,0,sumTotalWaitTimes,Sum of Total Wait Times (Final),28891622,32050391,1.1093316602300833,400,160,5,500,0,40,8,6.3158,2,0
arrivals_gt_departures,totalWaitStdWeight,Total Wait Std Weight,6.3158,0,sumStdTotalWaitTimes,Sum of Std Total Wait Times (Final),9021742.309274292,3825875.7758432715,0.4240728281398923,400,160,5,500,0,40,8,6.3158,2,0
arrivals_gt_departures,totalWaitStdWeight,Total Wait Std Weight,7.3684,0,throughput,Network Throughput (Final),39529,12155,0.30749576260467,400,160,5,500,0,40,8,7.3684,2,0
arrivals_gt_departures,totalWaitStdWeight,Total Wait Std Weight,7.3684,0,totalVehiclesEntered,Total Vehicles Entered (Final),199064,199064,1,400,160,5,500,0,40,8,7.3684,2,0
arrivals_gt_departures,totalWaitStdWeight,Total Wait Std Weight,7.3684,0,vehiclesInNetwork,Vehicles In Network (Final),159535,186909,1.1715861723132854,400,160,5,500,0,40,8,7.3684,2,0
arrivals_gt_departures,totalWaitStdWeight,Total Wait Std Weight,7.3684,0,sumQueueSizes,Total Queue Size (Final),158338,185132,1.1692202756129293,400,160,5,500,0,40,8,7.3684,2,0
arrivals_gt_departures,totalWaitStdWeight,Total Wait Std Weight,7.3684,0,sumAvgWaitTimes,Sum of Average Wait Times (Final),8482.731008974471,17933.108353363663,2.114072500282159,400,160,5,500,0,40,8,7.3684,2,0
arrivals_gt_departures,totalWaitStdWeight,Total Wait Std Weight,7.3684,0,sumTotalWaitTimes,Sum of Total Wait Times (Final),28908694,32881034,1.1374098739984588,400,160,5,500,0,40,8,7.3684,2,0
arrivals_gt_departures,totalWaitStdWeight,Total Wait Std Weight,7.3684,0,sumStdTotalWaitTimes,Sum of Std Total Wait Times (Final),9025199.718890522,3875370.6604801267,0.42939444900799717,400,160,5,500,0,40,8,7.3684,2,0
arrivals_gt_departures,totalWaitStdWeight,Total Wait Std Weight,8.4211,0,throughput,Network Throughput (Final),39702,12160,0.3062817994055715,400,160,5,500,0,40,8,8.4211,2,0
arrivals_gt_departures,totalWaitStdWeight,Total Wait Std Weight,8.4211,0,totalVehiclesEntered,Total Vehicles Entered (Final),199064,199064,1,400,160,5,500,0,40,8,8.4211,2,0
arrivals_gt_departures,totalWaitStdWeight,Total Wait Std Weight,8.4211,0,vehiclesInNetwork,Vehicles In Network (Final),159362,186904,1.1728266462519297,400,160,5,500,0,40,8,8.4211,2,0
arrivals_gt_departures,totalWaitStdWeight,Total Wait Std Weight,8.4211,0,sumQueueSizes,Total Queue Size (Final),158178,185064,1.1699730683154421,400,160,5,500,0,40,8,8.4211,2,0
arrivals_gt_departures,totalWaitStdWeight,Total Wait Std Weight,8.4211,0,sumAvgWaitTimes,Sum of Average Wait Times (Final),8470.338544706588,18525.806796545414,2.187138884563574,400,160,5,500,0,40,8,8.4211,2,0
arrivals_gt_departures,totalWaitStdWeight,Total Wait Std Weight,8.4211,0,sumTotalWaitTimes,Sum of Total Wait Times (Final),28873139,32801897,1.1360696528354606,400,160,5,500,0,40,8,8.4211,2,0
arrivals_gt_departures,totalWaitStdWeight,Total Wait Std Weight,8.4211,0,sumStdTotalWaitTimes,Sum of Std Total Wait Times (Final),9027430.700477341,4059782.8300844813,0.4497163107405314,400,160,5,500,0,40,8,8.4211,2,0
arrivals_gt_departures,totalWaitStdWeight,Total Wait Std Weight,9.4737,0,throughput,Network Throughput (Final),39554,12093,0.3057339333569298,400,160,5,500,0,40,8,9.4737,2,0
arrivals_gt_departures,totalWaitStdWeight,Total Wait Std Weight,9.4737,0,totalVehiclesEntered,Total Vehicles Entered (Final),199064,199064,1,400,160,5,500,0,40,8,9.4737,2,0
arrivals_gt_departures,totalWaitStdWeight,Total Wait Std Weight,9.4737,0,vehiclesInNetwork,Vehicles In Network (Final),159510,186971,1.1721584853614193,400,160,5,500,0,40,8,9.4737,2,0
arrivals_gt_departures,totalWaitStdWeight,Total Wait Std Weight,9.4737,0,sumQueueSizes,Total Queue Size (Final),158318,185249,1.1701069998357736,400,160,5,500,0,40,8,9.4737,2,0
arrivals_gt_departures,totalWaitStdWeight,Total Wait Std Weight,9.4737,0,sumAvgWaitTimes,Sum of Average Wait Times (Final),8468.066677096867,18081.73680469038,2.1352851240053528,400,160,5,500,0,40,8,9.4737,2,0
arrivals_gt_departures,totalWaitStdWeight,Total Wait Std Weight,9.4737,0,sumTotalWaitTimes,Sum of Total Wait Times (Final),28878811,32654497,1.1307424325745268,400,160,5,500,0,40,8,9.4737,2,0
arrivals_gt_departures,totalWaitStdWeight,Total Wait Std Weight,9.4737,0,sumStdTotalWaitTimes,Sum of Std Total Wait Times (Final),9016734.961048618,3982847.694968413,0.44171728593264764,400,160,5,500,0,40,8,9.4737,2,0
arrivals_gt_departures,totalWaitStdWeight,Total Wait Std Weight,10.5263,0,throughput,Network Throughput (Final),39766,12233,0.3076246039330081,400,160,5,500,0,40,8,10.5263,2,0
arrivals_gt_departures,totalWaitStdWeight,Total Wait Std Weight,10.5263,0,totalVehiclesEntered,Total Vehicles Entered (Final),199064,199064,1,400,160,5,500,0,40,8,10.5263,2,0
arrivals_gt_departures,totalWaitStdWeight,Total Wait Std Weight,10.5263,0,vehiclesInNetwork,Vehicles In Network (Final),159298,186831,1.172839583673367,400,160,5,500,0,40,8,10.5263,2,0
arrivals_gt_departures,totalWaitStdWeight,Total Wait Std Weight,10.5263,0,sumQueueSizes,Total Queue Size (Final),158104,185218,1.1714947123412438,400,160,5,500,0,40,8,10.5263,2,0
arrivals_gt_departures,totalWaitStdWeight,Total Wait Std Weight,10.5263,0,sumAvgWaitTimes,Sum of Average Wait Times (Final),8458.617355349097,19162.95871743423,2.26549540100852,400,160,5,500,0,40,8,10.5263,2,0
arrivals_gt_departures,totalWaitStdWeight,Total Wait Std Weight,10.5263,0,sumTotalWaitTimes,Sum of Total Wait Times (Final),28865653,33225062,1.1510240908113183,400,160,5,500,0,40,8,10.5263,2,0
arrivals_gt_departures,totalWaitStdWeight,Total Wait Std Weight,10.5263,0,sumStdTotalWaitTimes,Sum of Std Total Wait Times (Final),9022137.201247351,4125159.164097815,0.457226383514484,400,160,5,500,0,40,8,10.5263,2,0
arrivals_gt_departures,totalWaitStdWeight,Total Wait Std Weight,11.5789,0,throughput,Network Throughput (Final),39634,12202,0.3078669828934753,400,160,5,500,0,40,8,11.5789,2,0
arrivals_gt_departures,totalWaitStdWeight,Total Wait Std Weight,11.5789,0,totalVehiclesEntered,Total Vehicles Entered (Final),199064,199064,1,400,160,5,500,0,40,8,11.5789,2,0
arrivals_gt_departures,totalWaitStdWeight,Total Wait Std Weight,11.5789,0,vehiclesInNetwork,Vehicles In Network (Final),159430,186862,1.172062974346108,400,160,5,500,0,40,8,11.5789,2,0
arrivals_gt_departures,totalWaitStdWeight,Total Wait Std Weight,11.5789,0,sumQueueSizes,Total Queue Size (Final),158225,185248,1.1707884341918156,400,160,5,500,0,40,8,11.5789,2,0
arrivals_gt_departures,totalWaitStdWeight,Total Wait Std Weight,11.5789,0,sumAvgWaitTimes,Sum of Average Wait Times (Final),8477.857849054539,19541.067091072062,2.30495337843525,400,160,5,500,0,40,8,11.5789,2,0
arrivals_gt_departures,totalWaitStdWeight,Total Wait Std Weight,11.5789,0,sumTotalWaitTimes,Sum of Total Wait Times (Final),28868490,33437788,1.158279771474019,400,160,5,500,0,40,8,11.5789,2,0
arrivals_gt_departures,totalWaitStdWeight,Total Wait Std Weight,11.5789,0,sumStdTotalWaitTimes,Sum of Std Total Wait Times (Final),9022658.140745586,4150132.807910296,0.4599678656967658,400,160,5,500,0,40,8,11.5789,2,0
arrivals_gt_departures,totalWaitStdWeight,Total Wait Std Weight,12.6316,0,throughput,Network Throughput (Final),39626,12139,0.3063392721950235,400,160,5,500,0,40,8,12.6316,2,0
arrivals_gt_departures,totalWaitStdWeight,Total Wait Std Weight,12.6316,0,totalVehiclesEntered,Total Vehicles Entered (Final),199064,199064,1,400,160,5,500,0,40,8,12.6316,2,0
arrivals_gt_departures,totalWaitStdWeight,Total Wait Std Weight,12.6316,0,vehiclesInNetwork,Vehicles In Network (Final),159438,186925,1.1723993025502075,400,160,5,500,0,40,8,12.6316,2,0
arrivals_gt_departures,totalWaitStdWeight,Total Wait Std Weight,12.6316,0,sumQueueSizes,Total Queue Size (Final),158251,185377,1.1714112391074938,400,160,5,500,0,40,8,12.6316,2,0
arrivals_gt_departures,totalWaitStdWeight,Total Wait Std Weight,12.6316,0,sumAvgWaitTimes,Sum of Average Wait Times (Final),8462.325331580529,19438.229574901336,2.2970317038462063,400,160,5,500,0,40,8,12.6316,2,0
arrivals_gt_departures,totalWaitStdWeight,Total Wait Std Weight,12.6316,0,sumTotalWaitTimes,Sum of Total Wait Times (Final),28855629,33312394,1.1544504540171348,400,160,5,500,0,40,8,12.6316,2,0
arrivals_gt_departures,totalWaitStdWeight,Total Wait Std Weight,12.6316,0,sumStdTotalWaitTimes,Sum of Std Total Wait Times (Final),9025675.132076899,4172200.959948884,0.46225915501002734,400,160,5,500,0,40,8,12.6316,2,0
arrivals_gt_departures,totalWaitStdWeight,Total Wait Std Weight,13.6842,0,throughput,Network Throughput (Final),39482,12131,0.3072539385036219,400,160,5,500,0,40,8,13.6842,2,0
arrivals_gt_departures,totalWaitStdWeight,Total Wait Std Weight,13.6842,0,totalVehiclesEntered,Total Vehicles Entered (Final),199064,199064,1,400,160,5,500,0,40,8,13.6842,2,0
arrivals_gt_departures,totalWaitStdWeight,Total Wait Std Weight,13.6842,0,vehiclesInNetwork,Vehicles In Network (Final),159582,186933,1.1713915103207129,400,160,5,500,0,40,8,13.6842,2,0
arrivals_gt_departures,totalWaitStdWeight,Total Wait Std Weight,13.6842,0,sumQueueSizes,Total Queue Size (Final),158432,185350,1.1699025449404161,400,160,5,500,0,40,8,13.6842,2,0
arrivals_gt_departures,totalWaitStdWeight,Total Wait Std Weight,13.6842,0,sumAvgWaitTimes,Sum of Average Wait Times (Final),8485.550513918351,19882.93942342404,2.343152561617684,400,160,5,500,0,40,8,13.6842,2,0
arrivals_gt_departures,totalWaitStdWeight,Total Wait Std Weight,13.6842,0,sumTotalWaitTimes,Sum of Total Wait Times (Final),28893693,33427548,1.1569150402477109,400,160,5,500,0,40,8,13.6842,2,0
arrivals_gt_departures,totalWaitStdWeight,Total Wait Std Weight,13.6842,0,sumStdTotalWaitTimes,Sum of Std Total Wait Times (Final),9019721.58562386,4298992.559258828,0.4766214254451938,400,160,5,500,0,40,8,13.6842,2,0
arrivals_gt_departures,totalWaitStdWeight,Total Wait Std Weight,14.7368,0,throughput,Network Throughput (Final),39727,12098,0.30452840637349915,400,160,5,500,0,40,8,14.7368,2,0
arrivals_gt_departures,totalWaitStdWeight,Total Wait Std Weight,14.7368,0,totalVehiclesEntered,Total Vehicles Entered (Final),199064,199064,1,400,160,5,500,0,40,8,14.7368,2,0
arrivals_gt_departures,totalWaitStdWeight,Total Wait Std Weight,14.7368,0,vehiclesInNetwork,Vehicles In Network (Final),159337,186966,1.173399775318978,400,160,5,500,0,40,8,14.7368,2,0
arrivals_gt_departures,totalWaitStdWeight,Total Wait Std Weight,14.7368,0,sumQueueSizes,Total Queue Size (Final),158172,185433,1.1723503527805175,400,160,5,500,0,40,8,14.7368,2,0
arrivals_gt_departures,totalWaitStdWeight,Total Wait Std Weight,14.7368,0,sumAvgWaitTimes,Sum of Average Wait Times (Final),8484.416963758113,19532.890339438236,2.3022077324670143,400,160,5,500,0,40,8,14.7368,2,0
arrivals_gt_departures,totalWaitStdWeight,Total Wait Std Weight,14.7368,0,sumTotalWaitTimes,Sum of Total Wait Times (Final),28850976,33348271,1.1558801684906603,400,160,5,500,0,40,8,14.7368,2,0
arrivals_gt_departures,totalWaitStdWeight,Total Wait Std Weight,14.7368,0,sumStdTotalWaitTimes,Sum of Std Total Wait Times (Final),9031619.09378159,4269536.611430519,0.47273213884431436,400,160,5,500,0,40,8,14.7368,2,0
arrivals_gt_departures,totalWaitStdWeight,Total Wait Std Weight,15.7895,0,throughput,Network Throughput (Final),39577,12138,0.306693281451348,400,160,5,500,0,40,8,15.7895,2,0
arrivals_gt_departures,totalWaitStdWeight,Total Wait Std Weight,15.7895,0,totalVehiclesEntered,Total Vehicles Entered (Final),199064,199064,1,400,160,5,500,0,40,8,15.7895,2,0
arrivals_gt_departures,totalWaitStdWeight,Total Wait Std Weight,15.7895,0,vehiclesInNetwork,Vehicles In Network (Final),159487,186926,1.1720453704690665,400,160,5,500,0,40,8,15.7895,2,0
arrivals_gt_departures,totalWaitStdWeight,Total Wait Std Weight,15.7895,0,sumQueueSizes,Total Queue Size (Final),158323,185370,1.1708343070810938,400,160,5,500,0,40,8,15.7895,2,0
arrivals_gt_departures,totalWaitStdWeight,Total Wait Std Weight,15.7895,0,sumAvgWaitTimes,Sum of Average Wait Times (Final),8481.137436734298,19817.767865906957,2.3366875037386357,400,160,5,500,0,40,8,15.7895,2,0
arrivals_gt_departures,totalWaitStdWeight,Total Wait Std Weight,15.7895,0,sumTotalWaitTimes,Sum of Total Wait Times (Final),28889241,33545953,1.1611919122416543,400,160,5,500,0,40,8,15.7895,2,0
arrivals_gt_departures,totalWaitStdWeight,Total Wait Std Weight,15.7895,0,sumStdTotalWaitTimes,Sum of Std Total Wait Times (Final),9022972.627084179,4225399.190901701,0.46829347328599413,400,160,5,500,0,40,8,15.7895,2,0
arrivals_gt_departures,totalWaitStdWeight,Total Wait Std Weight,16.8421,0,throughput,Network Throughput (Final),39456,12069,0.30588503649635035,400,160,5,500,0,40,8,16.8421,2,0
arrivals_gt_departures,totalWaitStdWeight,Total Wait Std Weight,16.8421,0,totalVehiclesEntered,Total Vehicles Entered (Final),199064,199064,1,400,160,5,500,0,40,8,16.8421,2,0
arrivals_gt_departures,totalWaitStdWeight,Total Wait Std Weight,16.8421,0,vehiclesInNetwork,Vehicles In Network (Final),159608,186995,1.1715891434013332,400,160,5,500,0,40,8,16.8421,2,0
arrivals_gt_departures,totalWaitStdWeight,Total Wait Std Weight,16.8421,0,sumQueueSizes,Total Queue Size (Final),158411,185457,1.1707330930301558,400,160,5,500,0,40,8,16.8421,2,0
arrivals_gt_departures,totalWaitStdWeight,Total Wait Std Weight,16.8421,0,sumAvgWaitTimes,Sum of Average Wait Times (Final),8511.364216840291,20012.419554195316,2.3512587458775918,400,160,5,500,0,40,8,16.8421,2,0
arrivals_gt_departures,totalWaitStdWeight,Total Wait Std Weight,16.8421,0,sumTotalWaitTimes,Sum of Total Wait Times (Final),28882228,33619463,1.1640190292798742,400,160,5,500,0,40,8,16.8421,2,0
arrivals_gt_departures,totalWaitStdWeight,Total Wait Std Weight,16.8421,0,sumStdTotalWaitTimes,Sum of Std Total Wait Times (Final),9029112.244006999,4307830.440015058,0.47710453958243193,400,160,5,500,0,40,8,16.8421,2,0
arrivals_gt_departures,totalWaitStdWeight,Total Wait Std Weight,17.8947,0,throughput,Network Throughput (Final),39361,11991,0.3046416503645741,400,160,5,500,0,40,8,17.8947,2,0
arrivals_gt_departures,totalWaitStdWeight,Total Wait Std Weight,17.8947,0,totalVehiclesEntered,Total Vehicles Entered (Final),199064,199064,1,400,160,5,500,0,40,8,17.8947,2,0
arrivals_gt_departures,totalWaitStdWeight,Total Wait Std Weight,17.8947,0,vehiclesInNetwork,Vehicles In Network (Final),159703,187073,1.1713806252856866,400,160,5,500,0,40,8,17.8947,2,0
arrivals_gt_departures,totalWaitStdWeight,Total Wait Std Weight,17.8947,0,sumQueueSizes,Total Queue Size (Final),158525,185553,1.17049676707144,400,160,5,500,0,40,8,17.8947,2,0
arrivals_gt_departures,totalWaitStdWeight,Total Wait Std Weight,17.8947,0,sumAvgWaitTimes,Sum of Average Wait Times (Final),8511.853527484003,19922.908427314705,2.3406075260794186,400,160,5,500,0,40,8,17.8947,2,0
arrivals_gt_departures,totalWaitStdWeight,Total Wait Std Weight,17.8947,0,sumTotalWaitTimes,Sum of Total Wait Times (Final),28920441,33625036,1.162673695051884,400,160,5,500,0,40,8,17.8947,2,0
arrivals_gt_departures,totalWaitStdWeight,Total Wait Std Weight,17.8947,0,sumStdTotalWaitTimes,Sum of Std Total Wait Times (Final),9015854.68768807,4292596.702793165,0.47611644724654645,400,160,5,500,0,40,8,17.8947,2,0
arrivals_gt_departures,totalWaitStdWeight,Total Wait Std Weight,18.9474,0,throughput,Network Throughput (Final),39625,12156,0.3067760252365931,400,160,5,500,0,40,8,18.9474,2,0
arrivals_gt_departures,totalWaitStdWeight,Total Wait Std Weight,18.9474,0,totalVehiclesEntered,Total Vehicles Entered (Final),199064,199064,1,400,160,5,500,0,40,8,18.9474,2,0
arrivals_gt_departures,totalWaitStdWeight,Total Wait Std Weight,18.9474,0,vehiclesInNetwork,Vehicles In Network (Final),159439,186908,1.1722853254222618,400,160,5,500,0,40,8,18.9474,2,0
arrivals_gt_departures,totalWaitStdWeight,Total Wait Std Weight,18.9474,0,sumQueueSizes,Total Queue Size (Final),158244,185383,1.1715009731806578,400,160,5,500,0,40,8,18.9474,2,0
arrivals_gt_departures,totalWaitStdWeight,Total Wait Std Weight,18.9474,0,sumAvgWaitTimes,Sum of Average Wait Times (Final),8458.86906370394,19931.874243485116,2.356328498925531,400,160,5,500,0,40,8,18.9474,2,0
arrivals_gt_departures,totalWaitStdWeight,Total Wait Std Weight,18.9474,0,sumTotalWaitTimes,Sum of Total Wait Times (Final),28876241,33766866,1.1693650153425441,400,160,5,500,0,40,8,18.9474,2,0
arrivals_gt_departures,totalWaitStdWeight,Total Wait Std Weight,18.9474,0,sumStdTotalWaitTimes,Sum of Std Total Wait Times (Final),9022914.721937204,4284956.921670034,0.4748971982692153,400,160,5,500,0,40,8,18.9474,2,0
arrivals_gt_departures,totalWaitStdWeight,Total Wait Std Weight,20,0,throughput,Network Throughput (Final),39466,12024,0.3046673085694015,400,160,5,500,0,40,8,20,2,0
arrivals_gt_departures,totalWaitStdWeight,Total Wait Std Weight,20,0,totalVehiclesEntered,Total Vehicles Entered (Final),199064,199064,1,400,160,5,500,0,40,8,20,2,0
arrivals_gt_departures,totalWaitStdWeight,Total Wait Std Weight,20,0,vehiclesInNetwork,Vehicles In Network (Final),159598,187040,1.1719445105828394,400,160,5,500,0,40,8,20,2,0
arrivals_gt_departures,totalWaitStdWeight,Total Wait Std Weight,20,0,sumQueueSizes,Total Queue Size (Final),158420,185523,1.1710831965660902,400,160,5,500,0,40,8,20,2,0
arrivals_gt_departures,totalWaitStdWeight,Total Wait Std Weight,20,0,sumAvgWaitTimes,Sum of Average Wait Times (Final),8485.937932543888,19888.561396925583,2.3437080915536996,400,160,5,500,0,40,8,20,2,0
arrivals_gt_departures,totalWaitStdWeight,Total Wait Std Weight,20,0,sumTotalWaitTimes,Sum of Total Wait Times (Final),28882215,33597340,1.1632535801011106,400,160,5,500,0,40,8,20,2,0
arrivals_gt_departures,totalWaitStdWeight,Total Wait Std Weight,20,0,sumStdTotalWaitTimes,Sum of Std Total Wait Times (Final),9022595.352699276,4311844.404289092,0.47789402447258417,400,160,5,500,0,40,8,20,2,0
arrivals_gt_departures,queueWeight,Queue Size Weight,0,0,throughput,Network Throughput (Final),39561,45448,1.148808169662041,400,160,5,500,0,40,8,0,2,0
arrivals_gt_departures,queueWeight,Queue Size Weight,0,0,totalVehiclesEntered,Total Vehicles Entered (Final),199064,199064,1,400,160,5,500,0,40,8,0,2,0
arrivals_gt_departures,queueWeight,Queue Size Weight,0,0,vehiclesInNetwork,Vehicles In Network (Final),159503,153616,0.963091603292728,400,160,5,500,0,40,8,0,2,0
arrivals_gt_departures,queueWeight,Queue Size Weight,0,0,sumQueueSizes,Total Queue Size (Final),158345,151394,0.9561021819444883,400,160,5,500,0,40,8,0,2,0
arrivals_gt_departures,queueWeight,Queue Size Weight,0,0,sumAvgWaitTimes,Sum of Average Wait Times (Final),8491.069851020033,7579.579124305973,0.8926530174987829,400,160,5,500,0,40,8,0,2,0
arrivals_gt_departures,queueWeight,Queue Size Weight,0,0,sumTotalWaitTimes,Sum of Total Wait Times (Final),28876213,23715626,0.8212858798347277,400,160,5,500,0,40,8,0,2,0
arrivals_gt_departures,queueWeight,Queue Size Weight,0,0,sumStdTotalWaitTimes,Sum of Std Total Wait Times (Final),9030810.252123304,6516680.9693955695,0.7216053474120312,400,160,5,500,0,40,8,0,2,0
arrivals_gt_departures,queueWeight,Queue Size Weight,1.0526,0,throughput,Network Throughput (Final),39426,45358,1.1504590879115304,400,160,5,500,0,40,8,1.0526,2,0
arrivals_gt_departures,queueWeight,Queue Size Weight,1.0526,0,totalVehiclesEntered,Total Vehicles Entered (Final),199064,199064,1,400,160,5,500,0,40,8,1.0526,2,0
arrivals_gt_departures,queueWeight,Queue Size Weight,1.0526,0,vehiclesInNetwork,Vehicles In Network (Final),159638,153706,0.962840927598692,400,160,5,500,0,40,8,1.0526,2,0
arrivals_gt_departures,queueWeight,Queue Size Weight,1.0526,0,sumQueueSizes,Total Queue Size (Final),158423,151421,0.9558018722028998,400,160,5,500,0,40,8,1.0526,2,0
arrivals_gt_departures,queueWeight,Queue Size Weight,1.0526,0,sumAvgWaitTimes,Sum of Average Wait Times (Final),8472.423383141031,7574.282037266601,0.8939923909301312,400,160,5,500,0,40,8,1.0526,2,0
arrivals_gt_departures,queueWeight,Queue Size Weight,1.0526,0,sumTotalWaitTimes,Sum of Total Wait Times (Final),28921042,23745851,0.8210579342196591,400,160,5,500,0,40,8,1.0526,2,0
arrivals_gt_departures,queueWeight,Queue Size Weight,1.0526,0,sumStdTotalWaitTimes,Sum of Std Total Wait Times (Final),9018181.733016066,6519918.730336809,0.7229748660383526,400,160,5,500,0,40,8,1.0526,2,0
arrivals_gt_departures,queueWeight,Queue Size Weight,2.1053,0,throughput,Network Throughput (Final),39606,45623,1.1519214260465587,400,160,5,500,0,40,8,2.1053,2,0
arrivals_gt_departures,queueWeight,Queue Size Weight,2.1053,0,totalVehiclesEntered,Total Vehicles Entered (Final),199064,199064,1,400,160,5,500,0,40,8,2.1053,2,0
arrivals_gt_departures,queueWeight,Queue Size Weight,2.1053,0,vehiclesInNetwork,Vehicles In Network (Final),159458,153441,0.9622659258237278,400,160,5,500,0,40,8,2.1053,2,0
arrivals_gt_departures,queueWeight,Queue Size Weight,2.1053,0,sumQueueSizes,Total Queue Size (Final),158239,151191,0.9554597791947623,400,160,5,500,0,40,8,2.1053,2,0
arrivals_gt_departures,queueWeight,Queue Size Weight,2.1053,0,sumAvgWaitTimes,Sum of Average Wait Times (Final),8458.905466672666,7507.582889162367,0.8875359724424838,400,160,5,500,0,40,8,2.1053,2,0
arrivals_gt_departures,queueWeight,Queue Size Weight,2.1053,0,sumTotalWaitTimes,Sum of Total Wait Times (Final),28893906,23730893,0.8213113519508232,400,160,5,500,0,40,8,2.1053,2,0
arrivals_gt_departures,queueWeight,Queue Size Weight,2.1053,0,sumStdTotalWaitTimes,Sum of Std Total Wait Times (Final),9018637.015093,6517446.398395887,0.722664232687125,400,160,5,500,0,40,8,2.1053,2,0
arrivals_gt_departures,queueWeight,Queue Size Weight,3.1579,0,throughput,Network Throughput (Final),39384,45262,1.1492484257566524,400,160,5,500,0,40,8,3.1579,2,0
arrivals_gt_departures,queueWeight,Queue Size Weight,3.1579,0,totalVehiclesEntered,Total Vehicles Entered (Final),199064,199064,1,400,160,5,500,0,40,8,3.1579,2,0
arrivals_gt_departures,queueWeight,Queue Size Weight,3.1579,0,vehiclesInNetwork,Vehicles In Network (Final),159680,153802,0.963188877755511,400,160,5,500,0,40,8,3.1579,2,0
arrivals_gt_departures,queueWeight,Queue Size Weight,3.1579,0,sumQueueSizes,Total Queue Size (Final),158479,151520,0.9560888193388398,400,160,5,500,0,40,8,3.1579,2,0
arrivals_gt_departures,queueWeight,Queue Size Weight,3.1579,0,sumAvgWaitTimes,Sum of Average Wait Times (Final),8498.23703205289,7486.218308925318,0.880914274418267,400,160,5,500,0,40,8,3.1579,2,0
arrivals_gt_departures,queueWeight,Queue Size Weight,3.1579,0,sumTotalWaitTimes,Sum of Total Wait Times (Final),28899635,23747358,0.8217182673760413,400,160,5,500,0,40,8,3.1579,2,0
arrivals_gt_departures,queueWeight,Queue Size Weight,3.1579,0,sumStdTotalWaitTimes,Sum of Std Total Wait Times (Final),9019992.548689967,6530921.820456758,0.7240495804406498,400,160,5,500,0,40,8,3.1579,2,0
arrivals_gt_departures,queueWeight,Queue Size Weight,4.2105,0,throughput,Network Throughput (Final),39616,45475,1.147894789983845,400,160,5,500,0,40,8,4.2105,2,0
arrivals_gt_departures,queueWeight,Queue Size Weight,4.2105,0,totalVehiclesEntered,Total Vehicles Entered (Final),199064,199064,1,400,160,5,500,0,40,8,4.2105,2,0
arrivals_gt_departures,queueWeight,Queue Size Weight,4.2105,0,vehiclesInNetwork,Vehicles In Network (Final),159448,153589,0.9632544779489238,400,160,5,500,0,40,8,4.2105,2,0
arrivals_gt_departures,queueWeight,Queue Size Weight,4.2105,0,sumQueueSizes,Total Queue Size (Final),158257,151300,0.9560398592163379,400,160,5,500,0,40,8,4.2105,2,0
arrivals_gt_departures,queueWeight,Queue Size Weight,4.2105,0,sumAvgWaitTimes,Sum of Average Wait Times (Final),8488.62483399138,7492.827187172044,0.882690345457156,400,160,5,500,0,40,8,4.2105,2,0
arrivals_gt_departures,queueWeight,Queue Size Weight,4.2105,0,sumTotalWaitTimes,Sum of Total Wait Times (Final),28869404,23723563,0.8217545121471853,400,160,5,500,0,40,8,4.2105,2,0
arrivals_gt_departures,queueWeight,Queue Size Weight,4.2105,0,sumStdTotalWaitTimes,Sum of Std Total Wait Times (Final),9025226.299857778,6522308.3300967105,0.7226753228558369,400,160,5,500,0,40,8,4.2105,2,0
arrivals_gt_departures,queueWeight,Queue Size Weight,5.2632,0,throughput,Network Throughput (Final),39498,45494,1.1518051546913768,400,160,5,500,0,40,8,5.2632,2,0
arrivals_gt_departures,queueWeight,Queue Size Weight,5.2632,0,totalVehiclesEntered,Total Vehicles Entered (Final),199064,199064,1,400,160,5,500,0,40,8,5.2632,2,0
arrivals_gt_departures,queueWeight,Queue Size Weight,5.2632,0,vehiclesInNetwork,Vehicles In Network (Final),159566,153570,0.9624230725843852,400,160,5,500,0,40,8,5.2632,2,0
arrivals_gt_departures,queueWeight,Queue Size Weight,5.2632,0,sumQueueSizes,Total Queue Size (Final),158339,151359,0.9559173671679119,400,160,5,500,0,40,8,5.2632,2,0
arrivals_gt_departures,queueWeight,Queue Size Weight,5.2632,0,sumAvgWaitTimes,Sum of Average Wait Times (Final),8479.760534841838,7565.666446188243,0.8922028417078827,400,160,5,500,0,40,8,5.2632,2,0
arrivals_gt_departures,queueWeight,Queue Size Weight,5.2632,0,sumTotalWaitTimes,Sum of Total Wait Times (Final),28898819,23747573,0.8217489095315625,400,160,5,500,0,40,8,5.2632,2,0
arrivals_gt_departures,queueWeight,Queue Size Weight,5.2632,0,sumStdTotalWaitTimes,Sum of Std Total Wait Times (Final),9019005.336767115,6526524.458211305,0.7236412680237702,400,160,5,500,0,40,8,5.2632,2,0
arrivals_gt_departures,queueWeight,Queue Size Weight,6.3158,0,throughput,Network Throughput (Final),39480,45582,1.1545592705167174,400,160,5,500,0,40,8,6.3158,2,0
arrivals_gt_departures,queueWeight,Queue Size Weight,6.3158,0,totalVehiclesEntered,Total Vehicles Entered (Final),199064,199064,1,400,160,5,500,0,40,8,6.3158,2,0
arrivals_gt_departures,queueWeight,Queue Size Weight,6.3158,0,vehiclesInNetwork,Vehicles In Network (Final),159584,153482,0.961763084018448,400,160,5,500,0,40,8,6.3158,2,0
arrivals_gt_departures,queueWeight,Queue Size Weight,6.3158,0,sumQueueSizes,Total Queue Size (Final),158392,151236,0.9548209505530583,400,160,5,500,0,40,8,6.3158,2,0
arrivals_gt_departures,queueWeight,Queue Size Weight,6.3158,0,sumAvgWaitTimes,Sum of Average Wait Times (Final),8489.331623266786,7523.944170913911,0.8862822781351798,400,160,5,500,0,40,8,6.3158,2,0
arrivals_gt_departures,queueWeight,Queue Size Weight,6.3158,0,sumTotalWaitTimes,Sum of Total Wait Times (Final),28890008,23719066,0.8210127875353997,400,160,5,500,0,40,8,6.3158,2,0
arrivals_gt_departures,queueWeight,Queue Size Weight,6.3158,0,sumStdTotalWaitTimes,Sum of Std Total Wait Times (Final),9020247.800065465,6518265.15011435,0.7226259515916007,400,160,5,500,0,40,8,6.3158,2,0
arrivals_gt_departures,queueWeight,Queue Size Weight,7.3684,0,throughput,Network Throughput (Final),39684,45728,1.152303195242415,400,160,5,500,0,40,8,7.3684,2,0
arrivals_gt_departures,queueWeight,Queue Size Weight,7.3684,0,totalVehiclesEntered,Total Vehicles Entered (Final),199064,199064,1,400,160,5,500,0,40,8,7.3684,2,0
arrivals_gt_departures,queueWeight,Queue Size Weight,7.3684,0,vehiclesInNetwork,Vehicles In Network (Final),159380,153336,0.9620780524532564,400,160,5,500,0,40,8,7.3684,2,0
arrivals_gt_departures,queueWeight,Queue Size Weight,7.3684,0,sumQueueSizes,Total Queue Size (Final),158177,151060,0.9550061007605404,400,160,5,500,0,40,8,7.3684,2,0
arrivals_gt_departures,queueWeight,Queue Size Weight,7.3684,0,sumAvgWaitTimes,Sum of Average Wait Times (Final),8449.005176816003,7514.782841551461,0.8894281260676654,400,160,5,500,0,40,8,7.3684,2,0
arrivals_gt_departures,queueWeight,Queue Size Weight,7.3684,0,sumTotalWaitTimes,Sum of Total Wait Times (Final),28878165,23708317,0.8209772677730736,400,160,5,500,0,40,8,7.3684,2,0
arrivals_gt_departures,queueWeight,Queue Size Weight,7.3684,0,sumStdTotalWaitTimes,Sum of Std Total Wait Times (Final),9021920.52299435,6514789.734875901,0.7221067530213245,400,160,5,500,0,40,8,7.3684,2,0
arrivals_gt_departures,queueWeight,Queue Size Weight,8.4211,0,throughput,Network Throughput (Final),39545,45639,1.1541029207232267,400,160,5,500,0,40,8,8.4211,2,0
arrivals_gt_departures,queueWeight,Queue Size Weight,8.4211,0,totalVehiclesEntered,Total Vehicles Entered (Final),199064,199064,1,400,160,5,500,0,40,8,8.4211,2,0
arrivals_gt_departures,queueWeight,Queue Size Weight,8.4211,0,vehiclesInNetwork,Vehicles In Network (Final),159519,153425,0.9617976541979325,400,160,5,500,0,40,8,8.4211,2,0
arrivals_gt_departures,queueWeight,Queue Size Weight,8.4211,0,sumQueueSizes,Total Queue Size (Final),158288,151205,0.9552524512281411,400,160,5,500,0,40,8,8.4211,2,0
arrivals_gt_departures,queueWeight,Queue Size Weight,8.4211,0,sumAvgWaitTimes,Sum of Average Wait Times (Final),8487.064436374887,7468.4946963800085,0.8799856242837784,400,160,5,500,0,40,8,8.4211,2,0
arrivals_gt_departures,queueWeight,Queue Size Weight,8.4211,0,sumTotalWaitTimes,Sum of Total Wait Times (Final),28869360,23755409,0.822858871828125,400,160,5,500,0,40,8,8.4211,2,0
arrivals_gt_departures,queueWeight,Queue Size Weight,8.4211,0,sumStdTotalWaitTimes,Sum of Std Total Wait Times (Final),9023677.33025524,6528460.152691357,0.7234811168172273,400,160,5,500,0,40,8,8.4211,2,0
arrivals_gt_departures,queueWeight,Queue Size Weight,9.4737,0,throughput,Network Throughput (Final),39609,45891,1.1586003181095206,400,160,5,500,0,40,8,9.4737,2,0
arrivals_gt_departures,queueWeight,Queue Size Weight,9.4737,0,totalVehiclesEntered,Total Vehicles Entered (Final),199064,199064,1,400,160,5,500,0,40,8,9.4737,2,0
arrivals_gt_departures,queueWeight,Queue Size Weight,9.4737,0,vehiclesInNetwork,Vehicles In Network (Final),159455,153173,0.9606033050076824,400,160,5,500,0,40,8,9.4737,2,0
arrivals_gt_departures,queueWeight,Queue Size Weight,9.4737,0,sumQueueSizes,Total Queue Size (Final),158247,150911,0.9536420911612858,400,160,5,500,0,40,8,9.4737,2,0
arrivals_gt_departures,queueWeight,Queue Size Weight,9.4737,0,sumAvgWaitTimes,Sum of Average Wait Times (Final),8436.12747449558,7496.370422684178,0.8886032655797922,400,160,5,500,0,40,8,9.4737,2,0
arrivals_gt_departures,queueWeight,Queue Size Weight,9.4737,0,sumTotalWaitTimes,Sum of Total Wait Times (Final),28873314,23711446,0.8212235699719125,400,160,5,500,0,40,8,9.4737,2,0
arrivals_gt_departures,queueWeight,Queue Size Weight,9.4737,0,sumStdTotalWaitTimes,Sum of Std Total Wait Times (Final),9027848.818411738,6532578.011802633,0.7236029471915664,400,160,5,500,0,40,8,9.4737,2,0
arrivals_gt_departures,queueWeight,Queue Size Weight,10.5263,0,throughput,Network Throughput (Final),39605,45733,1.1547279383916171,400,160,5,500,0,40,8,10.5263,2,0
arrivals_gt_departures,queueWeight,Queue Size Weight,10.5263,0,totalVehiclesEntered,Total Vehicles Entered (Final),199064,199064,1,400,160,5,500,0,40,8,10.5263,2,0
arrivals_gt_departures,queueWeight,Queue Size Weight,10.5263,0,vehiclesInNetwork,Vehicles In Network (Final),159459,153331,0.9615700587611863,400,160,5,500,0,40,8,10.5263,2,0
arrivals_gt_departures,queueWeight,Queue Size Weight,10.5263,0,sumQueueSizes,Total Queue Size (Final),158289,151082,0.9544693566830291,400,160,5,500,0,40,8,10.5263,2,0
arrivals_gt_departures,queueWeight,Queue Size Weight,10.5263,0,sumAvgWaitTimes,Sum of Average Wait Times (Final),8467.354865274909,7515.087821735332,0.8875366559343253,400,160,5,500,0,40,8,10.5263,2,0
arrivals_gt_departures,queueWeight,Queue Size Weight,10.5263,0,sumTotalWaitTimes,Sum of Total Wait Times (Final),28871669,23720910,0.8215981556175364,400,160,5,500,0,40,8,10.5263,2,0
arrivals_gt_departures,queueWeight,Queue Size Weight,10.5263,0,sumStdTotalWaitTimes,Sum of Std Total Wait Times (Final),9026104.85949491,6540358.307082711,0.72460473359144,400,160,5,500,0,40,8,10.5263,2,0
arrivals_gt_departures,queueWeight,Queue Size Weight,11.5789,0,throughput,Network Throughput (Final),39687,45925,1.1571799329755335,400,160,5,500,0,40,8,11.5789,2,0
arrivals_gt_departures,queueWeight,Queue Size Weight,11.5789,0,totalVehiclesEntered,Total Vehicles Entered (Final),199064,199064,1,400,160,5,500,0,40,8,11.5789,2,0
arrivals_gt_departures,queueWeight,Queue Size Weight,11.5789,0,vehiclesInNetwork,Vehicles In Network (Final),159377,153139,0.9608600990105223,400,160,5,500,0,40,8,11.5789,2,0
arrivals_gt_departures,queueWeight,Queue Size Weight,11.5789,0,sumQueueSizes,Total Queue Size (Final),158208,150880,0.9536812297734628,400,160,5,500,0,40,8,11.5789,2,0
arrivals_gt_departures,queueWeight,Queue Size Weight,11.5789,0,sumAvgWaitTimes,Sum of Average Wait Times (Final),8417.065557561247,7485.92689285838,0.8893749064522369,400,160,5,500,0,40,8,11.5789,2,0
arrivals_gt_departures,queueWeight,Queue Size Weight,11.5789,0,sumTotalWaitTimes,Sum of Total Wait Times (Final),28880035,23713989,0.8211205076448141,400,160,5,500,0,40,8,11.5789,2,0
arrivals_gt_departures,queueWeight,Queue Size Weight,11.5789,0,sumStdTotalWaitTimes,Sum of Std Total Wait Times (Final),9020745.487715766,6544462.584831434,0.7254902151649801,400,160,5,500,0,40,8,11.5789,2,0
arrivals_gt_departures,queueWeight,Queue Size Weight,12.6316,0,throughput,Network Throughput (Final),39470,45723,1.1584241195844946,400,160,5,500,0,40,8,12.6316,2,0
arrivals_gt_departures,queueWeight,Queue Size Weight,12.6316,0,totalVehiclesEntered,Total Vehicles Entered (Final),199064,199064,1,400,160,5,500,0,40,8,12.6316,2,0
arrivals_gt_departures,queueWeight,Queue Size Weight,12.6316,0,vehiclesInNetwork,Vehicles In Network (Final),159594,153341,0.9608193290474579,400,160,5,500,0,40,8,12.6316,2,0
arrivals_gt_departures,queueWeight,Queue Size Weight,12.6316,0,sumQueueSizes,Total Queue Size (Final),158416,151091,0.9537609837390163,400,160,5,500,0,40,8,12.6316,2,0
arrivals_gt_departures,queueWeight,Queue Size Weight,12.6316,0,sumAvgWaitTimes,Sum of Average Wait Times (Final),8476.143043690658,7514.287411862205,0.8865220151582477,400,160,5,500,0,40,8,12.6316,2,0
arrivals_gt_departures,queueWeight,Queue Size Weight,12.6316,0,sumTotalWaitTimes,Sum of Total Wait Times (Final),28892554,23726617,0.8212017878377937,400,160,5,500,0,40,8,12.6316,2,0
arrivals_gt_departures,queueWeight,Queue Size Weight,12.6316,0,sumStdTotalWaitTimes,Sum of Std Total Wait Times (Final),9024049.656810684,6539560.464523666,0.7246813474245557,400,160,5,500,0,40,8,12.6316,2,0
arrivals_gt_departures,queueWeight,Queue Size Weight,13.6842,0,throughput,Network Throughput (Final),39537,45732,1.1566886713711206,400,160,5,500,0,40,8,13.6842,2,0
arrivals_gt_departures,queueWeight,Queue Size Weight,13.6842,0,totalVehiclesEntered,Total Vehicles Entered (Final),199064,199064,1,400,160,5,500,0,40,8,13.6842,2,0
arrivals_gt_departures,queueWeight,Queue Size Weight,13.6842,0,vehiclesInNetwork,Vehicles In Network (Final),159527,153332,0.9611664483128248,400,160,5,500,0,40,8,13.6842,2,0
arrivals_gt_departures,queueWeight,Queue Size Weight,13.6842,0,sumQueueSizes,Total Queue Size (Final),158367,151032,0.9536835325541306,400,160,5,500,0,40,8,13.6842,2,0
arrivals_gt_departures,queueWeight,Queue Size Weight,13.6842,0,sumAvgWaitTimes,Sum of Average Wait Times (Final),8457.950647040725,7510.050561018986,0.8879279242007174,400,160,5,500,0,40,8,13.6842,2,0
arrivals_gt_departures,queueWeight,Queue Size Weight,13.6842,0,sumTotalWaitTimes,Sum of Total Wait Times (Final),28895434,23732853,0.8213357515239259,400,160,5,500,0,40,8,13.6842,2,0
arrivals_gt_departures,queueWeight,Queue Size Weight,13.6842,0,sumStdTotalWaitTimes,Sum of Std Total Wait Times (Final),9019250.876083378,6555658.650176806,0.7268517907136441,400,160,5,500,0,40,8,13.6842,2,0
arrivals_gt_departures,queueWeight,Queue Size Weight,14.7368,0,throughput,Network Throughput (Final),39713,45879,1.1552640193387556,400,160,5,500,0,40,8,14.7368,2,0
arrivals_gt_departures,queueWeight,Queue Size Weight,14.7368,0,totalVehiclesEntered,Total Vehicles Entered (Final),199064,199064,1,400,160,5,500,0,40,8,14.7368,2,0
arrivals_gt_departures,queueWeight,Queue Size Weight,14.7368,0,vehiclesInNetwork,Vehicles In Network (Final),159351,153185,0.9613055456194187,400,160,5,500,0,40,8,14.7368,2,0
arrivals_gt_departures,queueWeight,Queue Size Weight,14.7368,0,sumQueueSizes,Total Queue Size (Final),158174,150919,0.9541327904712532,400,160,5,500,0,40,8,14.7368,2,0
arrivals_gt_departures,queueWeight,Queue Size Weight,14.7368,0,sumAvgWaitTimes,Sum of Average Wait Times (Final),8435.76713630362,7544.040728908904,0.894292197379757,400,160,5,500,0,40,8,14.7368,2,0
arrivals_gt_departures,queueWeight,Queue Size Weight,14.7368,0,sumTotalWaitTimes,Sum of Total Wait Times (Final),28863582,23710378,0.821463462157954,400,160,5,500,0,40,8,14.7368,2,0
arrivals_gt_departures,queueWeight,Queue Size Weight,14.7368,0,sumStdTotalWaitTimes,Sum of Std Total Wait Times (Final),9023745.657754805,6563296.784152317,0.7273361897685987,400,160,5,500,0,40,8,14.7368,2,0
arrivals_gt_departures,queueWeight,Queue Size Weight,15.7895,0,throughput,Network Throughput (Final),39571,45593,1.1521821535973313,400,160,5,500,0,40,8,15.7895,2,0
arrivals_gt_departures,queueWeight,Queue Size Weight,15.7895,0,totalVehiclesEntered,Total Vehicles Entered (Final),199064,199064,1,400,160,5,500,0,40,8,15.7895,2,0
arrivals_gt_departures,queueWeight,Queue Size Weight,15.7895,0,vehiclesInNetwork,Vehicles In Network (Final),159493,153471,0.9622428570532876,400,160,5,500,0,40,8,15.7895,2,0
arrivals_gt_departures,queueWeight,Queue Size Weight,15.7895,0,sumQueueSizes,Total Queue Size (Final),158322,151205,0.9550473086494612,400,160,5,500,0,40,8,15.7895,2,0
arrivals_gt_departures,queueWeight,Queue Size Weight,15.7895,0,sumAvgWaitTimes,Sum of Average Wait Times (Final),8474.697191223047,7471.635119675699,0.8816403643794866,400,160,5,500,0,40,8,15.7895,2,0
arrivals_gt_departures,queueWeight,Queue Size Weight,15.7895,0,sumTotalWaitTimes,Sum of Total Wait Times (Final),28885653,23746221,0.8220766551477995,400,160,5,500,0,40,8,15.7895,2,0
arrivals_gt_departures,queueWeight,Queue Size Weight,15.7895,0,sumStdTotalWaitTimes,Sum of Std Total Wait Times (Final),9026014.554712385,6567487.104366534,0.7276176062598658,400,160,5,500,0,40,8,15.7895,2,0
arrivals_gt_departures,queueWeight,Queue Size Weight,16.8421,0,throughput,Network Throughput (Final),39554,45729,1.1561156899428628,400,160,5,500,0,40,8,16.8421,2,0
arrivals_gt_departures,queueWeight,Queue Size Weight,16.8421,0,totalVehiclesEntered,Total Vehicles Entered (Final),199064,199064,1,400,160,5,500,0,40,8,16.8421,2,0
arrivals_gt_departures,queueWeight,Queue Size Weight,16.8421,0,vehiclesInNetwork,Vehicles In Network (Final),159510,153335,0.9612876935615322,400,160,5,500,0,40,8,16.8421,2,0
arrivals_gt_departures,queueWeight,Queue Size Weight,16.8421,0,sumQueueSizes,Total Queue Size (Final),158332,150990,0.9536290831922795,400,160,5,500,0,40,8,16.8421,2,0
arrivals_gt_departures,queueWeight,Queue Size Weight,16.8421,0,sumAvgWaitTimes,Sum of Average Wait Times (Final),8457.544276497221,7460.351532847562,0.8820942922615527,400,160,5,500,0,40,8,16.8421,2,0
arrivals_gt_departures,queueWeight,Queue Size Weight,16.8421,0,sumTotalWaitTimes,Sum of Total Wait Times (Final),28893125,23748138,0.8219304073200805,400,160,5,500,0,40,8,16.8421,2,0
arrivals_gt_departures,queueWeight,Queue Size Weight,16.8421,0,sumStdTotalWaitTimes,Sum of Std Total Wait Times (Final),9016567.76496174,6577448.537826123,0.7294847340232942,400,160,5,500,0,40,8,16.8421,2,0
arrivals_gt_departures,queueWeight,Queue Size Weight,17.8947,0,throughput,Network Throughput (Final),39576,45633,1.1530473013947846,400,160,5,500,0,40,8,17.8947,2,0
arrivals_gt_departures,queueWeight,Queue Size Weight,17.8947,0,totalVehiclesEntered,Total Vehicles Entered (Final),199064,199064,1,400,160,5,500,0,40,8,17.8947,2,0
arrivals_gt_departures,queueWeight,Queue Size Weight,17.8947,0,vehiclesInNetwork,Vehicles In Network (Final),159488,153431,0.9620222211075441,400,160,5,500,0,40,8,17.8947,2,0
arrivals_gt_departures,queueWeight,Queue Size Weight,17.8947,0,sumQueueSizes,Total Queue Size (Final),158312,151136,0.9546717873566123,400,160,5,500,0,40,8,17.8947,2,0
arrivals_gt_departures,queueWeight,Queue Size Weight,17.8947,0,sumAvgWaitTimes,Sum of Average Wait Times (Final),8480.458802055735,7479.0663479664045,0.8819176559354802,400,160,5,500,0,40,8,17.8947,2,0
arrivals_gt_departures,queueWeight,Queue Size Weight,17.8947,0,sumTotalWaitTimes,Sum of Total Wait Times (Final),28905519,23766081,0.8221987295920893,400,160,5,500,0,40,8,17.8947,2,0
arrivals_gt_departures,queueWeight,Queue Size Weight,17.8947,0,sumStdTotalWaitTimes,Sum of Std Total Wait Times (Final),9019779.723093828,6569983.425771314,0.7283973253747906,400,160,5,500,0,40,8,17.8947,2,0
arrivals_gt_departures,queueWeight,Queue Size Weight,18.9474,0,throughput,Network Throughput (Final),39684,45922,1.1571918153411955,400,160,5,500,0,40,8,18.9474,2,0
arrivals_gt_departures,queueWeight,Queue Size Weight,18.9474,0,totalVehiclesEntered,Total Vehicles Entered (Final),199064,199064,1,400,160,5,500,0,40,8,18.9474,2,0
arrivals_gt_departures,queueWeight,Queue Size Weight,18.9474,0,vehiclesInNetwork,Vehicles In Network (Final),159380,153142,0.9608608357384867,400,160,5,500,0,40,8,18.9474,2,0
arrivals_gt_departures,queueWeight,Queue Size Weight,18.9474,0,sumQueueSizes,Total Queue Size (Final),158225,150788,0.9529973139516511,400,160,5,500,0,40,8,18.9474,2,0
arrivals_gt_departures,queueWeight,Queue Size Weight,18.9474,0,sumAvgWaitTimes,Sum of Average Wait Times (Final),8443.499985852033,7468.212356097962,0.8844924934697379,400,160,5,500,0,40,8,18.9474,2,0
arrivals_gt_departures,queueWeight,Queue Size Weight,18.9474,0,sumTotalWaitTimes,Sum of Total Wait Times (Final),28860855,23719902,0.8218710776239997,400,160,5,500,0,40,8,18.9474,2,0
arrivals_gt_departures,queueWeight,Queue Size Weight,18.9474,0,sumStdTotalWaitTimes,Sum of Std Total Wait Times (Final),9022913.965142425,6578957.421338621,0.7291388842622942,400,160,5,500,0,40,8,18.9474,2,0
arrivals_gt_departures,queueWeight,Queue Size Weight,20,0,throughput,Network Throughput (Final),39438,45545,1.1548506516557635,400,160,5,500,0,40,8,20,2,0
arrivals_gt_departures,queueWeight,Queue Size Weight,20,0,totalVehiclesEntered,Total Vehicles Entered (Final),199064,199064,1,400,160,5,500,0,40,8,20,2,0
arrivals_gt_departures,queueWeight,Queue Size Weight,20,0,vehiclesInNetwork,Vehicles In Network (Final),159626,153519,0.9617418215077744,400,160,5,500,0,40,8,20,2,0
arrivals_gt_departures,queueWeight,Queue Size Weight,20,0,sumQueueSizes,Total Queue Size (Final),158441,151225,0.9544562329195094,400,160,5,500,0,40,8,20,2,0
arrivals_gt_departures,queueWeight,Queue Size Weight,20,0,sumAvgWaitTimes,Sum of Average Wait Times (Final),8471.411570749415,7505.882135917,0.8860249644620913,400,160,5,500,0,40,8,20,2,0
arrivals_gt_departures,queueWeight,Queue Size Weight,20,0,sumTotalWaitTimes,Sum of Total Wait Times (Final),28929998,23777552,0.8218995383269643,400,160,5,500,0,40,8,20,2,0
arrivals_gt_departures,queueWeight,Queue Size Weight,20,0,sumStdTotalWaitTimes,Sum of Std Total Wait Times (Final),9013959.773722643,6573229.094237893,0.7292276934050748,400,160,5,500,0,40,8,20,2,0
arrivals_gt_departures,queueStdWeight,Queue Std Weight,0,0,throughput,Network Throughput (Final),39492,45286,1.1467132583814443,400,160,5,500,0,40,8,0,2,0
arrivals_gt_departures,queueStdWeight,Queue Std Weight,0,0,totalVehiclesEntered,Total Vehicles Entered (Final),199064,199064,1,400,160,5,500,0,40,8,0,2,0
arrivals_gt_departures,queueStdWeight,Queue Std Weight,0,0,vehiclesInNetwork,Vehicles In Network (Final),159572,153778,0.9636903717444163,400,160,5,500,0,40,8,0,2,0
arrivals_gt_departures,queueStdWeight,Queue Std Weight,0,0,sumQueueSizes,Total Queue Size (Final),158366,151494,0.9566068474293725,400,160,5,500,0,40,8,0,2,0
arrivals_gt_departures,queueStdWeight,Queue Std Weight,0,0,sumAvgWaitTimes,Sum of Average Wait Times (Final),8472.549373298949,7504.405633240224,0.8857317086743917,400,160,5,500,0,40,8,0,2,0
arrivals_gt_departures,queueStdWeight,Queue Std Weight,0,0,sumTotalWaitTimes,Sum of Total Wait Times (Final),28904361,23774664,0.8225286142807309,400,160,5,500,0,40,8,0,2,0
arrivals_gt_departures,queueStdWeight,Queue Std Weight,0,0,sumStdTotalWaitTimes,Sum of Std Total Wait Times (Final),9022083.736681774,6527861.427437514,0.723542544933017,400,160,5,500,0,40,8,0,2,0
arrivals_gt_departures,queueStdWeight,Queue Std Weight,1.0526,0,throughput,Network Throughput (Final),39698,45339,1.1420978386820495,400,160,5,500,0,40,8,1.0526,2,0
arrivals_gt_departures,queueStdWeight,Queue Std Weight,1.0526,0,totalVehiclesEntered,Total Vehicles Entered (Final),199064,199064,1,400,160,5,500,0,40,8,1.0526,2,0
arrivals_gt_departures,queueStdWeight,Queue Std Weight,1.0526,0,vehiclesInNetwork,Vehicles In Network (Final),159366,153725,0.9646034913344126,400,160,5,500,0,40,8,1.0526,2,0
arrivals_gt_departures,queueStdWeight,Queue Std Weight,1.0526,0,sumQueueSizes,Total Queue Size (Final),158184,151413,0.9571954179942346,400,160,5,500,0,40,8,1.0526,2,0
arrivals_gt_departures,queueStdWeight,Queue Std Weight,1.0526,0,sumAvgWaitTimes,Sum of Average Wait Times (Final),8426.521672440473,7570.017584203136,0.8983561519768479,400,160,5,500,0,40,8,1.0526,2,0
arrivals_gt_departures,queueStdWeight,Queue Std Weight,1.0526,0,sumTotalWaitTimes,Sum of Total Wait Times (Final),28883600,23745601,0.8221136215707183,400,160,5,500,0,40,8,1.0526,2,0
arrivals_gt_departures,queueStdWeight,Queue Std Weight,1.0526,0,sumStdTotalWaitTimes,Sum of Std Total Wait Times (Final),9021660.151977826,6497185.789094002,0.7201762956754272,400,160,5,500,0,40,8,1.0526,2,0
arrivals_gt_departures,queueStdWeight,Queue Std Weight,2.1053,0,throughput,Network Throughput (Final),39725,45295,1.1402139710509755,400,160,5,500,0,40,8,2.1053,2,0
arrivals_gt_departures,queueStdWeight,Queue Std Weight,2.1053,0,totalVehiclesEntered,Total Vehicles Entered (Final),199064,199064,1,400,160,5,500,0,40,8,2.1053,2,0
arrivals_gt_departures,queueStdWeight,Queue Std Weight,2.1053,0,vehiclesInNetwork,Vehicles In Network (Final),159339,153769,0.9650430842417739,400,160,5,500,0,40,8,2.1053,2,0
arrivals_gt_departures,queueStdWeight,Queue Std Weight,2.1053,0,sumQueueSizes,Total Queue Size (Final),158142,151433,0.9575761024901671,400,160,5,500,0,40,8,2.1053,2,0
arrivals_gt_departures,queueStdWeight,Queue Std Weight,2.1053,0,sumAvgWaitTimes,Sum of Average Wait Times (Final),8457.276997291576,7526.475537636071,0.8899407622626536,400,160,5,500,0,40,8,2.1053,2,0
arrivals_gt_departures,queueStdWeight,Queue Std Weight,2.1053,0,sumTotalWaitTimes,Sum of Total Wait Times (Final),28865714,23713703,0.8215179780413538,400,160,5,500,0,40,8,2.1053,2,0
arrivals_gt_departures,queueStdWeight,Queue Std Weight,2.1053,0,sumStdTotalWaitTimes,Sum of Std Total Wait Times (Final),9020272.011924425,6521061.057361113,0.7229339701441976,400,160,5,500,0,40,8,2.1053,2,0
arrivals_gt_departures,queueStdWeight,Queue Std Weight,3.1579,0,throughput,Network Throughput (Final),39625,45366,1.1448832807570979,400,160,5,500,0,40,8,3.1579,2,0
arrivals_gt_departures,queueStdWeight,Queue Std Weight,3.1579,0,totalVehiclesEntered,Total Vehicles Entered (Final),199064,199064,1,400,160,5,500,0,40,8,3.1579,2,0
arrivals_gt_departures,queueStdWeight,Queue Std Weight,3.1579,0,vehiclesInNetwork,Vehicles In Network (Final),159439,153698,0.9639924986985619,400,160,5,500,0,40,8,3.1579,2,0
arrivals_gt_departures,queueStdWeight,Queue Std Weight,3.1579,0,sumQueueSizes,Total Queue Size (Final),158210,151430,0.957145566019847,400,160,5,500,0,40,8,3.1579,2,0
arrivals_gt_departures,queueStdWeight,Queue Std Weight,3.1579,0,sumAvgWaitTimes,Sum of Average Wait Times (Final),8475.753456921073,7599.751638602119,0.8966461421074448,400,160,5,500,0,40,8,3.1579,2,0
arrivals_gt_departures,queueStdWeight,Queue Std Weight,3.1579,0,sumTotalWaitTimes,Sum of Total Wait Times (Final),28877412,23723413,0.8215214368933061,400,160,5,500,0,40,8,3.1579,2,0
arrivals_gt_departures,queueStdWeight,Queue Std Weight,3.1579,0,sumStdTotalWaitTimes,Sum of Std Total Wait Times (Final),9024250.804156262,6497910.509272035,0.7200498579094587,400,160,5,500,0,40,8,3.1579,2,0
arrivals_gt_departures,queueStdWeight,Queue Std Weight,4.2105,0,throughput,Network Throughput (Final),39460,45218,1.1459199189052205,400,160,5,500,0,40,8,4.2105,2,0
arrivals_gt_departures,queueStdWeight,Queue Std Weight,4.2105,0,totalVehiclesEntered,Total Vehicles Entered (Final),199064,199064,1,400,160,5,500,0,40,8,4.2105,2,0
arrivals_gt_departures,queueStdWeight,Queue Std Weight,4.2105,0,vehiclesInNetwork,Vehicles In Network (Final),159604,153846,0.9639232099446129,400,160,5,500,0,40,8,4.2105,2,0
arrivals_gt_departures,queueStdWeight,Queue Std Weight,4.2105,0,sumQueueSizes,Total Queue Size (Final),158406,151526,0.9565673017436208,400,160,5,500,0,40,8,4.2105,2,0
arrivals_gt_departures,queueStdWeight,Queue Std Weight,4.2105,0,sumAvgWaitTimes,Sum of Average Wait Times (Final),8487.965044587629,7550.156163757161,0.8895131075700573,400,160,5,500,0,40,8,4.2105,2,0
arrivals_gt_departures,queueStdWeight,Queue Std Weight,4.2105,0,sumTotalWaitTimes,Sum of Total Wait Times (Final),28909414,23749144,0.8215020892502353,400,160,5,500,0,40,8,4.2105,2,0
arrivals_gt_departures,queueStdWeight,Queue Std Weight,4.2105,0,sumStdTotalWaitTimes,Sum of Std Total Wait Times (Final),9022952.275517674,6519938.982598329,0.7225948651295798,400,160,5,500,0,40,8,4.2105,2,0
arrivals_gt_departures,queueStdWeight,Queue Std Weight,5.2632,0,throughput,Network Throughput (Final),39657,45215,1.1401518016995738,400,160,5,500,0,40,8,5.2632,2,0
arrivals_gt_departures,queueStdWeight,Queue Std Weight,5.2632,0,totalVehiclesEntered,Total Vehicles Entered (Final),199064,199064,1,400,160,5,500,0,40,8,5.2632,2,0
arrivals_gt_departures,queueStdWeight,Queue Std Weight,5.2632,0,vehiclesInNetwork,Vehicles In Network (Final),159407,153849,0.9651332752012145,400,160,5,500,0,40,8,5.2632,2,0
arrivals_gt_departures,queueStdWeight,Queue Std Weight,5.2632,0,sumQueueSizes,Total Queue Size (Final),158224,151577,0.9579899383152999,400,160,5,500,0,40,8,5.2632,2,0
arrivals_gt_departures,queueStdWeight,Queue Std Weight,5.2632,0,sumAvgWaitTimes,Sum of Average Wait Times (Final),8470.234553097149,7542.33264742114,0.8904514509180007,400,160,5,500,0,40,8,5.2632,2,0
arrivals_gt_departures,queueStdWeight,Queue Std Weight,5.2632,0,sumTotalWaitTimes,Sum of Total Wait Times (Final),28882372,23753188,0.8224112617897172,400,160,5,500,0,40,8,5.2632,2,0
arrivals_gt_departures,queueStdWeight,Queue Std Weight,5.2632,0,sumStdTotalWaitTimes,Sum of Std Total Wait Times (Final),9024379.195073243,6490944.865593311,0.7192677441055412,400,160,5,500,0,40,8,5.2632,2,0
arrivals_gt_departures,queueStdWeight,Queue Std Weight,6.3158,0,throughput,Network Throughput (Final),39584,45515,1.1498332659660468,400,160,5,500,0,40,8,6.3158,2,0
arrivals_gt_departures,queueStdWeight,Queue Std Weight,6.3158,0,totalVehiclesEntered,Total Vehicles Entered (Final),199064,199064,1,400,160,5,500,0,40,8,6.3158,2,0
arrivals_gt_departures,queueStdWeight,Queue Std Weight,6.3158,0,vehiclesInNetwork,Vehicles In Network (Final),159480,153549,0.9628103837471783,400,160,5,500,0,40,8,6.3158,2,0
arrivals_gt_departures,queueStdWeight,Queue Std Weight,6.3158,0,sumQueueSizes,Total Queue Size (Final),158238,151163,0.9552888686661863,400,160,5,500,0,40,8,6.3158,2,0
arrivals_gt_departures,queueStdWeight,Queue Std Weight,6.3158,0,sumAvgWaitTimes,Sum of Average Wait Times (Final),8469.53927394312,7536.527144220832,0.8898390928308535,400,160,5,500,0,40,8,6.3158,2,0
arrivals_gt_departures,queueStdWeight,Queue Std Weight,6.3158,0,sumTotalWaitTimes,Sum of Total Wait Times (Final),28873257,23694088,0.8206240120399302,400,160,5,500,0,40,8,6.3158,2,0
arrivals_gt_departures,queueStdWeight,Queue Std Weight,6.3158,0,sumStdTotalWaitTimes,Sum of Std Total Wait Times (Final),9021103.434790857,6507479.100918895,0.7213617655487798,400,160,5,500,0,40,8,6.3158,2,0
arrivals_gt_departures,queueStdWeight,Queue Std Weight,7.3684,0,throughput,Network Throughput (Final),39734,45302,1.1401318769819297,400,160,5,500,0,40,8,7.3684,2,0
arrivals_gt_departures,queueStdWeight,Queue Std Weight,7.3684,0,totalVehiclesEntered,Total Vehicles Entered (Final),199064,199064,1,400,160,5,500,0,40,8,7.3684,2,0
arrivals_gt_departures,queueStdWeight,Queue Std Weight,7.3684,0,vehiclesInNetwork,Vehicles In Network (Final),159330,153762,0.9650536622105065,400,160,5,500,0,40,8,7.3684,2,0
arrivals_gt_departures,queueStdWeight,Queue Std Weight,7.3684,0,sumQueueSizes,Total Queue Size (Final),158135,151468,0.9578398204066146,400,160,5,500,0,40,8,7.3684,2,0
arrivals_gt_departures,queueStdWeight,Queue Std Weight,7.3684,0,sumAvgWaitTimes,Sum of Average Wait Times (Final),8447.57366301559,7593.440031890283,0.8988900641535926,400,160,5,500,0,40,8,7.3684,2,0
arrivals_gt_departures,queueStdWeight,Queue Std Weight,7.3684,0,sumTotalWaitTimes,Sum of Total Wait Times (Final),28873040,23720226,0.821535453142447,400,160,5,500,0,40,8,7.3684,2,0
arrivals_gt_departures,queueStdWeight,Queue Std Weight,7.3684,0,sumStdTotalWaitTimes,Sum of Std Total Wait Times (Final),9021591.404320061,6488798.9931984665,0.7192521476966085,400,160,5,500,0,40,8,7.3684,2,0
arrivals_gt_departures,queueStdWeight,Queue Std Weight,8.4211,0,throughput,Network Throughput (Final),39585,45120,1.1398256915498295,400,160,5,500,0,40,8,8.4211,2,0
arrivals_gt_departures,queueStdWeight,Queue Std Weight,8.4211,0,totalVehiclesEntered,Total Vehicles Entered (Final),199064,199064,1,400,160,5,500,0,40,8,8.4211,2,0
arrivals_gt_departures,queueStdWeight,Queue Std Weight,8.4211,0,vehiclesInNetwork,Vehicles In Network (Final),159479,153944,0.9652932361000508,400,160,5,500,0,40,8,8.4211,2,0
arrivals_gt_departures,queueStdWeight,Queue Std Weight,8.4211,0,sumQueueSizes,Total Queue Size (Final),158305,151615,0.95773980607056,400,160,5,500,0,40,8,8.4211,2,0
arrivals_gt_departures,queueStdWeight,Queue Std Weight,8.4211,0,sumAvgWaitTimes,Sum of Average Wait Times (Final),8449.739190262344,7542.950494459053,0.8926844160056095,400,160,5,500,0,40,8,8.4211,2,0
arrivals_gt_departures,queueStdWeight,Queue Std Weight,8.4211,0,sumTotalWaitTimes,Sum of Total Wait Times (Final),28894171,23722649,0.8210185023131482,400,160,5,500,0,40,8,8.4211,2,0
arrivals_gt_departures,queueStdWeight,Queue Std Weight,8.4211,0,sumStdTotalWaitTimes,Sum of Std Total Wait Times (Final),9020429.653224006,6504207.479683801,0.7210529575339154,400,160,5,500,0,40,8,8.4211,2,0
arrivals_gt_departures,queueStdWeight,Queue Std Weight,9.4737,0,throughput,Network Throughput (Final),39581,45207,1.1421389050301913,400,160,5,500,0,40,8,9.4737,2,0
arrivals_gt_departures,queueStdWeight,Queue Std Weight,9.4737,0,totalVehiclesEntered,Total Vehicles Entered (Final),199064,199064,1,400,160,5,500,0,40,8,9.4737,2,0
arrivals_gt_departures,queueStdWeight,Queue Std Weight,9.4737,0,vehiclesInNetwork,Vehicles In Network (Final),159483,153857,0.9647235128508995,400,160,5,500,0,40,8,9.4737,2,0
arrivals_gt_departures,queueStdWeight,Queue Std Weight,9.4737,0,sumQueueSizes,Total Queue Size (Final),158287,151537,0.9573559420546223,400,160,5,500,0,40,8,9.4737,2,0
arrivals_gt_departures,queueStdWeight,Queue Std Weight,9.4737,0,sumAvgWaitTimes,Sum of Average Wait Times (Final),8480.157591535346,7558.7453374840425,0.8913449138054897,400,160,5,500,0,40,8,9.4737,2,0
arrivals_gt_departures,queueStdWeight,Queue Std Weight,9.4737,0,sumTotalWaitTimes,Sum of Total Wait Times (Final),28885371,23719045,0.8211438585988735,400,160,5,500,0,40,8,9.4737,2,0
arrivals_gt_departures,queueStdWeight,Queue Std Weight,9.4737,0,sumStdTotalWaitTimes,Sum of Std Total Wait Times (Final),9017267.167410672,6497063.233833069,0.7205135561818687,400,160,5,500,0,40,8,9.4737,2,0
arrivals_gt_departures,queueStdWeight,Queue Std Weight,10.5263,0,throughput,Network Throughput (Final),39657,45063,1.1363189348664802,400,160,5,500,0,40,8,10.5263,2,0
arrivals_gt_departures,queueStdWeight,Queue Std Weight,10.5263,0,totalVehiclesEntered,Total Vehicles Entered (Final),199064,199064,1,400,160,5,500,0,40,8,10.5263,2,0
arrivals_gt_departures,queueStdWeight,Queue Std Weight,10.5263,0,vehiclesInNetwork,Vehicles In Network (Final),159407,154001,0.9660868092367336,400,160,5,500,0,40,8,10.5263,2,0
arrivals_gt_departures,queueStdWeight,Queue Std Weight,10.5263,0,sumQueueSizes,Total Queue Size (Final),158161,151624,0.9586686983516797,400,160,5,500,0,40,8,10.5263,2,0
arrivals_gt_departures,queueStdWeight,Queue Std Weight,10.5263,0,sumAvgWaitTimes,Sum of Average Wait Times (Final),8463.560802956525,7536.573973080384,0.8904731883591689,400,160,5,500,0,40,8,10.5263,2,0
arrivals_gt_departures,queueStdWeight,Queue Std Weight,10.5263,0,sumTotalWaitTimes,Sum of Total Wait Times (Final),28878869,23718778,0.8213194914246815,400,160,5,500,0,40,8,10.5263,2,0
arrivals_gt_departures,queueStdWeight,Queue Std Weight,10.5263,0,sumStdTotalWaitTimes,Sum of Std Total Wait Times (Final),9023218.003242537,6494775.111993036,0.7197847940345792,400,160,5,500,0,40,8,10.5263,2,0
arrivals_gt_departures,queueStdWeight,Queue Std Weight,11.5789,0,throughput,Network Throughput (Final),39498,45021,1.1398298648032812,400,160,5,500,0,40,8,11.5789,2,0
arrivals_gt_departures,queueStdWeight,Queue Std Weight,11.5789,0,totalVehiclesEntered,Total Vehicles Entered (Final),199064,199064,1,400,160,5,500,0,40,8,11.5789,2,0
arrivals_gt_departures,queueStdWeight,Queue Std Weight,11.5789,0,vehiclesInNetwork,Vehicles In Network (Final),159566,154043,0.9653873632227417,400,160,5,500,0,40,8,11.5789,2,0
arrivals_gt_departures,queueStdWeight,Queue Std Weight,11.5789,0,sumQueueSizes,Total Queue Size (Final),158370,151731,0.9580791816631938,400,160,5,500,0,40,8,11.5789,2,0
arrivals_gt_departures,queueStdWeight,Queue Std Weight,11.5789,0,sumAvgWaitTimes,Sum of Average Wait Times (Final),8499.666926477279,7569.550886446621,0.8905702955096679,400,160,5,500,0,40,8,11.5789,2,0
arrivals_gt_departures,queueStdWeight,Queue Std Weight,11.5789,0,sumTotalWaitTimes,Sum of Total Wait Times (Final),28902364,23727638,0.8209583825046284,400,160,5,500,0,40,8,11.5789,2,0
arrivals_gt_departures,queueStdWeight,Queue Std Weight,11.5789,0,sumStdTotalWaitTimes,Sum of Std Total Wait Times (Final),9014422.65359679,6486498.262618041,0.7195689077247672,400,160,5,500,0,40,8,11.5789,2,0
arrivals_gt_departures,queueStdWeight,Queue Std Weight,12.6316,0,throughput,Network Throughput (Final),39492,45149,1.1432442013572368,400,160,5,500,0,40,8,12.6316,2,0
arrivals_gt_departures,queueStdWeight,Queue Std Weight,12.6316,0,totalVehiclesEntered,Total Vehicles Entered (Final),199064,199064,1,400,160,5,500,0,40,8,12.6316,2,0
arrivals_gt_departures,queueStdWeight,Queue Std Weight,12.6316,0,vehiclesInNetwork,Vehicles In Network (Final),159572,153915,0.964548918356604,400,160,5,500,0,40,8,12.6316,2,0
arrivals_gt_departures,queueStdWeight,Queue Std Weight,12.6316,0,sumQueueSizes,Total Queue Size (Final),158398,151640,0.9573353198904027,400,160,5,500,0,40,8,12.6316,2,0
arrivals_gt_departures,queueStdWeight,Queue Std Weight,12.6316,0,sumAvgWaitTimes,Sum of Average Wait Times (Final),8454.984698008779,7530.116096046887,0.8906126226130597,400,160,5,500,0,40,8,12.6316,2,0
arrivals_gt_departures,queueStdWeight,Queue Std Weight,12.6316,0,sumTotalWaitTimes,Sum of Total Wait Times (Final),28905190,23704473,0.820076705947963,400,160,5,500,0,40,8,12.6316,2,0
arrivals_gt_departures,queueStdWeight,Queue Std Weight,12.6316,0,sumStdTotalWaitTimes,Sum of Std Total Wait Times (Final),9020840.83730097,6492542.362573736,0.7197269611195469,400,160,5,500,0,40,8,12.6316,2,0
arrivals_gt_departures,queueStdWeight,Queue Std Weight,13.6842,0,throughput,Network Throughput (Final),39591,44891,1.1338688085676039,400,160,5,500,0,40,8,13.6842,2,0
arrivals_gt_departures,queueStdWeight,Queue Std Weight,13.6842,0,totalVehiclesEntered,Total Vehicles Entered (Final),199064,199064,1,400,160,5,500,0,40,8,13.6842,2,0
arrivals_gt_departures,queueStdWeight,Queue Std Weight,13.6842,0,vehiclesInNetwork,Vehicles In Network (Final),159473,154173,0.9667655339775385,400,160,5,500,0,40,8,13.6842,2,0
arrivals_gt_departures,queueStdWeight,Queue Std Weight,13.6842,0,sumQueueSizes,Total Queue Size (Final),158295,151762,0.958728955431315,400,160,5,500,0,40,8,13.6842,2,0
arrivals_gt_departures,queueStdWeight,Queue Std Weight,13.6842,0,sumAvgWaitTimes,Sum of Average Wait Times (Final),8498.185360595788,7594.686800847704,0.8936833545738591,400,160,5,500,0,40,8,13.6842,2,0
arrivals_gt_departures,queueStdWeight,Queue Std Weight,13.6842,0,sumTotalWaitTimes,Sum of Total Wait Times (Final),28878924,23728627,0.8216589717816356,400,160,5,500,0,40,8,13.6842,2,0
arrivals_gt_departures,queueStdWeight,Queue Std Weight,13.6842,0,sumStdTotalWaitTimes,Sum of Std Total Wait Times (Final),9023967.723873802,6491694.951951955,0.7193836625520649,400,160,5,500,0,40,8,13.6842,2,0
arrivals_gt_departures,queueStdWeight,Queue Std Weight,14.7368,0,throughput,Network Throughput (Final),39650,45051,1.1362168978562421,400,160,5,500,0,40,8,14.7368,2,0
arrivals_gt_departures,queueStdWeight,Queue Std Weight,14.7368,0,totalVehiclesEntered,Total Vehicles Entered (Final),199064,199064,1,400,160,5,500,0,40,8,14.7368,2,0
arrivals_gt_departures,queueStdWeight,Queue Std Weight,14.7368,0,vehiclesInNetwork,Vehicles In Network (Final),159414,154013,0.9661196632667144,400,160,5,500,0,40,8,14.7368,2,0
arrivals_gt_departures,queueStdWeight,Queue Std Weight,14.7368,0,sumQueueSizes,Total Queue Size (Final),158228,151724,0.9588947594610309,400,160,5,500,0,40,8,14.7368,2,0
arrivals_gt_departures,queueStdWeight,Queue Std Weight,14.7368,0,sumAvgWaitTimes,Sum of Average Wait Times (Final),8476.5579310777,7601.425638267562,0.8967585310068336,400,160,5,500,0,40,8,14.7368,2,0
arrivals_gt_departures,queueStdWeight,Queue Std Weight,14.7368,0,sumTotalWaitTimes,Sum of Total Wait Times (Final),28850533,23691089,0.8211664235111358,400,160,5,500,0,40,8,14.7368,2,0
arrivals_gt_departures,queueStdWeight,Queue Std Weight,14.7368,0,sumStdTotalWaitTimes,Sum of Std Total Wait Times (Final),9029058.110224323,6474894.2639954835,0.7171173543188789,400,160,5,500,0,40,8,14.7368,2,0
arrivals_gt_departures,queueStdWeight,Queue Std Weight,15.7895,0,throughput,Network Throughput (Final),39625,44677,1.1274952681388013,400,160,5,500,0,40,8,15.7895,2,0
arrivals_gt_departures,queueStdWeight,Queue Std Weight,15.7895,0,totalVehiclesEntered,Total Vehicles Entered (Final),199064,199064,1,400,160,5,500,0,40,8,15.7895,2,0
arrivals_gt_departures,queueStdWeight,Queue Std Weight,15.7895,0,vehiclesInNetwork,Vehicles In Network (Final),159439,154387,0.9683139006140279,400,160,5,500,0,40,8,15.7895,2,0
arrivals_gt_departures,queueStdWeight,Queue Std Weight,15.7895,0,sumQueueSizes,Total Queue Size (Final),158226,152072,0.9611062657211836,400,160,5,500,0,40,8,15.7895,2,0
arrivals_gt_departures,queueStdWeight,Queue Std Weight,15.7895,0,sumAvgWaitTimes,Sum of Average Wait Times (Final),8439.749320254861,7649.430239932364,0.9063575172279369,400,160,5,500,0,40,8,15.7895,2,0
arrivals_gt_departures,queueStdWeight,Queue Std Weight,15.7895,0,sumTotalWaitTimes,Sum of Total Wait Times (Final),28892143,23737507,0.8215903887780148,400,160,5,500,0,40,8,15.7895,2,0
arrivals_gt_departures,queueStdWeight,Queue Std Weight,15.7895,0,sumStdTotalWaitTimes,Sum of Std Total Wait Times (Final),9022058.506540714,6471433.946784305,0.7172901774126953,400,160,5,500,0,40,8,15.7895,2,0
arrivals_gt_departures,queueStdWeight,Queue Std Weight,16.8421,0,throughput,Network Throughput (Final),39482,44608,1.1298313155361936,400,160,5,500,0,40,8,16.8421,2,0
arrivals_gt_departures,queueStdWeight,Queue Std Weight,16.8421,0,totalVehiclesEntered,Total Vehicles Entered (Final),199064,199064,1,400,160,5,500,0,40,8,16.8421,2,0
arrivals_gt_departures,queueStdWeight,Queue Std Weight,16.8421,0,vehiclesInNetwork,Vehicles In Network (Final),159582,154456,0.9678785827975587,400,160,5,500,0,40,8,16.8421,2,0
arrivals_gt_departures,queueStdWeight,Queue Std Weight,16.8421,0,sumQueueSizes,Total Queue Size (Final),158382,152146,0.9606268389084618,400,160,5,500,0,40,8,16.8421,2,0
arrivals_gt_departures,queueStdWeight,Queue Std Weight,16.8421,0,sumAvgWaitTimes,Sum of Average Wait Times (Final),8453.21819433521,7585.212973000739,0.8973165957178119,400,160,5,500,0,40,8,16.8421,2,0
arrivals_gt_departures,queueStdWeight,Queue Std Weight,16.8421,0,sumTotalWaitTimes,Sum of Total Wait Times (Final),28909529,23747491,0.8214416429959824,400,160,5,500,0,40,8,16.8421,2,0
arrivals_gt_departures,queueStdWeight,Queue Std Weight,16.8421,0,sumStdTotalWaitTimes,Sum of Std Total Wait Times (Final),9018866.997757647,6469782.644158588,0.7173609108291722,400,160,5,500,0,40,8,16.8421,2,0
arrivals_gt_departures,queueStdWeight,Queue Std Weight,17.8947,0,throughput,Network Throughput (Final),39641,44964,1.1342801644761737,400,160,5,500,0,40,8,17.8947,2,0
arrivals_gt_departures,queueStdWeight,Queue Std Weight,17.8947,0,totalVehiclesEntered,Total Vehicles Entered (Final),199064,199064,1,400,160,5,500,0,40,8,17.8947,2,0
arrivals_gt_departures,queueStdWeight,Queue Std Weight,17.8947,0,vehiclesInNetwork,Vehicles In Network (Final),159423,154100,0.9666108403429869,400,160,5,500,0,40,8,17.8947,2,0
arrivals_gt_departures,queueStdWeight,Queue Std Weight,17.8947,0,sumQueueSizes,Total Queue Size (Final),158193,151774,0.9594229833178459,400,160,5,500,0,40,8,17.8947,2,0
arrivals_gt_departures,queueStdWeight,Queue Std Weight,17.8947,0,sumAvgWaitTimes,Sum of Average Wait Times (Final),8457.183950466057,7567.415845123492,0.8947914446990913,400,160,5,500,0,40,8,17.8947,2,0
arrivals_gt_departures,queueStdWeight,Queue Std Weight,17.8947,0,sumTotalWaitTimes,Sum of Total Wait Times (Final),28872976,23702359,0.820918460223844,400,160,5,500,0,40,8,17.8947,2,0
arrivals_gt_departures,queueStdWeight,Queue Std Weight,17.8947,0,sumStdTotalWaitTimes,Sum of Std Total Wait Times (Final),9020855.508664746,6473426.324000567,0.7176066968130337,400,160,5,500,0,40,8,17.8947,2,0
arrivals_gt_departures,queueStdWeight,Queue Std Weight,18.9474,0,throughput,Network Throughput (Final),39540,44872,1.134850784016186,400,160,5,500,0,40,8,18.9474,2,0
arrivals_gt_departures,queueStdWeight,Queue Std Weight,18.9474,0,totalVehiclesEntered,Total Vehicles Entered (Final),199064,199064,1,400,160,5,500,0,40,8,18.9474,2,0
arrivals_gt_departures,queueStdWeight,Queue Std Weight,18.9474,0,vehiclesInNetwork,Vehicles In Network (Final),159524,154192,0.966575562297836,400,160,5,500,0,40,8,18.9474,2,0
arrivals_gt_departures,queueStdWeight,Queue Std Weight,18.9474,0,sumQueueSizes,Total Queue Size (Final),158355,151816,0.9587067032932336,400,160,5,500,0,40,8,18.9474,2,0
arrivals_gt_departures,queueStdWeight,Queue Std Weight,18.9474,0,sumAvgWaitTimes,Sum of Average Wait Times (Final),8476.354291733676,7580.596638075646,0.8943227686304249,400,160,5,500,0,40,8,18.9474,2,0
arrivals_gt_departures,queueStdWeight,Queue Std Weight,18.9474,0,sumTotalWaitTimes,Sum of Total Wait Times (Final),28896937,23709199,0.8204744675880353,400,160,5,500,0,40,8,18.9474,2,0
arrivals_gt_departures,queueStdWeight,Queue Std Weight,18.9474,0,sumStdTotalWaitTimes,Sum of Std Total Wait Times (Final),9020788.118464418,6471070.337727012,0.7173508847283028,400,160,5,500,0,40,8,18.9474,2,0
arrivals_gt_departures,queueStdWeight,Queue Std Weight,20,0,throughput,Network Throughput (Final),39547,44703,1.1303765140212911,400,160,5,500,0,40,8,20,2,0
arrivals_gt_departures,queueStdWeight,Queue Std Weight,20,0,totalVehiclesEntered,Total Vehicles Entered (Final),199064,199064,1,400,160,5,500,0,40,8,20,2,0
arrivals_gt_departures,queueStdWeight,Queue Std Weight,20,0,vehiclesInNetwork,Vehicles In Network (Final),159517,154361,0.9676774262304331,400,160,5,500,0,40,8,20,2,0
arrivals_gt_departures,queueStdWeight,Queue Std Weight,20,0,sumQueueSizes,Total Queue Size (Final),158334,152076,0.960475955890712,400,160,5,500,0,40,8,20,2,0
arrivals_gt_departures,queueStdWeight,Queue Std Weight,20,0,sumAvgWaitTimes,Sum of Average Wait Times (Final),8473.927364171806,7637.160895221547,0.9012539955808272,400,160,5,500,0,40,8,20,2,0
arrivals_gt_departures,queueStdWeight,Queue Std Weight,20,0,sumTotalWaitTimes,Sum of Total Wait Times (Final),28899462,23739587,0.8214542886646126,400,160,5,500,0,40,8,20,2,0
arrivals_gt_departures,queueStdWeight,Queue Std Weight,20,0,sumStdTotalWaitTimes,Sum of Std Total Wait Times (Final),9018548.210871868,6462292.420628128,0.7165557326441775,400,160,5,500,0,40,8,20,2,0